line_id	chapter	chapter_title	scene	route	order	speaker	kind	display_text	context_before	context_after	speech_text	translation_status	translation_note	pronunciation_note	source_fingerprint	source_revision
s01_intro2	prologue	序章 · 蓝色来电	S01		2	成田基生	dialogue	……又到傍晚了啊。	s01_intro | 旁白 | 都内某处老旧公寓的一间出租屋。窗帘未拉严，橘灰色夕阳从缝隙切入，照亮缓慢浮动的灰尘。六叠大的房间里，床垫直接铺在地上；墙角堆着没拆封的便利店饭团与叠到第三层的工作制服；墙面发霉的水痕像年轮	s01_intro3 | 系统 | 一部十年前购买的翻盖手机摊开在床头。转轴缠着透明胶带，外壳布满划痕	……もう夕方か。	draft	AI 批量翻译初稿，需人工校对角色口吻与专名。		ba8ad9b36d36c938917477b3e5d78e61a82fff6a89f3912f067212ff9029d0a7	707ba1c82dcdb9307ae9b809b15746a0585a5bda61f67b7ba74149f40b97fa8f
review_815b6be0-12e6-41d8-8f1b-676b70e1965c	prologue	序章 · 蓝色来电	S01		5	成田基生	dialogue	爱理……	s01_photo | 旁白 | 最后一封邮件附着一张2009年的海边合影。爱理坐在沙滩上比着不熟练的剪刀手，少年基生表情僵硬，耳朵却是红的。	s02a | 旁白 | 手机突然震动，屏幕跳出主管来电。老旧单调和弦响起，和刚才安静的文字界面格格不入，基生肩膀轻轻一抖。	愛理……	draft	AI 批量翻译初稿，需人工校对角色口吻与专名。		851daa87eae83798f77abfead74f1da694763315a7336279ae8066bc90047ac3	707ba1c82dcdb9307ae9b809b15746a0585a5bda61f67b7ba74149f40b97fa8f
s02a2	prologue	序章 · 蓝色来电	S02		7	成田基生	dialogue	……你好。	s02a | 旁白 | 手机突然震动，屏幕跳出主管来电。老旧单调和弦响起，和刚才安静的文字界面格格不入，基生肩膀轻轻一抖。	s02b | 主管 | 啊——终于打通了。成田、你今天有排班的，你记得吗？你已经迟到好久了、又睡过头了吗？	……もしもし。	draft	AI 批量翻译初稿，需人工校对角色口吻与专名。		ba1360f1f75dce350c4eab4f2304cd9e374518cc7cbfa014baf734eae57cf6ba	707ba1c82dcdb9307ae9b809b15746a0585a5bda61f67b7ba74149f40b97fa8f
s02b	prologue	序章 · 蓝色来电	S02		8	主管	dialogue	啊——终于打通了。成田、你今天有排班的，你记得吗？你已经迟到好久了、又睡过头了吗？	s02a2 | 成田基生 | ……你好。	s02b2 | 成田基生 | 啊、是的……非常抱歉。	ああ、やっとつながった。成田、今日シフト入ってるの、覚えてる？ もうずいぶん遅刻してるけど、また寝坊したのか？	draft	AI 批量翻译初稿，需人工校对角色口吻与专名。		861c934dc8a6d807c9c58fd2d0592ab34149aa2fe6a35218a665f6027f067286	707ba1c82dcdb9307ae9b809b15746a0585a5bda61f67b7ba74149f40b97fa8f
s02b2	prologue	序章 · 蓝色来电	S02		9	成田基生	dialogue	啊、是的……非常抱歉。	s02b | 主管 | 啊——终于打通了。成田、你今天有排班的，你记得吗？你已经迟到好久了、又睡过头了吗？	s02c | 主管 | 不是你道歉也没用啊。现在人手不足，你要是不能马上来，我们很困扰的啊。你知道你现在给其他员工添了很多麻烦吗？	あ、はい……本当にすみません。	draft	AI 批量翻译初稿，需人工校对角色口吻与专名。		a4557bd8277bbc3d22630d4af800a27cc8715890bcf0ea753a80bca85b26b0f8	707ba1c82dcdb9307ae9b809b15746a0585a5bda61f67b7ba74149f40b97fa8f
s02c	prologue	序章 · 蓝色来电	S02		10	主管	dialogue	不是你道歉也没用啊。现在人手不足，你要是不能马上来，我们很困扰的啊。你知道你现在给其他员工添了很多麻烦吗？	s02b2 | 成田基生 | 啊、是的……非常抱歉。	s02d | 成田基生 | ……	謝れば済むって話じゃないんだよ。今は人手が足りないんだ。すぐ来られないなら、こっちも困るんだよ。今、ほかの従業員にどれだけ迷惑をかけてるか、分かってる？	draft	AI 批量翻译初稿，需人工校对角色口吻与专名。		5e60e0715b84d36620928b0f022d0beef6ddda020f6aa5f2218b8390843b4436	707ba1c82dcdb9307ae9b809b15746a0585a5bda61f67b7ba74149f40b97fa8f
s02d	prologue	序章 · 蓝色来电	S02		11	成田基生	dialogue	……	s02c | 主管 | 不是你道歉也没用啊。现在人手不足，你要是不能马上来，我们很困扰的啊。你知道你现在给其他员工添了很多麻烦吗？	s02e | 主管 | ……请问、你在听吗？你都已经28了，已经不是学生了吧，不能再这样任意妄为了。下次再这样，我们真的要辞退你了。	……	draft	AI 批量翻译初稿，需人工校对角色口吻与专名。		3f28a972a4e65ad1a59dd9c95a83f19c5f9d8927886a9f615c708aaf0b559d69	707ba1c82dcdb9307ae9b809b15746a0585a5bda61f67b7ba74149f40b97fa8f
s02e	prologue	序章 · 蓝色来电	S02		12	主管	dialogue	……请问、你在听吗？你都已经28了，已经不是学生了吧，不能再这样任意妄为了。下次再这样，我们真的要辞退你了。	s02d | 成田基生 | ……	s02f | 成田基生 | ……我、今天就辞职。	……あの、聞いてる？ もう二十八なんだから、学生じゃないんだよ。いつまでもそんな勝手なことをされちゃ困る。次もこうなら、本当に辞めてもらうから。	draft	AI 批量翻译初稿，需人工校对角色口吻与专名。		cebd7a22f1958ab7d77a655830544ebc41b822bb58b2256fcd920e3677874689	707ba1c82dcdb9307ae9b809b15746a0585a5bda61f67b7ba74149f40b97fa8f
s02f	prologue	序章 · 蓝色来电	S02		13	成田基生	dialogue	……我、今天就辞职。	s02e | 主管 | ……请问、你在听吗？你都已经28了，已经不是学生了吧，不能再这样任意妄为了。下次再这样，我们真的要辞退你了。	s02f2 | 主管 | 哈？等下——	……僕、今日で辞めます。	draft	AI 批量翻译初稿，需人工校对角色口吻与专名。		b5b370d1cbe8a4e24442cf30034e9be3f4e48c84d8c56823fcda7b5db6c5a35e	707ba1c82dcdb9307ae9b809b15746a0585a5bda61f67b7ba74149f40b97fa8f
s02f2	prologue	序章 · 蓝色来电	S02		14	主管	dialogue	哈？等下——	s02f | 成田基生 | ……我、今天就辞职。	s02g | 旁白 | 基生按下挂机键，忙音只响半声便被掐断。房间里重新只剩老旧风扇的声音——叶片每转一圈，发出“咔”的一声轻响。	は？ ちょっと待っ——	draft	AI 批量翻译初稿，需人工校对角色口吻与专名。		057b3ffd33fd0ba6ea8e38153d0421e6e9a009febf27a031f2977454d4cbe1dd	707ba1c82dcdb9307ae9b809b15746a0585a5bda61f67b7ba74149f40b97fa8f
s02h	prologue	序章 · 蓝色来电	S02		16	成田基生	dialogue	“都已经28了”啊……	s02g | 旁白 | 基生按下挂机键，忙音只响半声便被掐断。房间里重新只剩老旧风扇的声音——叶片每转一圈，发出“咔”的一声轻响。	s03a | 基生 | 十年前、高中毕业之后，我去了附近的大学。我没什么想做的事情，也无法融入他人之中。大二开始，我就没再去学校，然后直接退学了。	『もう二十八』、か……	draft	AI 批量翻译初稿，需人工校对角色口吻与专名。		5d8d1ae6b4e852717c97ef28e7ab476f5b89b9c0670b98f0e474a7eba88c17c3	707ba1c82dcdb9307ae9b809b15746a0585a5bda61f67b7ba74149f40b97fa8f
s03a	prologue	序章 · 蓝色来电	S03		17	基生	dialogue	十年前、高中毕业之后，我去了附近的大学。我没什么想做的事情，也无法融入他人之中。大二开始，我就没再去学校，然后直接退学了。	s02h | 成田基生 | “都已经28了”啊……	s03a2 | 基生 | 那之后我就一直四处打工，让自己起码不会饿死。如果呆不下去了，就辞职。一直重复着这样的生活。	十年前、高校を卒業したあと、近くの大学に進んだ。やりたいことなんて何もなかったし、人の輪にも入れなかった。二年になってからは大学にも行かなくなって、そのまま中退した。	draft	AI 批量翻译初稿，需人工校对角色口吻与专名。		6a54bc6febda72829dc1abcef83f40ce4babccecaf083e5dc86353f9338c9bd9	707ba1c82dcdb9307ae9b809b15746a0585a5bda61f67b7ba74149f40b97fa8f
s03a2	prologue	序章 · 蓝色来电	S03		18	基生	dialogue	那之后我就一直四处打工，让自己起码不会饿死。如果呆不下去了，就辞职。一直重复着这样的生活。	s03a | 基生 | 十年前、高中毕业之后，我去了附近的大学。我没什么想做的事情，也无法融入他人之中。大二开始，我就没再去学校，然后直接退学了。	s03_family | 基生 | 对我来说早已不存在什么能称之为朋友的人了。连家人也早就……进了大学以后，爸爸和妈妈再也没有联系过我。	それからは、飢え死にだけはしないように、あちこちでバイトをしてきた。居づらくなれば辞める。そんな暮らしを、ずっと繰り返していた。	draft	AI 批量翻译初稿，需人工校对角色口吻与专名。		c4c7a674c1f8f9e1076dd6fecc272d22d95baa2bb8e8041c0dc5e0f01497261b	707ba1c82dcdb9307ae9b809b15746a0585a5bda61f67b7ba74149f40b97fa8f
s03_family	prologue	序章 · 蓝色来电	S03		19	基生	dialogue	对我来说早已不存在什么能称之为朋友的人了。连家人也早就……进了大学以后，爸爸和妈妈再也没有联系过我。	s03a2 | 基生 | 那之后我就一直四处打工，让自己起码不会饿死。如果呆不下去了，就辞职。一直重复着这样的生活。	s03_bankbook | 旁白 | 一本银行存折上，大学入学后每月固定入账60,000日元，备注栏一片空白。	僕にはもう、友達と呼べる人なんていなかった。家族だって、とっくに……大学に入ってから、父さんも母さんも一度も連絡をくれなかった。	draft	AI 批量翻译初稿，需人工校对角色口吻与专名。		06330f281b921759f57a221549935ad47a615040e20035a2e087549c20a2b175	707ba1c82dcdb9307ae9b809b15746a0585a5bda61f67b7ba74149f40b97fa8f
s03_family2	prologue	序章 · 蓝色来电	S03		21	成田基生	dialogue	只剩下每个月若无其事汇入我账户的6万日元。	s03_bankbook | 旁白 | 一本银行存折上，大学入学后每月固定入账60,000日元，备注栏一片空白。	s04a | 成田基生 | ……都删掉吧。	残ったのは、何事もなかったみたいに毎月口座へ振り込まれる六万円だけだ。	draft	AI 批量翻译初稿，需人工校对角色口吻与专名。		37bfdee1939183a817f8ce04d61f1ccfccb858c007a81d9ed664362af0b7e99d	707ba1c82dcdb9307ae9b809b15746a0585a5bda61f67b7ba74149f40b97fa8f
s04a	prologue	序章 · 蓝色来电	S04		22	成田基生	dialogue	……都删掉吧。	s03_family2 | 成田基生 | 只剩下每个月若无其事汇入我账户的6万日元。	s04_sent | 成田基生 | ……嗯。今天也是，发送失败。	……全部、消そう。	draft	AI 批量翻译初稿，需人工校对角色口吻与专名。		44597c399ee84c1004776cec2327b3594899b0ebe0f322ec43f2e747a2314c51	707ba1c82dcdb9307ae9b809b15746a0585a5bda61f67b7ba74149f40b97fa8f
s04_sent	prologue	序章 · 蓝色来电	S04		23	成田基生	dialogue	……嗯。今天也是，发送失败。	s04a | 成田基生 | ……都删掉吧。	s04_cycle1 | 基生 | 高中毕业以后，我就再也没能和她联系上。不知道从什么时候开始，我每天都会给爱理发这些无法发送成功的邮件。甚至每天，我都会等系统提示我发送失败。就这样，一遍，又一遍。	……うん。今日も、送信失敗。	draft	AI 批量翻译初稿，需人工校对角色口吻与专名。		e61e72cdfbb4645ae0dffaeb8a26794c82cbc7bb2a0f05eae6dbf48222536d20	707ba1c82dcdb9307ae9b809b15746a0585a5bda61f67b7ba74149f40b97fa8f
s04_cycle1	prologue	序章 · 蓝色来电	S04		24	基生	dialogue	高中毕业以后，我就再也没能和她联系上。不知道从什么时候开始，我每天都会给爱理发这些无法发送成功的邮件。甚至每天，我都会等系统提示我发送失败。就这样，一遍，又一遍。	s04_sent | 成田基生 | ……嗯。今天也是，发送失败。	s04_cycle2 | 基生 | 一开始我还想，没准只是爱理没看到——她总是少根筋嘛。没准是手机掉了，或者，只是没存我的联系方式……	高校を卒業してから、彼女とは二度と連絡が取れなくなった。いつからか僕は、愛理に毎日、届くはずのないメールを送るようになった。毎日、送信失敗の表示が出るのを待つことさえ習慣になった。そうやって、何度も、何度も。	draft	AI 批量翻译初稿，需人工校对角色口吻与专名。		310ad633857a728666e2507ec0021b029df91b69ee411febc65567f26840fb1e	707ba1c82dcdb9307ae9b809b15746a0585a5bda61f67b7ba74149f40b97fa8f
s04_cycle2	prologue	序章 · 蓝色来电	S04		25	基生	dialogue	一开始我还想，没准只是爱理没看到——她总是少根筋嘛。没准是手机掉了，或者，只是没存我的联系方式……	s04_cycle1 | 基生 | 高中毕业以后，我就再也没能和她联系上。不知道从什么时候开始，我每天都会给爱理发这些无法发送成功的邮件。甚至每天，我都会等系统提示我发送失败。就这样，一遍，又一遍。	s04_empty | 基生 | 但是，等我彻底和她失去联络之后，我马上就找去了她家里。那里只剩下这样一个空壳。	最初は、愛理が見ていないだけかもしれないと思った。あいつ、どこか抜けてたから。携帯を落としたのかもしれない。あるいは、僕の連絡先を登録していなかっただけかもしれない……	draft	AI 批量翻译初稿，需人工校对角色口吻与专名。		3953f56d3a82fff6287605c051c1a43bf05d56bec79508f833bb2499f5e73b36	707ba1c82dcdb9307ae9b809b15746a0585a5bda61f67b7ba74149f40b97fa8f
s04_empty	prologue	序章 · 蓝色来电	S04		26	基生	dialogue	但是，等我彻底和她失去联络之后，我马上就找去了她家里。那里只剩下这样一个空壳。	s04_cycle2 | 基生 | 一开始我还想，没准只是爱理没看到——她总是少根筋嘛。没准是手机掉了，或者，只是没存我的联系方式……	s04_doubt1 | 基生 | 爱理真的曾经存在过吗？……还是说，她这个人，其实是我的妄想？还是说，我和爱理曾交往过这件事本身，才是我的妄想呢？	でも、完全に連絡が途絶えたあと、僕はすぐに彼女の家へ行った。そこに残っていたのは、こんな空っぽの抜け殻だけだった。	draft	AI 批量翻译初稿，需人工校对角色口吻与专名。		a5b119df95769b95dbb493f908f6e15dd5b1538d7791b94d0e7f2ddf7d3f8b90	707ba1c82dcdb9307ae9b809b15746a0585a5bda61f67b7ba74149f40b97fa8f
s04_doubt1	prologue	序章 · 蓝色来电	S04		27	基生	dialogue	爱理真的曾经存在过吗？……还是说，她这个人，其实是我的妄想？还是说，我和爱理曾交往过这件事本身，才是我的妄想呢？	s04_empty | 基生 | 但是，等我彻底和她失去联络之后，我马上就找去了她家里。那里只剩下这样一个空壳。	s04_doubt2 | 基生 | 但是……我和爱理的回忆，确实存在于这部手机里。那些疑惑仿佛是那么愚蠢，但我又别无办法。	愛理は、本当に存在していたのか？ ……それとも、彼女は僕の妄想だったのか？ いや、愛理と付き合っていたこと自体が、僕の妄想だったんじゃないか？	draft	AI 批量翻译初稿，需人工校对角色口吻与专名。		f77976a27030c4bd987c45fcde5ab3751044e3dd8740c26834769e10ff24bbb4	707ba1c82dcdb9307ae9b809b15746a0585a5bda61f67b7ba74149f40b97fa8f
s04_doubt2	prologue	序章 · 蓝色来电	S04		28	基生	dialogue	但是……我和爱理的回忆，确实存在于这部手机里。那些疑惑仿佛是那么愚蠢，但我又别无办法。	s04_doubt1 | 基生 | 爱理真的曾经存在过吗？……还是说，她这个人，其实是我的妄想？还是说，我和爱理曾交往过这件事本身，才是我的妄想呢？	s04_prayer | 成田基生 | ……倒不如，全都是我的妄想，可能还好一点。	でも……愛理との思い出は、確かにこの携帯の中に残っている。そんな疑いは馬鹿げているように思えた。それでも、僕にはどうすることもできなかった。	draft	AI 批量翻译初稿，需人工校对角色口吻与专名。		1dbdafc4c10f536ec76ffd4cb35bb8bb9dd0fdcaa8df5224e6f48783af714304	707ba1c82dcdb9307ae9b809b15746a0585a5bda61f67b7ba74149f40b97fa8f
s04_prayer	prologue	序章 · 蓝色来电	S04		29	成田基生	dialogue	……倒不如，全都是我的妄想，可能还好一点。	s04_doubt2 | 基生 | 但是……我和爱理的回忆，确实存在于这部手机里。那些疑惑仿佛是那么愚蠢，但我又别无办法。	review_bce6b68e-ebc3-4c7f-bd22-2aa4d37f4c33 | 旁白 | 墙上的表针转过一圈又一圈，迎接他的仍是不变的日常。	……いっそ、全部僕の妄想だったほうが、まだよかったのかもしれない。	draft	AI 批量翻译初稿，需人工校对角色口吻与专名。		97ca38650dc34c944f6cfa8c55af87e97c4b1c1498c390d6ec539eac866e30d0	707ba1c82dcdb9307ae9b809b15746a0585a5bda61f67b7ba74149f40b97fa8f
s05a	prologue	序章 · 蓝色来电	S05		32	成田基生	dialogue	爱理，你还好吗？我是基生。虽然不知道爱理现在在哪里……	review_cb5676e1-f8d9-4ffc-878f-09dcdb62279a | 成田基生 | 第二日夜晚，手机显示2020年7月23日星期四19:30。	s05b | 旁白 | 手机还显示着“发送中……”——咚、咚、咚。敲门声在安静的房间里格外响，基生的手指僵在按键上。	愛理、元気にしてる？ 基生だよ。愛理が今どこにいるのか、分からないけど……	draft	AI 批量翻译初稿，需人工校对角色口吻与专名。		43162e33e7049b152b1c630805f09fad025148f2c4563f7c8382f1da8c9dc5ea	707ba1c82dcdb9307ae9b809b15746a0585a5bda61f67b7ba74149f40b97fa8f
s05c	prologue	序章 · 蓝色来电	S05		34	快递员	dialogue	您好——您有一个快递！	s05b | 旁白 | 手机还显示着“发送中……”——咚、咚、咚。敲门声在安静的房间里格外响，基生的手指僵在按键上。	s05c2 | 成田基生 | ……啊好的，马上就来。	こんにちはー！ お届け物です！	draft	AI 批量翻译初稿，需人工校对角色口吻与专名。		a6298147ff7b03305d9e09cfb543f9b7cd5abbb89a365b232542e80fba3b178b	707ba1c82dcdb9307ae9b809b15746a0585a5bda61f67b7ba74149f40b97fa8f
s05c2	prologue	序章 · 蓝色来电	S05		35	成田基生	dialogue	……啊好的，马上就来。	s05c | 快递员 | 您好——您有一个快递！	s05d | 旁白 | 基生打开门。年轻快递员拎着保温袋，没等他说话便把袋子递到手里。	……あ、はい。今行きます。	draft	AI 批量翻译初稿，需人工校对角色口吻与专名。		f70f01124ae5d6c0be6b80f33f1c7c3f51168925ecb10554492a33e891438e6f	707ba1c82dcdb9307ae9b809b15746a0585a5bda61f67b7ba74149f40b97fa8f
s05f	prologue	序章 · 蓝色来电	S05		38	成田基生	dialogue	……203，马场先生？这是楼下的快递吧。	s05e | 旁白 | 查看快递单：203室　马场先生　生鲜·要冷藏。不是这间房的门牌号。	s05f2 | 成田基生 | ……是送错了啊。	……二〇三号室、馬場さん？ これ、下の階の荷物じゃないか。	draft	AI 批量翻译初稿，需人工校对角色口吻与专名。		557f6039c9b2cbc4b1475f6f8058bb5712e26f625488a1b1e60315ec04bdaba4	707ba1c82dcdb9307ae9b809b15746a0585a5bda61f67b7ba74149f40b97fa8f
s05f2	prologue	序章 · 蓝色来电	S05		39	成田基生	dialogue	……是送错了啊。	s05f | 成田基生 | ……203，马场先生？这是楼下的快递吧。	s05g | 快递员 | 不好意思——！是楼下203室的，地址弄错了！我这边还有下一单，拜托您了！	……配達先、間違えてる。	draft	AI 批量翻译初稿，需人工校对角色口吻与专名。		5fa0af7596c3c82fb14d0d9acc575a4429059d8bfbcfcf0d1d80a6decbdbe605	707ba1c82dcdb9307ae9b809b15746a0585a5bda61f67b7ba74149f40b97fa8f
s05g	prologue	序章 · 蓝色来电	S05		40	快递员	dialogue	不好意思——！是楼下203室的，地址弄错了！我这边还有下一单，拜托您了！	s05f2 | 成田基生 | ……是送错了啊。	s05h | 成田基生 | 搞什么啊，这个快递员……	すみませーん！ 下の二〇三号室宛てでした、住所を間違えました！ 次の配達があるので、お願いします！	draft	AI 批量翻译初稿，需人工校对角色口吻与专名。		bc61f49e9d17b7b7c20901a88e242dfb23e296b6c71d12f58a7b95fec29555ee	707ba1c82dcdb9307ae9b809b15746a0585a5bda61f67b7ba74149f40b97fa8f
s05h	prologue	序章 · 蓝色来电	S05		41	成田基生	dialogue	搞什么啊，这个快递员……	s05g | 快递员 | 不好意思——！是楼下203室的，地址弄错了！我这边还有下一单，拜托您了！	s05i | 旁白 | 门锁咔哒扣上。就在基生转过身的一瞬间——手机响了。不是单调的和弦，是海浪的声音。哗——哗——由远及近，像涨潮一样漫进整个房间。	なんなんだよ、あの配達員……	draft	AI 批量翻译初稿，需人工校对角色口吻与专名。		13f48ed373c098e3f27332a1410a2f901b18ff26fa66a6ee4410de05013e4194	707ba1c82dcdb9307ae9b809b15746a0585a5bda61f67b7ba74149f40b97fa8f
s05k	prologue	序章 · 蓝色来电	S05		44	基生	dialogue	海浪的铃声，蓝色的光……	s05j | 旁白 | 翻盖手机的屏幕从幽绿变成清澈的蓝光。整个房间的色调在一秒内从灰橙变为深蓝，连基生脸上的阴影都变成了海的颜色。	s05l | 基生 | 那是只属于爱理的来电设置。	波の着信音、青い光……	draft	AI 批量翻译初稿，需人工校对角色口吻与专名。		3d4e9fca283ab211bd557c4ec250b6e9dfe97bd334fba4696f6a447782827b51	707ba1c82dcdb9307ae9b809b15746a0585a5bda61f67b7ba74149f40b97fa8f
s05l	prologue	序章 · 蓝色来电	S05		45	基生	dialogue	那是只属于爱理的来电设置。	s05k | 基生 | 海浪的铃声，蓝色的光……	s05m | 旁白 | 他手微微发颤，点开了那封回信。	あれは、愛理だけに設定した着信音だ。	draft	AI 批量翻译初稿，需人工校对角色口吻与专名。		5823c502facb1ca36c57ea26172a8b4a2d801a9a6ab361c2f2fd0f45e7ceaf5e	707ba1c82dcdb9307ae9b809b15746a0585a5bda61f67b7ba74149f40b97fa8f
s06_react1	prologue	序章 · 蓝色来电	S06		47	成田基生	dialogue	为什么……不可能……怎么会……	s05m | 旁白 | 他手微微发颤，点开了那封回信。	s06_react2 | 基生 | 到刚才为止、一次都没有发出去过的邮件。我一直、一直发了十年的邮件……	どうして……ありえない……なんで……	draft	AI 批量翻译初稿，需人工校对角色口吻与专名。		8db5643829ebb003dbf3dd5a209bcacceb28223f3d4b4eeffbcb8cd7d2b34a25	707ba1c82dcdb9307ae9b809b15746a0585a5bda61f67b7ba74149f40b97fa8f
s06_react2	prologue	序章 · 蓝色来电	S06		48	基生	dialogue	到刚才为止、一次都没有发出去过的邮件。我一直、一直发了十年的邮件……	s06_react1 | 成田基生 | 为什么……不可能……怎么会……	s06_white_airi | 无 | 我也一直、在想着基生哦。	さっきまで、一通も送れなかったメール。僕が十年間、ずっと、ずっと送り続けたメールが……	draft	AI 批量翻译初稿，需人工校对角色口吻与专名。		765849e07ad312bb24243350e45d161fe9293519c9607bb7e745fe963c9412bb	707ba1c82dcdb9307ae9b809b15746a0585a5bda61f67b7ba74149f40b97fa8f
s06_white_kio1	prologue	序章 · 蓝色来电	S06		50	基生	dialogue	也许我终于疯了吧。	s06_white_airi | 无 | 我也一直、在想着基生哦。	s06_white_kio2 | 基生 | 一定是这样的。这全部都是一场噩梦。全都是妄想。等醒来以后……	とうとう、頭がおかしくなったのかもしれない。	draft	AI 批量翻译初稿，需人工校对角色口吻与专名。		3675d3bf8de610dcd5e8010430768e83aa8127b5be9112442246819c15159a8b	707ba1c82dcdb9307ae9b809b15746a0585a5bda61f67b7ba74149f40b97fa8f
s06_white_kio2	prologue	序章 · 蓝色来电	S06		51	基生	dialogue	一定是这样的。这全部都是一场噩梦。全都是妄想。等醒来以后……	s06_white_kio1 | 基生 | 也许我终于疯了吧。	s06_memory | 基生 | 等我醒来以后，也许会发现我还是个高中生，爱理又约我去海边玩……	きっとそうだ。これは全部、悪い夢なんだ。全部、妄想なんだ。目が覚めたら……	draft	AI 批量翻译初稿，需人工校对角色口吻与专名。		5b138bfc0c9dfa2092dee83423f800296426d604589e2ef97321b6e2b14b1991	707ba1c82dcdb9307ae9b809b15746a0585a5bda61f67b7ba74149f40b97fa8f
s06_memory	prologue	序章 · 蓝色来电	S06		52	基生	dialogue	等我醒来以后，也许会发现我还是个高中生，爱理又约我去海边玩……	s06_white_kio2 | 基生 | 一定是这样的。这全部都是一场噩梦。全都是妄想。等醒来以后……	s06_break1 | 基生 | 我一直……	目が覚めたら、僕はまだ高校生で、愛理がまた海へ行こうって誘ってくれるかもしれない……	draft	AI 批量翻译初稿，需人工校对角色口吻与专名。		e47e1a2fbb857b90ba85400be00a6be633337134290011a58a2706c08ac5e6b1	707ba1c82dcdb9307ae9b809b15746a0585a5bda61f67b7ba74149f40b97fa8f
s06_break1	prologue	序章 · 蓝色来电	S06		53	基生	dialogue	我一直……	s06_memory | 基生 | 等我醒来以后，也许会发现我还是个高中生，爱理又约我去海边玩……	s06_break2 | 基生 | 哈哈……把这些、全部都扔了吧，手机也好、其他也好……	僕は、ずっと……	draft	AI 批量翻译初稿，需人工校对角色口吻与专名。		0a3804985f36dd73a4aac21a1964536587a9a210707c0139b956c1fd22865f41	707ba1c82dcdb9307ae9b809b15746a0585a5bda61f67b7ba74149f40b97fa8f
s06_break2	prologue	序章 · 蓝色来电	S06		54	基生	dialogue	哈哈……把这些、全部都扔了吧，手机也好、其他也好……	s06_break1 | 基生 | 我一直……	s06_throw | 旁白 | 手机落进垃圾袋，蓝光在袋内闷闷地亮着。黑暗中传来翻找垃圾袋的声音。再亮起时，基生把手机重新攥回手心，指节发白。	はは……全部、捨ててしまおう。携帯も、ほかのものも、何もかも……	draft	AI 批量翻译初稿，需人工校对角色口吻与专名。		7b8110d8d9cb25d9cd6411bd74882aa988a89942f62eaa052b73c2007c6c3858	707ba1c82dcdb9307ae9b809b15746a0585a5bda61f67b7ba74149f40b97fa8f
s06_throw2	prologue	序章 · 蓝色来电	S06		56	成田基生	dialogue	……果然，做不到啊。	s06_throw | 旁白 | 手机落进垃圾袋，蓝光在袋内闷闷地亮着。黑暗中传来翻找垃圾袋的声音。再亮起时，基生把手机重新攥回手心，指节发白。	review_80db4a8f-93b0-43a6-9cb2-cdf22907e03a | 旁白 | 按 空格 / Enter 或点击画面，一步步往楼道口走——声控灯会随脚步亮起又熄灭。	……やっぱり、できない。	draft	AI 批量翻译初稿，需人工校对角色口吻与专名。		9e013f81aba4a3a4712b4343b6d8d1acf85cd70c5cdf96f39d482b5f1f49f338	707ba1c82dcdb9307ae9b809b15746a0585a5bda61f67b7ba74149f40b97fa8f
s07c	prologue	序章 · 蓝色来电	S07		60	基生	dialogue	穿过这个隧道，就能到附近的海岸。……什么都不会有的。谁也不会来。	s07b | 旁白 | 入口处只有一盏路灯亮着，再往里，黑暗像水一样浓。墙面贴满褪色的租房广告，一张翘起的纸角在风里反复拍墙。隧道深处隐约传来海浪。	s07_exit | 旁白 | 走出隧道出口的一瞬间，风忽然变大，带着咸味。月光下的海岸在眼前铺开。云层很薄，月光落在海面上碎成一条长长的银路；海浪缓缓涌上沙滩，又缓缓退去。	このトンネルを抜ければ、近くの海岸に出る。……何もない。誰も来ない。	draft	AI 批量翻译初稿，需人工校对角色口吻与专名。		3ad7c72f4e3fdf5abcd681a3175500338f60690e920610529a117de5f042ba6f	707ba1c82dcdb9307ae9b809b15746a0585a5bda61f67b7ba74149f40b97fa8f
s08a	prologue	序章 · 蓝色来电	S08		62	成田基生	dialogue	……这里是，我和爱理，最后一次一起去玩的地方。	s07_exit | 旁白 | 走出隧道出口的一瞬间，风忽然变大，带着咸味。月光下的海岸在眼前铺开。云层很薄，月光落在海面上碎成一条长长的银路；海浪缓缓涌上沙滩，又缓缓退去。	s08b | 成田基生 | 爱理……让我再、最后看一次……	……ここは、僕と愛理が最後に一緒に遊びに来た場所だ。	draft	AI 批量翻译初稿，需人工校对角色口吻与专名。		5f09483d7e069ac0f95e346fb1cd0fa37c05375878816fd810472505672c634b	707ba1c82dcdb9307ae9b809b15746a0585a5bda61f67b7ba74149f40b97fa8f
s08b	prologue	序章 · 蓝色来电	S08		63	成田基生	dialogue	爱理……让我再、最后看一次……	s08a | 成田基生 | ……这里是，我和爱理，最后一次一起去玩的地方。	s08c | 旁白 | 整片海岸只有基生，以及被月光拉得很长的、他一个人的影子。他从口袋摸出手机，再次打开那封回信。	愛理……もう一度だけ、最後に見せてくれ……	draft	AI 批量翻译初稿，需人工校对角色口吻与专名。		2738ba2a82a5e25587568485314a3256b9be209642822f2e656370bcc8164173	707ba1c82dcdb9307ae9b809b15746a0585a5bda61f67b7ba74149f40b97fa8f
s08d	prologue	序章 · 蓝色来电	S08		65	成田基生	dialogue	奇怪……这封邮件，怎么下面还有……	s08c | 旁白 | 整片海岸只有基生，以及被月光拉得很长的、他一个人的影子。他从口袋摸出手机，再次打开那封回信。	s09_found | 成田基生 | 这是什么……？	おかしい……このメール、下にまだ続きが……	draft	AI 批量翻译初稿，需人工校对角色口吻与专名。		32bb6fbe1eb93871bf2a50adc6131923389c9d4cf5d3cc34bab893d60f0bc4fa	707ba1c82dcdb9307ae9b809b15746a0585a5bda61f67b7ba74149f40b97fa8f
s09_found	prologue	序章 · 蓝色来电	S09		66	成田基生	dialogue	这是什么……？	s08d | 成田基生 | 奇怪……这封邮件，怎么下面还有……	s09_close | 旁白 | 基生合上手机，蓝光熄灭，海浪声恢复正常。他在原地坐了很久，然后起身，穿过隧道回家。	これは……何だ？	draft	AI 批量翻译初稿，需人工校对角色口吻与专名。		24f6282e8ced834540c3eff47ccc580baef1eeb9fe2ecad71f98d528e477d441	707ba1c82dcdb9307ae9b809b15746a0585a5bda61f67b7ba74149f40b97fa8f
s09_home	prologue	序章 · 蓝色来电	S09		68	成田基生	dialogue	……果然，什么都不会有的。谁也不会来。	s09_close | 旁白 | 基生合上手机，蓝光熄灭，海浪声恢复正常。他在原地坐了很久，然后起身，穿过隧道回家。	s10a | 旁白 | 基生按下链接。瞬间，手机蓝光溢出边框，像水一样淌满整个画面。	……やっぱり、何もない。誰も来ない。	draft	AI 批量翻译初稿，需人工校对角色口吻与专名。		7b85470a17f1b6f8faf983929750a1f5e43482586c644c7639c0c1a93cd196db	707ba1c82dcdb9307ae9b809b15746a0585a5bda61f67b7ba74149f40b97fa8f
s10c	prologue	序章 · 蓝色来电	S10		71	成田基生	dialogue	——！……这是什么……好恶心……	s10b | 旁白 | 一股令人厌恶的触感从心底升起——仿佛无数细小的蠕虫，正从指尖沿着血管向上爬。	s10d | 旁白 | 他手一软，手机掉在湿沙里。基生俯下身，刚准备把它捡起来——	——っ！ ……何だ、これ……気持ち悪い……	draft	AI 批量翻译初稿，需人工校对角色口吻与专名。		b99fc3476268d7347f7abd303ab339f959d1106f5f60e89cdf409214ea4e1a28	707ba1c82dcdb9307ae9b809b15746a0585a5bda61f67b7ba74149f40b97fa8f
s10g	prologue	序章 · 蓝色来电	S10		75	成田基生	dialogue	……	s10f | 旁白 | 海浪声停止了。风停止了。连基生自己的呼吸声也消失了。	s11a | 旁白 | 无边海岸的蓝光中央站着一个人影——穿校服的短发少女。深蓝短发被无形光流轻轻托起，蔚蓝发卡在额侧闪着微光，水手服裙摆静止在无风的空气里，像一张从十年前剪下的照片，被贴进这个夜晚。	……	draft	AI 批量翻译初稿，需人工校对角色口吻与专名。		7f1e6b147f1f74205997eeb1069270cd67a92ca3ab3983c46a657a2ffadbf9a5	707ba1c82dcdb9307ae9b809b15746a0585a5bda61f67b7ba74149f40b97fa8f
s11a2	prologue	序章 · 蓝色来电	S11		77	成田基生	dialogue	……爱理……？	s11a | 旁白 | 无边海岸的蓝光中央站着一个人影——穿校服的短发少女。深蓝短发被无形光流轻轻托起，蔚蓝发卡在额侧闪着微光，水手服裙摆静止在无风的空气里，像一张从十年前剪下的照片，被贴进这个夜晚。	s11_turn | 旁白 | 少女缓缓转过头，睫毛轻抬。她睁着酒红色的双眸，看向基生，露出与十年前一模一样、自然又明亮的微笑。	……愛理……？	draft	AI 批量翻译初稿，需人工校对角色口吻与专名。		42f84d8a647cd7609461897a646b25184fc2d9650cdbaad0822b747f6615d369	707ba1c82dcdb9307ae9b809b15746a0585a5bda61f67b7ba74149f40b97fa8f
s11b	prologue	序章 · 蓝色来电	S11		79	基生	dialogue	怎么可能……爱理……为什么？这不可能……爱理？不可能会是她……这不可能……不可能是爱理……这不可能……不可能……	s11_turn | 旁白 | 少女缓缓转过头，睫毛轻抬。她睁着酒红色的双眸，看向基生，露出与十年前一模一样、自然又明亮的微笑。	s11b2 | 基生 | 因为、因为爱理她——	そんなはずない……愛理……どうして？ ありえない……愛理？ 彼女のはずがない……そんなはずない……愛理のはずがない……ありえない……ありえない……	draft	AI 批量翻译初稿，需人工校对角色口吻与专名。		3d527b26d78fe2f564765bb1292ea144d71e41ab04efe1f67ff3e59a6a3b7034	707ba1c82dcdb9307ae9b809b15746a0585a5bda61f67b7ba74149f40b97fa8f
s11b2	prologue	序章 · 蓝色来电	S11		80	基生	dialogue	因为、因为爱理她——	s11b | 基生 | 怎么可能……爱理……为什么？这不可能……爱理？不可能会是她……这不可能……不可能是爱理……这不可能……不可能……	s11b3 | 无 | 和我一样大啊。	だって、だって愛理は——	draft	AI 批量翻译初稿，需人工校对角色口吻与专名。		fef82fc4449d4642f97e587ca3715115caefd9f719090f2a82e2b5818d6fee6d	707ba1c82dcdb9307ae9b809b15746a0585a5bda61f67b7ba74149f40b97fa8f
review_eced44bf-8dbf-4da8-aabc-c8b10d40d4b0	prologue	序章 · 蓝色来电	S11		84	百合沢爱理	dialogue	最喜欢你了，基生。	s11d | 百合沢爱理 | 她微笑着朝基生伸出双手，掌心向上，既像邀请，也像等待被握住。	s11d2 | 成田基生 | ……爱理。	大好きだよ、基生。	draft	AI 批量翻译初稿，需人工校对角色口吻与专名。		795ed1fe307a002df6d47f366920eb3e31cd1ef6e0316ac281ecd063204c58fc	707ba1c82dcdb9307ae9b809b15746a0585a5bda61f67b7ba74149f40b97fa8f
s11d2	prologue	序章 · 蓝色来电	S11		85	成田基生	dialogue	……爱理。	review_eced44bf-8dbf-4da8-aabc-c8b10d40d4b0 | 百合沢爱理 | 最喜欢你了，基生。	ch1_s01 | 旁白 | 序章·梦 —— 海边的重逢	……愛理。	draft	AI 批量翻译初稿，需人工校对角色口吻与专名。		b1fcd48d3fbb2d991d2c87a3793baf9a333b962e82643435c02fac9291640788	707ba1c82dcdb9307ae9b809b15746a0585a5bda61f67b7ba74149f40b97fa8f
ch1_005	chapter1	第一章 · 失而复得的日常	S01		89	基生	dialogue	爱……爱……	ch1_003 | 旁白 | 十年未见的少女，此刻就在基生眼前。她与手机里珍藏的每一张照片分毫不差。基生不可置信地看着她——毫无疑问，这就是他一直想见的那个人。这十年来他从未忘记过她，一秒都没有。	ch1_006 | “爱理” | 爱、理，没错哦。	あ……あい……	draft	AI 批量翻译初稿，需人工校对角色口吻与专名。		1a3c9e54f366e62a1ac7dad401033ae14ff009087147241e38e836755d8416c7	707ba1c82dcdb9307ae9b809b15746a0585a5bda61f67b7ba74149f40b97fa8f
ch1_006	chapter1	第一章 · 失而复得的日常	S01		90	“爱理”	dialogue	爱、理，没错哦。	ch1_005 | 基生 | 爱……爱……	ch1_007 | 旁白 | 她微红着脸，脑袋微微歪向一侧，俏皮地看过来，露出恶作剧般的笑容。	あ・い・り。そうだよ。	draft	AI 批量翻译初稿，需人工校对角色口吻与专名。		baabffb89114e0e049fadc4cfd9e5b8a55f179f65b1ea253d4a689dd8cb4bc44	707ba1c82dcdb9307ae9b809b15746a0585a5bda61f67b7ba74149f40b97fa8f
ch1_008	chapter1	第一章 · 失而复得的日常	S01		92	“爱理”	dialogue	你刚才还叫了我的名字呢……你不会，把我忘了吧？	ch1_007 | 旁白 | 她微红着脸，脑袋微微歪向一侧，俏皮地看过来，露出恶作剧般的笑容。	ch1_009 | 旁白 | 她的动作、声音、表情，每一项都与记忆里的爱理逐渐重合。基生终于意识到——这个少女，毫无疑问就是“爱理”。但此刻，指尖残留的毛骨悚然还没有消退。他看看自己微微发颤的手，又看向面前的“爱理”。	さっきも名前を呼んでくれたのに……まさか、私のこと、忘れちゃった？	draft	AI 批量翻译初稿，需人工校对角色口吻与专名。		e92c257c12d416297bde4769f41e2e12e44ecc7ddd65e37c10eebcaa6d2054d8	707ba1c82dcdb9307ae9b809b15746a0585a5bda61f67b7ba74149f40b97fa8f
ch1_010	chapter1	第一章 · 失而复得的日常	S01		94	基生	dialogue	怎么可能忘记……我从来没有、忘记过爱理，从来没有啊……	ch1_009 | 旁白 | 她的动作、声音、表情，每一项都与记忆里的爱理逐渐重合。基生终于意识到——这个少女，毫无疑问就是“爱理”。但此刻，指尖残留的毛骨悚然还没有消退。他看看自己微微发颤的手，又看向面前的“爱理”。	ch1_011 | 基生 | 我说啊，爱理在这之前，到底都在干什么？到底去哪儿了？为什么还穿着校服……我一直、想要联系上爱理啊。这十年来……一直……	忘れるわけない……僕は一度だって、愛理のことを忘れたことなんてない……一度も……	draft	AI 批量翻译初稿，需人工校对角色口吻与专名。		098779457ef0b9a228b6e18583b35b24d521092e78c59198d04ac7ccd24b9a54	707ba1c82dcdb9307ae9b809b15746a0585a5bda61f67b7ba74149f40b97fa8f
ch1_011	chapter1	第一章 · 失而复得的日常	S01		95	基生	dialogue	我说啊，爱理在这之前，到底都在干什么？到底去哪儿了？为什么还穿着校服……我一直、想要联系上爱理啊。这十年来……一直……	ch1_010 | 基生 | 怎么可能忘记……我从来没有、忘记过爱理，从来没有啊……	ch1_012 | 基生 | 爱理，为什么、为什么现在才……	なあ、愛理は今まで、いったい何をしてたんだ？ どこにいたんだ？ どうしてまだ制服を着てるんだ……僕はずっと、愛理と連絡を取りたかった。この十年間……ずっと……	draft	AI 批量翻译初稿，需人工校对角色口吻与专名。		c83c85c2addc5bb446962b236d28eb23758e8069d21a131f9f4d4eb6434fa96a	707ba1c82dcdb9307ae9b809b15746a0585a5bda61f67b7ba74149f40b97fa8f
ch1_012	chapter1	第一章 · 失而复得的日常	S01		96	基生	dialogue	爱理，为什么、为什么现在才……	ch1_011 | 基生 | 我说啊，爱理在这之前，到底都在干什么？到底去哪儿了？为什么还穿着校服……我一直、想要联系上爱理啊。这十年来……一直……	ch1_013 | “爱理” | 因为基生，因为你、呼唤了我啊。	愛理、どうして……どうして今になって……	draft	AI 批量翻译初稿，需人工校对角色口吻与专名。		e3859b9c189bfc83513a5a650237c9fa82e38ecae2ceeecd4cf3af99570a5d7f	707ba1c82dcdb9307ae9b809b15746a0585a5bda61f67b7ba74149f40b97fa8f
ch1_013	chapter1	第一章 · 失而复得的日常	S01		97	“爱理”	dialogue	因为基生，因为你、呼唤了我啊。	ch1_012 | 基生 | 爱理，为什么、为什么现在才……	ch1_014 | “爱理” | 基生啊，我最喜欢你了。	だって、基生が……あなたが、私を呼んでくれたから。	draft	AI 批量翻译初稿，需人工校对角色口吻与专名。		3dd637a3518cfc5ba87ed6c5c5d5359be03a1c2f71091dda80735b1e2edec557	707ba1c82dcdb9307ae9b809b15746a0585a5bda61f67b7ba74149f40b97fa8f
ch1_014	chapter1	第一章 · 失而复得的日常	S01		98	“爱理”	dialogue	基生啊，我最喜欢你了。	ch1_013 | “爱理” | 因为基生，因为你、呼唤了我啊。	ch1_015 | 基生 | 嗯……嗯、我也是……但是……爱理，你怎么了？	基生、私、あなたのことが大好き。	draft	AI 批量翻译初稿，需人工校对角色口吻与专名。		9cebb657fcb4df329e5fe03646e3445af84de366e5953fa5467cf8987f6ccc3b	707ba1c82dcdb9307ae9b809b15746a0585a5bda61f67b7ba74149f40b97fa8f
ch1_015	chapter1	第一章 · 失而复得的日常	S01		99	基生	dialogue	嗯……嗯、我也是……但是……爱理，你怎么了？	ch1_014 | “爱理” | 基生啊，我最喜欢你了。	ch1_016 | 旁白 | “爱理”忽然抬起头。那双蓝色的眼眸里，映出无数蠕虫般蠕动的蓝色电线。她皮笑肉不笑地开口——	うん……うん、僕も……でも……愛理、どうしたんだ？	draft	AI 批量翻译初稿，需人工校对角色口吻与专名。		31990ea2fb584492e43fae4050d58e913c18ac4d6b750dd1c31e243d86d26309	707ba1c82dcdb9307ae9b809b15746a0585a5bda61f67b7ba74149f40b97fa8f
ch1_017	chapter1	第一章 · 失而复得的日常	S01		101	“爱理”	dialogue	基生啊——告诉我，你最喜欢我了。	ch1_016 | 旁白 | “爱理”忽然抬起头。那双蓝色的眼眸里，映出无数蠕虫般蠕动的蓝色电线。她皮笑肉不笑地开口——	ch1_018 | 旁白 | 蓝色吞没了视野。她的眼中，电线般的细丝交错蠕动。	ねえ、基生——私のこと、大好きだって言って。	draft	AI 批量翻译初稿，需人工校对角色口吻与专名。		c01716efdd8344c79261329653fc33d5d2fd9b54f1891eab2f3b124965b9225c	707ba1c82dcdb9307ae9b809b15746a0585a5bda61f67b7ba74149f40b97fa8f
ch1_019	chapter1	第一章 · 失而复得的日常	S01		103	基生	dialogue	呜哇啊————！！！	ch1_018 | 旁白 | 蓝色吞没了视野。她的眼中，电线般的细丝交错蠕动。	ch1_s02 | 旁白 | 苏醒与重逢	うわあああああっ！！！	draft	AI 批量翻译初稿，需人工校对角色口吻与专名。		95059a9cedb951996924ae6ad932fba75d614b46f42371de82f3427d96f8fee1	707ba1c82dcdb9307ae9b809b15746a0585a5bda61f67b7ba74149f40b97fa8f
ch1_028	chapter1	第一章 · 失而复得的日常	S02		109	“爱理”	dialogue	基生……	ch1_027 | 旁白 | 基生的手还在床上摸索着手机，注意力却被引向房间门口——那里站着一位身着水手服的少女。	ch1_029 | 旁白 | 少女突然跑来，飞扑到他身上，将他紧紧抱在怀里。	基生……	draft	AI 批量翻译初稿，需人工校对角色口吻与专名。		8bbb9f40d834bb7a9bfd907586f5f5741f0d74c3411b09b299e11d630879a8f5	707ba1c82dcdb9307ae9b809b15746a0585a5bda61f67b7ba74149f40b97fa8f
ch1_030	chapter1	第一章 · 失而复得的日常	S02		111	“爱理”	dialogue	基生！！你还活着？！你没有死？！还好吗？！	ch1_029 | 旁白 | 少女突然跑来，飞扑到他身上，将他紧紧抱在怀里。	ch1_031 | 旁白 | “爱理”眉毛微蹙，上上下下打量着他，眼角还挂着几滴晶莹的泪珠。	基生！！ 生きてるの？！ 死んでないよね？！ 大丈夫？！	draft	AI 批量翻译初稿，需人工校对角色口吻与专名。		3afd1f9a3a5ece2c19618cfb7d986667ecccdd2a2cefd3f4b0042b6ad17e41b9	707ba1c82dcdb9307ae9b809b15746a0585a5bda61f67b7ba74149f40b97fa8f
ch1_032	chapter1	第一章 · 失而复得的日常	S02		113	基生	dialogue	还、还活着呢！没死呢！我没事！！	ch1_031 | 旁白 | “爱理”眉毛微蹙，上上下下打量着他，眼角还挂着几滴晶莹的泪珠。	ch1_033 | “爱理” | 太好了……	い、生きてる！ 死んでない！ 僕は大丈夫だ！！	draft	AI 批量翻译初稿，需人工校对角色口吻与专名。		bbfc1a5d18856a639d6d4cda468682dd9365f942d932b0c6ddad31a66854637a	707ba1c82dcdb9307ae9b809b15746a0585a5bda61f67b7ba74149f40b97fa8f
ch1_033	chapter1	第一章 · 失而复得的日常	S02		114	“爱理”	dialogue	太好了……	ch1_032 | 基生 | 还、还活着呢！没死呢！我没事！！	ch1_034 | 旁白 | “爱理”的表情终于舒缓下来，脸上漾起笑颜。回过神时，她发现自己的姿势有些不妥，赶紧松开手，跪坐在他的床边。	よかった……	draft	AI 批量翻译初稿，需人工校对角色口吻与专名。		9b810859c8c9f8c7b6b712ae4f55298cabc531164c94affd843265bdf5811343	707ba1c82dcdb9307ae9b809b15746a0585a5bda61f67b7ba74149f40b97fa8f
ch1_039	chapter1	第一章 · 失而复得的日常	S02		119	基生	dialogue	爱、爱理……昨天……我们两个，是在海边对吧？	ch1_038 | 旁白 | “爱理”看着他若有所思的表情，微微歪头，一脸疑惑。	ch1_040 | “爱理” | 嗯、是呀？	あ、愛理……昨日……僕たち、海にいたんだよな？	draft	AI 批量翻译初稿，需人工校对角色口吻与专名。		ed130d7ec1c3372666b0dfbfb303a4f1970bc7db17ca9bf682aa053f4803259f	707ba1c82dcdb9307ae9b809b15746a0585a5bda61f67b7ba74149f40b97fa8f
ch1_040	chapter1	第一章 · 失而复得的日常	S02		120	“爱理”	dialogue	嗯、是呀？	ch1_039 | 基生 | 爱、爱理……昨天……我们两个，是在海边对吧？	ch1_041 | 基生 | ……在海边重逢，然后，后来怎么了？我们是怎么……回到家的。	うん、そうだよ？	draft	AI 批量翻译初稿，需人工校对角色口吻与专名。		a1e7b7bc8f4b8d3b21885899e16d65d5de6c5316ccf242a1f65d34948acaf4ac	707ba1c82dcdb9307ae9b809b15746a0585a5bda61f67b7ba74149f40b97fa8f
ch1_041	chapter1	第一章 · 失而复得的日常	S02		121	基生	dialogue	……在海边重逢，然后，后来怎么了？我们是怎么……回到家的。	ch1_040 | “爱理” | 嗯、是呀？	[分支候选 B] ch1_042 | 基生 | 我为什么没有昨晚“回家”的记忆？从海边到出租屋之间，存在一段无论如何也想不起来的空白。	……海で再会して、それから、どうなったんだ？ 僕たちはどうやって……家に帰ってきたんだ。	draft	AI 批量翻译初稿，需人工校对角色口吻与专名。		a75f2e2e8c152341171e954ee1ab115b95fa4b7b263ac787eb0087b5ea04443e	707ba1c82dcdb9307ae9b809b15746a0585a5bda61f67b7ba74149f40b97fa8f
ch1_042	chapter1	第一章 · 失而复得的日常	S02	B	122	基生	dialogue	我为什么没有昨晚“回家”的记忆？从海边到出租屋之间，存在一段无论如何也想不起来的空白。	[分支候选 公共] ch1_041 | 基生 | ……在海边重逢，然后，后来怎么了？我们是怎么……回到家的。	[分支候选 公共] ch1_043 | “爱理” | 诶？哇——！基生不记得了吗？！你说着“爱理在这之前……”然后就突然倒下了啊！我吓了一大跳，不知道应该怎么办才好，非常地不安……	どうして昨夜『家に帰った』記憶がないんだ？ 海辺からこのアパートまでの間だけ、どうしても思い出せない空白がある。	draft	AI 批量翻译初稿，需人工校对角色口吻与专名。		340163fd0ba3ff898649f02dd891059c6b1e0c516852fd95fd62942cde36bd29	707ba1c82dcdb9307ae9b809b15746a0585a5bda61f67b7ba74149f40b97fa8f
ch1_043	chapter1	第一章 · 失而复得的日常	S02		123	“爱理”	dialogue	诶？哇——！基生不记得了吗？！你说着“爱理在这之前……”然后就突然倒下了啊！我吓了一大跳，不知道应该怎么办才好，非常地不安……	[分支候选 B] ch1_042 | 基生 | 我为什么没有昨晚“回家”的记忆？从海边到出租屋之间，存在一段无论如何也想不起来的空白。	ch1_044 | “爱理” | 我找开出租的大叔帮忙才把你弄回来的呢！我从你身上找到你的保险证，上面有你家的地址，才告诉司机把我们送到这个地方去。你一路上在计程车上睡得像死猪一样，司机还紧张地问我你有没有事……	え？ うわあ、基生、覚えてないの？！ 『愛理はあの時……』って言ったと思ったら、急に倒れちゃったんだよ！ びっくりして、どうすればいいか分からなくて、すごく不安だったんだから……	draft	AI 批量翻译初稿，需人工校对角色口吻与专名。		da07fab01d87385eb67e717de59305b67bb4f9304edd37bd918a69478d02fde4	707ba1c82dcdb9307ae9b809b15746a0585a5bda61f67b7ba74149f40b97fa8f
ch1_044	chapter1	第一章 · 失而复得的日常	S02		124	“爱理”	dialogue	我找开出租的大叔帮忙才把你弄回来的呢！我从你身上找到你的保险证，上面有你家的地址，才告诉司机把我们送到这个地方去。你一路上在计程车上睡得像死猪一样，司机还紧张地问我你有没有事……	ch1_043 | “爱理” | 诶？哇——！基生不记得了吗？！你说着“爱理在这之前……”然后就突然倒下了啊！我吓了一大跳，不知道应该怎么办才好，非常地不安……	ch1_046 | “爱理” | 回到出租屋之后，基生也一直没醒！我可担心死了啊！？一整晚都在你旁边看着你啊！？	タクシーのおじさんに手伝ってもらって、やっと連れて帰れたんだよ！ 基生の持ち物から保険証を見つけて、そこに家の住所が書いてあったから、ここまで送ってもらったの。タクシーの中でも死んだみたいに眠ってて、運転手さんまで心配して、大丈夫なのかって聞いてきたんだよ……	draft	AI 批量翻译初稿，需人工校对角色口吻与专名。		f70d0acffc2656244f6965e5ee7aa3965e71dcf09fd7d3d411f9d2bde1aa76f9	707ba1c82dcdb9307ae9b809b15746a0585a5bda61f67b7ba74149f40b97fa8f
ch1_046	chapter1	第一章 · 失而复得的日常	S02		125	“爱理”	dialogue	回到出租屋之后，基生也一直没醒！我可担心死了啊！？一整晚都在你旁边看着你啊！？	ch1_044 | “爱理” | 我找开出租的大叔帮忙才把你弄回来的呢！我从你身上找到你的保险证，上面有你家的地址，才告诉司机把我们送到这个地方去。你一路上在计程车上睡得像死猪一样，司机还紧张地问我你有没有事……	ch1_047 | 旁白 | “爱理”说完，突然意识到了什么，脸上泛起一丝绯红，沉默不语。	部屋に帰ってきても、基生、全然起きないんだもん！ どれだけ心配したと思ってるの？！ 一晩中、隣で見てたんだよ？！	draft	AI 批量翻译初稿，需人工校对角色口吻与专名。		7fc924f0f5051b543a5065c7f303901d563fd1bf1992b83e7683dd4bf6548782	707ba1c82dcdb9307ae9b809b15746a0585a5bda61f67b7ba74149f40b97fa8f
ch1_049	chapter1	第一章 · 失而复得的日常	S02		127	基生	dialogue	……不是，这种情况下一般应该……叫救护车吧？虽然很感谢你……但我一直在昏迷中？对吧？	ch1_047 | 旁白 | “爱理”说完，突然意识到了什么，脸上泛起一丝绯红，沉默不语。	ch1_050 | “爱理” | 啊……诶嘿……还能这样啊……哈哈哈……	……いや、こういう時は普通……救急車を呼ぶんじゃないか？ 助けてくれたのはありがたいけど……僕、ずっと意識がなかったんだろ？	draft	AI 批量翻译初稿，需人工校对角色口吻与专名。		89773214529d2218ae2164820a91165c7abb229ac859e3615b68775af9d53c02	707ba1c82dcdb9307ae9b809b15746a0585a5bda61f67b7ba74149f40b97fa8f
ch1_050	chapter1	第一章 · 失而复得的日常	S02		128	“爱理”	dialogue	啊……诶嘿……还能这样啊……哈哈哈……	ch1_049 | 基生 | ……不是，这种情况下一般应该……叫救护车吧？虽然很感谢你……但我一直在昏迷中？对吧？	ch1_051 | 旁白 | 基生看着她少根弦的样子，忽然有种怀念的感觉。毫无疑问，和十年前一样。	あ……えへ……そんな方法もあったんだ……あはは……	draft	AI 批量翻译初稿，需人工校对角色口吻与专名。		7fe422f394c15f6403d0e0d52931a1f5ac936ad5ee75fad53c07a517e1ebeb65	707ba1c82dcdb9307ae9b809b15746a0585a5bda61f67b7ba74149f40b97fa8f
ch1_052	chapter1	第一章 · 失而复得的日常	S02		130	“爱理”	dialogue	啊！对了。你饿不饿？	ch1_051 | 旁白 | 基生看着她少根弦的样子，忽然有种怀念的感觉。毫无疑问，和十年前一样。	ch1_053 | 基生 | 嗯？啊，有点。	あ！ そうだ。お腹すいてない？	draft	AI 批量翻译初稿，需人工校对角色口吻与专名。		a2a1ec4a5d928de3984b8b10a35f2a6b455b5091cef7b68b8095882d8adeb8b5	707ba1c82dcdb9307ae9b809b15746a0585a5bda61f67b7ba74149f40b97fa8f
ch1_053	chapter1	第一章 · 失而复得的日常	S02		131	基生	dialogue	嗯？啊，有点。	ch1_052 | “爱理” | 啊！对了。你饿不饿？	ch1_054 | “爱理” | 刚才啊，在你醒来之前，我正准备去附近的便利店买点巧克力螺呢。	ん？ ああ、少し。	draft	AI 批量翻译初稿，需人工校对角色口吻与专名。		fce99bc02333dd3e4e672b019bc14eae44cb37d0815b477acc8ad4be1f14f662	707ba1c82dcdb9307ae9b809b15746a0585a5bda61f67b7ba74149f40b97fa8f
ch1_054	chapter1	第一章 · 失而复得的日常	S02		132	“爱理”	dialogue	刚才啊，在你醒来之前，我正准备去附近的便利店买点巧克力螺呢。	ch1_053 | 基生 | 嗯？啊，有点。	ch1_056 | “爱理” | 嗯！基生很喜欢吃那个吧？我记得你每天都要吃呢。	さっきね、基生が起きる前に、近くのコンビニでチョココロネを買おうと思ってたの。	draft	AI 批量翻译初稿，需人工校对角色口吻与专名。		8d0019bde2438a30d0c12e247cfb5f2b3ed7f6093dbe6b7a100c6a918ad8287d	707ba1c82dcdb9307ae9b809b15746a0585a5bda61f67b7ba74149f40b97fa8f
ch1_056	chapter1	第一章 · 失而复得的日常	S02		133	“爱理”	dialogue	嗯！基生很喜欢吃那个吧？我记得你每天都要吃呢。	ch1_054 | “爱理” | 刚才啊，在你醒来之前，我正准备去附近的便利店买点巧克力螺呢。	ch1_057 | 基生 | 确实，高中的时候像个傻子一样，天天都在吃……青春啊——啊，那个，现在就不用巧克力螺了……	うん！ 基生、好きだったでしょ？ 毎日食べてたの、覚えてるよ。	draft	AI 批量翻译初稿，需人工校对角色口吻与专名。		11fab1398e252c59e8b683ce6164c9be99006fd98b8ba6de26aa8d1672e74f3e	707ba1c82dcdb9307ae9b809b15746a0585a5bda61f67b7ba74149f40b97fa8f
ch1_057	chapter1	第一章 · 失而复得的日常	S02		134	基生	dialogue	确实，高中的时候像个傻子一样，天天都在吃……青春啊——啊，那个，现在就不用巧克力螺了……	ch1_056 | “爱理” | 嗯！基生很喜欢吃那个吧？我记得你每天都要吃呢。	ch1_059 | “爱理” | 是吗？	確かに高校の頃は、馬鹿みたいに毎日食べてたな……青春だなあ。あ、でも今はチョココロネじゃなくていいよ……	draft	AI 批量翻译初稿，需人工校对角色口吻与专名。		cf12e7c95a9a5da13b7b57e57f8a94608dc11fa9231f019ad7f935654d1b2b11	707ba1c82dcdb9307ae9b809b15746a0585a5bda61f67b7ba74149f40b97fa8f
ch1_059	chapter1	第一章 · 失而复得的日常	S02		135	“爱理”	dialogue	是吗？	ch1_057 | 基生 | 确实，高中的时候像个傻子一样，天天都在吃……青春啊——啊，那个，现在就不用巧克力螺了……	ch1_060 | 旁白 | 一切都和十年前一样——甚至相似得令人发指。	そうなの？	draft	AI 批量翻译初稿，需人工校对角色口吻与专名。		3fd7d489b65902d14b8b56e90199c1b6ad7e8282c11a9fa31735e1875855a6ab	707ba1c82dcdb9307ae9b809b15746a0585a5bda61f67b7ba74149f40b97fa8f
ch1_064	chapter1	第一章 · 失而复得的日常	S02		138	“爱理”	dialogue	怎么了，基生？	ch1_062 | 旁白 | 基生咽了咽口水，脑海里又浮现出昨晚那幅奇怪的场景。	ch1_065 | 基生 | 不……什么事都没有。	どうしたの、基生？	draft	AI 批量翻译初稿，需人工校对角色口吻与专名。		f780b19847014cb1ce10f814e9b6775d8527597ee4f37fe6ce9b85a7a929a76b	707ba1c82dcdb9307ae9b809b15746a0585a5bda61f67b7ba74149f40b97fa8f
ch1_065	chapter1	第一章 · 失而复得的日常	S02		139	基生	dialogue	不……什么事都没有。	ch1_064 | “爱理” | 怎么了，基生？	ch1_066 | “爱理” | 真奇怪～	いや……何でもない。	draft	AI 批量翻译初稿，需人工校对角色口吻与专名。		3b04f3e8c79863a5846ad20e415e9729690adf71be5298c7f8d4ac8a9065f8d6	707ba1c82dcdb9307ae9b809b15746a0585a5bda61f67b7ba74149f40b97fa8f
ch1_066	chapter1	第一章 · 失而复得的日常	S02		140	“爱理”	dialogue	真奇怪～	ch1_065 | 基生 | 不……什么事都没有。	ch1_070 | 旁白 | ——太好了。基生心想。此刻他不再需要答案，只需要眼前这个人。	変なの～。	draft	AI 批量翻译初稿，需人工校对角色口吻与专名。		382752df9bb59cc283a32b185b5718fd51d049bca3c2d32d09ed731f92e2f3fe	707ba1c82dcdb9307ae9b809b15746a0585a5bda61f67b7ba74149f40b97fa8f
ch1_071	chapter1	第一章 · 失而复得的日常	S02	A	142	“爱理”	dialogue	基生……我一直，都好想见你。最喜欢你了。	[分支候选 公共] ch1_070 | 旁白 | ——太好了。基生心想。此刻他不再需要答案，只需要眼前这个人。	[分支候选 公共] ch1_072 | 旁白 | ——但现在。现在，是梦还是妄想都无所谓了。现在，什么都无所谓了。	基生……私、ずっと会いたかった。大好きだよ。	draft	AI 批量翻译初稿，需人工校对角色口吻与专名。		eb172f8f4ddcb285edceedb04c0433c30cd6ec2d8696a6ff6ad44b5a2383e9ac	707ba1c82dcdb9307ae9b809b15746a0585a5bda61f67b7ba74149f40b97fa8f
ch1_081	chapter1	第一章 · 失而复得的日常	S03		151	“爱理”	dialogue	基生、那个啊……	ch1_079 | 旁白 | “2020/7/24 15:21”。基生把家里收拾了一下，一看手机，已经过去一个小时了。	ch1_082 | 基生 | 嗯？	基生、あのね……	draft	AI 批量翻译初稿，需人工校对角色口吻与专名。		d2551a3a517a498120ef2deb6a20fd6dca6407620f6f3e00f67a04e755cfd8ce	707ba1c82dcdb9307ae9b809b15746a0585a5bda61f67b7ba74149f40b97fa8f
ch1_082	chapter1	第一章 · 失而复得的日常	S03		152	基生	dialogue	嗯？	ch1_081 | “爱理” | 基生、那个啊……	ch1_083 | “爱理” | 呃、那个……其实啊，有件事想拜托你……接下来，我能不能在基生家里住一段时间呢？	ん？	draft	AI 批量翻译初稿，需人工校对角色口吻与专名。		9ffbd301ef00d3e39ccb1d205940375c5adcd16c05053b771250594c4eeeebae	707ba1c82dcdb9307ae9b809b15746a0585a5bda61f67b7ba74149f40b97fa8f
ch1_083	chapter1	第一章 · 失而复得的日常	S03		153	“爱理”	dialogue	呃、那个……其实啊，有件事想拜托你……接下来，我能不能在基生家里住一段时间呢？	ch1_082 | 基生 | 嗯？	ch1_084 | 基生 | 诶？	えっと、その……実は、お願いがあるんだけど……しばらく、基生の家に泊めてもらってもいいかな？	draft	AI 批量翻译初稿，需人工校对角色口吻与专名。		6171f062a0f5851023f2ce0047658a756457af5578c81deb5f36672d963a4d50	707ba1c82dcdb9307ae9b809b15746a0585a5bda61f67b7ba74149f40b97fa8f
ch1_084	chapter1	第一章 · 失而复得的日常	S03		154	基生	dialogue	诶？	ch1_083 | “爱理” | 呃、那个……其实啊，有件事想拜托你……接下来，我能不能在基生家里住一段时间呢？	ch1_085 | “爱理” | 不……不行吗？你不愿意吗？	え？	draft	AI 批量翻译初稿，需人工校对角色口吻与专名。		45723046aebf684d076c8a00648c2f54f3093b368b1f07584b1436e960d00234	707ba1c82dcdb9307ae9b809b15746a0585a5bda61f67b7ba74149f40b97fa8f
ch1_085	chapter1	第一章 · 失而复得的日常	S03		155	“爱理”	dialogue	不……不行吗？你不愿意吗？	ch1_084 | 基生 | 诶？	ch1_086 | 基生 | 不，没有！倒也不是不愿意……	だ……だめ？ 嫌かな？	draft	AI 批量翻译初稿，需人工校对角色口吻与专名。		05394f5421df0ab22241463cd0f43d4ccb97af7a9577987cb4ff68e816888acd	707ba1c82dcdb9307ae9b809b15746a0585a5bda61f67b7ba74149f40b97fa8f
ch1_086	chapter1	第一章 · 失而复得的日常	S03		156	基生	dialogue	不，没有！倒也不是不愿意……	ch1_085 | “爱理” | 不……不行吗？你不愿意吗？	ch1_087 | “爱理” | 拜托了，就让我住几天吧！	いや、違う！ 嫌ってわけじゃないんだ……	draft	AI 批量翻译初稿，需人工校对角色口吻与专名。		19c957b7c0b17423b44ab39994fcec2925a3ea838e81be95e4af2a3d262d492f	707ba1c82dcdb9307ae9b809b15746a0585a5bda61f67b7ba74149f40b97fa8f
ch1_087	chapter1	第一章 · 失而复得的日常	S03		157	“爱理”	dialogue	拜托了，就让我住几天吧！	ch1_086 | 基生 | 不，没有！倒也不是不愿意……	ch1_088 | 基生 | 但、但是……	お願い、何日かだけでいいから！	draft	AI 批量翻译初稿，需人工校对角色口吻与专名。		eeb7f9fcd2425ee105847de1570d1949d7dbf784337c3b16f26162e30d0a3b2e	707ba1c82dcdb9307ae9b809b15746a0585a5bda61f67b7ba74149f40b97fa8f
ch1_088	chapter1	第一章 · 失而复得的日常	S03		158	基生	dialogue	但、但是……	ch1_087 | “爱理” | 拜托了，就让我住几天吧！	ch1_089 | “爱理” | 毕竟！我们好不容易才见到啊……我想和基生多待一会儿嘛。	で、でも……	draft	AI 批量翻译初稿，需人工校对角色口吻与专名。		8d3aba1139a8429fc18739868f6558775eef6a82370ceed0248d3975349ea4e1	707ba1c82dcdb9307ae9b809b15746a0585a5bda61f67b7ba74149f40b97fa8f
ch1_089	chapter1	第一章 · 失而复得的日常	S03		159	“爱理”	dialogue	毕竟！我们好不容易才见到啊……我想和基生多待一会儿嘛。	ch1_088 | 基生 | 但、但是……	ch1_090 | 基生 | 我、我也是这么想的！但我家很小，也没什么有趣的东西……倒是有一些很老的游戏……	だって！ やっと会えたんだもん……もう少し、基生と一緒にいたいの。	draft	AI 批量翻译初稿，需人工校对角色口吻与专名。		640d92f37b0e731a1c3169869347c111f8c1a62878b9d5356dd9278b0be1981a	707ba1c82dcdb9307ae9b809b15746a0585a5bda61f67b7ba74149f40b97fa8f
ch1_090	chapter1	第一章 · 失而复得的日常	S03		160	基生	dialogue	我、我也是这么想的！但我家很小，也没什么有趣的东西……倒是有一些很老的游戏……	ch1_089 | “爱理” | 毕竟！我们好不容易才见到啊……我想和基生多待一会儿嘛。	ch1_091 | “爱理” | 不要紧啦！只要有基生在，我就很开心了！毕竟是难得的暑假嘛，你说是吧。好不好嘛？	ぼ、僕もそう思ってる！ でも、うちは狭いし、面白いものも何もないし……古いゲームなら少しあるけど……	draft	AI 批量翻译初稿，需人工校对角色口吻与专名。		10e13612c7ed50bc24f858414074aea05ecb1506783794fe487ff60fa785f1c6	707ba1c82dcdb9307ae9b809b15746a0585a5bda61f67b7ba74149f40b97fa8f
ch1_091	chapter1	第一章 · 失而复得的日常	S03		161	“爱理”	dialogue	不要紧啦！只要有基生在，我就很开心了！毕竟是难得的暑假嘛，你说是吧。好不好嘛？	ch1_090 | 基生 | 我、我也是这么想的！但我家很小，也没什么有趣的东西……倒是有一些很老的游戏……	ch1_092 | 基生 | ！	大丈夫だよ！ 基生がいてくれるだけで、私は嬉しいんだから！ せっかくの夏休みだもんね。ね、いいでしょ？	draft	AI 批量翻译初稿，需人工校对角色口吻与专名。		e2cc19376063204f4f7d841459c4ad7c70cb5efe4429100e826a27296523c02a	707ba1c82dcdb9307ae9b809b15746a0585a5bda61f67b7ba74149f40b97fa8f
ch1_092	chapter1	第一章 · 失而复得的日常	S03		162	基生	dialogue	！	ch1_091 | “爱理” | 不要紧啦！只要有基生在，我就很开心了！毕竟是难得的暑假嘛，你说是吧。好不好嘛？	ch1_093 | “爱理” | 拜托了！	！	draft	AI 批量翻译初稿，需人工校对角色口吻与专名。		37ffab502f21985f29aebdb50aa76bfaaa2434ca318f6d3e9e9f62a42a1f0a52	707ba1c82dcdb9307ae9b809b15746a0585a5bda61f67b7ba74149f40b97fa8f
ch1_093	chapter1	第一章 · 失而复得的日常	S03		163	“爱理”	dialogue	拜托了！	ch1_092 | 基生 | ！	ch1_094 | 基生 | 啊……嗯、好吧。只要爱理不介意……	お願い！	draft	AI 批量翻译初稿，需人工校对角色口吻与专名。		43df1d3dda8f7bfd0ac50d3e8d2b6d661f3b691667401ea0458636e392a2061f	707ba1c82dcdb9307ae9b809b15746a0585a5bda61f67b7ba74149f40b97fa8f
ch1_094	chapter1	第一章 · 失而复得的日常	S03		164	基生	dialogue	啊……嗯、好吧。只要爱理不介意……	ch1_093 | “爱理” | 拜托了！	ch1_095 | “爱理” | 太好了——！	あ……うん、分かった。愛理が気にしないなら……	draft	AI 批量翻译初稿，需人工校对角色口吻与专名。		e381d77c9ec1f2394e0c25805312c562d5ccd76e15879cc80ac305cda1a37cb1	707ba1c82dcdb9307ae9b809b15746a0585a5bda61f67b7ba74149f40b97fa8f
ch1_095	chapter1	第一章 · 失而复得的日常	S03		165	“爱理”	dialogue	太好了——！	ch1_094 | 基生 | 啊……嗯、好吧。只要爱理不介意……	ch1_098 | 基生 | 暑假……	やったー！	draft	AI 批量翻译初稿，需人工校对角色口吻与专名。		7028fca000eaae9b5d6f6264579a84b072187d73bd8e9c604c555997a17cb5ca	707ba1c82dcdb9307ae9b809b15746a0585a5bda61f67b7ba74149f40b97fa8f
ch1_098	chapter1	第一章 · 失而复得的日常	S03		166	基生	dialogue	暑假……	ch1_095 | “爱理” | 太好了——！	ch1_099 | “爱理” | “我还是第一次在基生家留宿呢。”	夏休み……	draft	AI 批量翻译初稿，需人工校对角色口吻与专名。		acdd5dc9603438b804a9a8f1bf096f5e4ea5854b84f74689f8d171e3bea9b932	707ba1c82dcdb9307ae9b809b15746a0585a5bda61f67b7ba74149f40b97fa8f
ch1_099	chapter1	第一章 · 失而复得的日常	S03		167	“爱理”	dialogue	“我还是第一次在基生家留宿呢。”	ch1_098 | 基生 | 暑假……	ch1_100 | 基生 | “嗯……”	基生の家にお泊まりするの、初めてだね。	draft	AI 批量翻译初稿，需人工校对角色口吻与专名。		a2b59fb4b08d7791b45921a6795aa40ada62b64f0086349b24944cedf52b4be6	707ba1c82dcdb9307ae9b809b15746a0585a5bda61f67b7ba74149f40b97fa8f
ch1_100	chapter1	第一章 · 失而复得的日常	S03		168	基生	dialogue	“嗯……”	ch1_099 | “爱理” | “我还是第一次在基生家留宿呢。”	ch1_101 | “爱理” | “今天做点什么好呢！”	『うん……』	draft	AI 批量翻译初稿，需人工校对角色口吻与专名。		55e8e275e7cbfde063e88eb9383986075d12570252b8387d710ffcd0737623c3	707ba1c82dcdb9307ae9b809b15746a0585a5bda61f67b7ba74149f40b97fa8f
ch1_101	chapter1	第一章 · 失而复得的日常	S03		169	“爱理”	dialogue	“今天做点什么好呢！”	ch1_100 | 基生 | “嗯……”	ch1_102 | 基生 | “嗯……”	今日は何しようかな！	draft	AI 批量翻译初稿，需人工校对角色口吻与专名。		40673b93059afcacbbf1f50d1221d1916029734a63da0fc5a0235af0184d9df6	707ba1c82dcdb9307ae9b809b15746a0585a5bda61f67b7ba74149f40b97fa8f
ch1_102	chapter1	第一章 · 失而复得的日常	S03		170	基生	dialogue	“嗯……”	ch1_101 | “爱理” | “今天做点什么好呢！”	ch1_103 | “爱理” | “啊对了，那个，能不能先借用一下浴室呢……？昨天在海边弄得身上黏黏的……”	『うん……』	draft	AI 批量翻译初稿，需人工校对角色口吻与专名。		55e8e275e7cbfde063e88eb9383986075d12570252b8387d710ffcd0737623c3	707ba1c82dcdb9307ae9b809b15746a0585a5bda61f67b7ba74149f40b97fa8f
ch1_103	chapter1	第一章 · 失而复得的日常	S03		171	“爱理”	dialogue	“啊对了，那个，能不能先借用一下浴室呢……？昨天在海边弄得身上黏黏的……”	ch1_102 | 基生 | “嗯……”	ch1_104 | 基生 | “嗯……”	あ、そうだ。あの、先にお風呂を借りてもいい……？ 昨日、海にいたから、体がべたべたして……	draft	AI 批量翻译初稿，需人工校对角色口吻与专名。		d29ed5416a05199048672774d7364046d2af2397dcbbdc7282876425d4e68e13	707ba1c82dcdb9307ae9b809b15746a0585a5bda61f67b7ba74149f40b97fa8f
ch1_104	chapter1	第一章 · 失而复得的日常	S03		172	基生	dialogue	“嗯……”	ch1_103 | “爱理” | “啊对了，那个，能不能先借用一下浴室呢……？昨天在海边弄得身上黏黏的……”	ch1_105 | “爱理” | 谢谢你～！	『うん……』	draft	AI 批量翻译初稿，需人工校对角色口吻与专名。		55e8e275e7cbfde063e88eb9383986075d12570252b8387d710ffcd0737623c3	707ba1c82dcdb9307ae9b809b15746a0585a5bda61f67b7ba74149f40b97fa8f
ch1_105	chapter1	第一章 · 失而复得的日常	S03		173	“爱理”	dialogue	谢谢你～！	ch1_104 | 基生 | “嗯……”	ch1_106 | 基生 | ……等下，怎么突然就答应了……我家的……浴室……最后一次，是什么时候打扫的来着？	ありがと～！	draft	AI 批量翻译初稿，需人工校对角色口吻与专名。		997f7161b6a5ec85b872fd0713102999b9de585e1c409766bf8cd99b50e3beab	707ba1c82dcdb9307ae9b809b15746a0585a5bda61f67b7ba74149f40b97fa8f
ch1_106	chapter1	第一章 · 失而复得的日常	S03		174	基生	dialogue	……等下，怎么突然就答应了……我家的……浴室……最后一次，是什么时候打扫的来着？	ch1_105 | “爱理” | 谢谢你～！	ch1_107 | 基生 | 爱理！！对不起！！我家的浴室很脏，你等一下——	……待て、どうして急に承諾したんだ……うちの……風呂場……最後に掃除したの、いつだったっけ？	draft	AI 批量翻译初稿，需人工校对角色口吻与专名。		2d0c2d9433f3ab0c1cfc8ab6639b66463cceb6750043c32d57d71a3237fab2db	707ba1c82dcdb9307ae9b809b15746a0585a5bda61f67b7ba74149f40b97fa8f
ch1_107	chapter1	第一章 · 失而复得的日常	S03		175	基生	dialogue	爱理！！对不起！！我家的浴室很脏，你等一下——	ch1_106 | 基生 | ……等下，怎么突然就答应了……我家的……浴室……最后一次，是什么时候打扫的来着？	ch1_109 | 旁白 | 基生赶紧冲进浴室，本想在“爱理”洗澡之前收拾一下，没想到却——眼前的少女刚准备换下衣服，似乎根本没有想到这里会来人。	愛理！！ ごめん！！ うちの風呂場、すごく汚いんだ。ちょっと待ってくれ——	draft	AI 批量翻译初稿，需人工校对角色口吻与专名。		bafff82d99047c9f16d8cab0b027261c2dac2d709914b3cd88cc80e70e187235	707ba1c82dcdb9307ae9b809b15746a0585a5bda61f67b7ba74149f40b97fa8f
ch1_110	chapter1	第一章 · 失而复得的日常	S03		177	基生	dialogue	啊……	ch1_109 | 旁白 | 基生赶紧冲进浴室，本想在“爱理”洗澡之前收拾一下，没想到却——眼前的少女刚准备换下衣服，似乎根本没有想到这里会来人。	ch1_111 | “爱理” | 啊诶？	あ……	draft	AI 批量翻译初稿，需人工校对角色口吻与专名。		a8276799c2b23d9863222b8ec0ecddd159bdf33828a0e3685405925a4ec5604f	707ba1c82dcdb9307ae9b809b15746a0585a5bda61f67b7ba74149f40b97fa8f
ch1_111	chapter1	第一章 · 失而复得的日常	S03		178	“爱理”	dialogue	啊诶？	ch1_110 | 基生 | 啊……	ch1_112 | 基生 | 爱……爱理……对不……	あ、え？	draft	AI 批量翻译初稿，需人工校对角色口吻与专名。		6b14b41c9e49041d0fedcd59ad16540b9dd92967e3187b5b0d6f4707e85f0a1d	707ba1c82dcdb9307ae9b809b15746a0585a5bda61f67b7ba74149f40b97fa8f
ch1_112	chapter1	第一章 · 失而复得的日常	S03		179	基生	dialogue	爱……爱理……对不……	ch1_111 | “爱理” | 啊诶？	ch1_113 | “爱理” | 呜呜……基生……	あ……愛理……ごめ……	draft	AI 批量翻译初稿，需人工校对角色口吻与专名。		5167b3356422e0f688b05b81d834e78e8f12a4bcfeecaa67ceaba668ebb0de27	707ba1c82dcdb9307ae9b809b15746a0585a5bda61f67b7ba74149f40b97fa8f
ch1_113	chapter1	第一章 · 失而复得的日常	S03		180	“爱理”	dialogue	呜呜……基生……	ch1_112 | 基生 | 爱……爱理……对不……	ch1_114 | 旁白 | 基生在门外等到“爱理”穿好衣服走出浴室，难为情地向她道歉。	うう……基生……	draft	AI 批量翻译初稿，需人工校对角色口吻与专名。		b6f3ffabfc0eb3a047d026f78fe5355c7e447b1d76f169a190305f7e0585d70d	707ba1c82dcdb9307ae9b809b15746a0585a5bda61f67b7ba74149f40b97fa8f
ch1_115	chapter1	第一章 · 失而复得的日常	S03		182	基生	dialogue	真的非常对不起……我不是故意想偷看……	ch1_114 | 旁白 | 基生在门外等到“爱理”穿好衣服走出浴室，难为情地向她道歉。	ch1_116 | “爱理” | 没事啦！我明白的！别在意！！	本当にごめん……わざと覗こうとしたんじゃないんだ……	draft	AI 批量翻译初稿，需人工校对角色口吻与专名。		097056e250ca6de548d841bca8068c461fa929565cc2858d13ab108085a26dd7	707ba1c82dcdb9307ae9b809b15746a0585a5bda61f67b7ba74149f40b97fa8f
ch1_116	chapter1	第一章 · 失而复得的日常	S03		183	“爱理”	dialogue	没事啦！我明白的！别在意！！	ch1_115 | 基生 | 真的非常对不起……我不是故意想偷看……	ch1_117 | 基生 | 我只是在想，不能让爱理进那么脏的浴室……我把这里打扫一下，你稍微等一下……	大丈夫！ 分かってるから！ 気にしないで！！	draft	AI 批量翻译初稿，需人工校对角色口吻与专名。		9a59332caf8f614800bc6107c7162c9791cadca033bddc9b711ee00f533fc1a6	707ba1c82dcdb9307ae9b809b15746a0585a5bda61f67b7ba74149f40b97fa8f
ch1_117	chapter1	第一章 · 失而复得的日常	S03		184	基生	dialogue	我只是在想，不能让爱理进那么脏的浴室……我把这里打扫一下，你稍微等一下……	ch1_116 | “爱理” | 没事啦！我明白的！别在意！！	ch1_118 | “爱理” | 嗯嗯。	愛理をあんな汚い風呂場に入れちゃいけないと思っただけなんだ……ここを掃除するから、少し待っててくれ……	draft	AI 批量翻译初稿，需人工校对角色口吻与专名。		62f2e81d244bb9ccc202b6b5d51a96a7a941bb8db8f0dc116f1e534bd65d921b	707ba1c82dcdb9307ae9b809b15746a0585a5bda61f67b7ba74149f40b97fa8f
ch1_118	chapter1	第一章 · 失而复得的日常	S03		185	“爱理”	dialogue	嗯嗯。	ch1_117 | 基生 | 我只是在想，不能让爱理进那么脏的浴室……我把这里打扫一下，你稍微等一下……	ch1_119 | 旁白 | 基生把浴室的每个角落都打扫干净，又翻出一条新浴巾，这才让“爱理”进去洗澡。	うん、うん。	draft	AI 批量翻译初稿，需人工校对角色口吻与专名。		b91506bcb2e5056dc63e9f5ed8923d350bfd3b5953471e559445569898d575f6	707ba1c82dcdb9307ae9b809b15746a0585a5bda61f67b7ba74149f40b97fa8f
ch1_121	chapter1	第一章 · 失而复得的日常	S03		188	“爱理”	dialogue	呼啊～好清爽～	ch1_120 | 旁白 | “爱理”洗完澡，依旧换上那身校服，把刚擦完头发的浴巾随意搭在肩膀上，一脸满足。	ch1_122 | 旁白 | 基生看着她微微呆滞，随后反应过来。	ふあ～、さっぱりした～。	draft	AI 批量翻译初稿，需人工校对角色口吻与专名。		a5b07df7c73805d27a00b27d247b6c08af45d08fdb55a0fcbfa12d0536035766	707ba1c82dcdb9307ae9b809b15746a0585a5bda61f67b7ba74149f40b97fa8f
ch1_123	chapter1	第一章 · 失而复得的日常	S03		190	基生	dialogue	我也去洗个澡……你在这里看看漫画等一会儿吧。	ch1_122 | 旁白 | 基生看着她微微呆滞，随后反应过来。	ch1_124 | “爱理” | 好的！啊，这部漫画已经出了那么多了？	僕もシャワーを浴びてくる……ここで漫画でも読んで待ってて。	draft	AI 批量翻译初稿，需人工校对角色口吻与专名。		e1097bc4ea298419a19e25bfe47b9bcbc7969109f3b721bff3b9203325b08484	707ba1c82dcdb9307ae9b809b15746a0585a5bda61f67b7ba74149f40b97fa8f
ch1_124	chapter1	第一章 · 失而复得的日常	S03		191	“爱理”	dialogue	好的！啊，这部漫画已经出了那么多了？	ch1_123 | 基生 | 我也去洗个澡……你在这里看看漫画等一会儿吧。	ch1_125 | 基生 | 嗯？是啊……	はーい！ あ、この漫画、もうこんなに出てるんだ？	draft	AI 批量翻译初稿，需人工校对角色口吻与专名。		072a12b3efedfb71af411fcac665dcae5fab7fbe1d05bc887786cc5154068fd3	707ba1c82dcdb9307ae9b809b15746a0585a5bda61f67b7ba74149f40b97fa8f
ch1_125	chapter1	第一章 · 失而复得的日常	S03		192	基生	dialogue	嗯？是啊……	ch1_124 | “爱理” | 好的！啊，这部漫画已经出了那么多了？	ch1_126 | “爱理” | 哇～太好了～！我一直很好奇后面的剧情，好开心啊～	ん？ そうだな……	draft	AI 批量翻译初稿，需人工校对角色口吻与专名。		43d9e7568d30b337e0a22f062358c8fa3c9525503542130a569a48b739c9c805	707ba1c82dcdb9307ae9b809b15746a0585a5bda61f67b7ba74149f40b97fa8f
ch1_126	chapter1	第一章 · 失而复得的日常	S03		193	“爱理”	dialogue	哇～太好了～！我一直很好奇后面的剧情，好开心啊～	ch1_125 | 基生 | 嗯？是啊……	ch1_127 | 旁白 | 基生看着她仿佛发现新大陆一样的表情，也露出了笑容。	わあ、やった～！ 続きがずっと気になってたの。嬉しいな～。	draft	AI 批量翻译初稿，需人工校对角色口吻与专名。		3b9e3dcfd0cfec87c2e64c96f9647a61278c36a232bbd5eee3db3a9ff4008b6e	707ba1c82dcdb9307ae9b809b15746a0585a5bda61f67b7ba74149f40b97fa8f
ch1_129	chapter1	第一章 · 失而复得的日常	S03		195	“爱理”	dialogue	嗯！	ch1_127 | 旁白 | 基生看着她仿佛发现新大陆一样的表情，也露出了笑容。	ch1_130 | 旁白 | 基生洗完澡出来，看到“爱理”正坐在床上看漫画，把枕头弯起来当背靠。于是他也拿了一本早就看过不知多少遍的漫画，坐在床边看了起来。虽是看过很多遍，这一遍却不知为何如此新奇。	うん！	draft	AI 批量翻译初稿，需人工校对角色口吻与专名。		f0c36bcc0b04635bb08c4f269dad45cd20df480f7664e88d4917cacbe026b2be	707ba1c82dcdb9307ae9b809b15746a0585a5bda61f67b7ba74149f40b97fa8f
ch1_131	chapter1	第一章 · 失而复得的日常	S03		197	“爱理”	dialogue	基生，等你看完之后，我们去打游戏吧！	ch1_130 | 旁白 | 基生洗完澡出来，看到“爱理”正坐在床上看漫画，把枕头弯起来当背靠。于是他也拿了一本早就看过不知多少遍的漫画，坐在床边看了起来。虽是看过很多遍，这一遍却不知为何如此新奇。	ch1_133 | 旁白 | 基生打开电脑，拿出两个手柄，挑了一个双人游戏，和“爱理”一起玩了起来。基生一直放水，但“爱理”还是输了好几次。	基生、読み終わったら、一緒にゲームしよう！	draft	AI 批量翻译初稿，需人工校对角色口吻与专名。		d3a9e610fdadc303822149702a12b12dc18a912953b668333303a23c12eb95d4	707ba1c82dcdb9307ae9b809b15746a0585a5bda61f67b7ba74149f40b97fa8f
ch1_134	chapter1	第一章 · 失而复得的日常	S03		199	“爱理”	dialogue	哇——又输了……呜～	ch1_133 | 旁白 | 基生打开电脑，拿出两个手柄，挑了一个双人游戏，和“爱理”一起玩了起来。基生一直放水，但“爱理”还是输了好几次。	ch1_135 | 旁白 | 基生看着身旁的少女，突然觉得生活又开始有了色彩——不再是以前那种死寂的蓝。	わあ、また負けた……うう～。	draft	AI 批量翻译初稿，需人工校对角色口吻与专名。		aa91877999b0991dc72f1b119faaef2c60cde5aa3745a0341894246c53ce34f4	707ba1c82dcdb9307ae9b809b15746a0585a5bda61f67b7ba74149f40b97fa8f
ch1_138	chapter1	第一章 · 失而复得的日常	S03		202	基生	dialogue	啊，都已经这个点了……	ch1_137 | 旁白 | 等他们打完游戏，抬头看表，已经晚上七点半了。	ch1_139 | “爱理” | 真的呢！时间过得好快啊！	あ、もうこんな時間か……	draft	AI 批量翻译初稿，需人工校对角色口吻与专名。		190554896a07836f231e70be65493edbfdc24554170c2faee0a89b97347f6a99	707ba1c82dcdb9307ae9b809b15746a0585a5bda61f67b7ba74149f40b97fa8f
ch1_139	chapter1	第一章 · 失而复得的日常	S03		203	“爱理”	dialogue	真的呢！时间过得好快啊！	ch1_138 | 基生 | 啊，都已经这个点了……	ch1_140 | 基生 | 对了。我们去买点吃的吧——	ほんとだ！ あっという間だね！	draft	AI 批量翻译初稿，需人工校对角色口吻与专名。		bc4aeec0147587d5208080261cda2bcb747e9a73b567f7f4527327220ce53c08	707ba1c82dcdb9307ae9b809b15746a0585a5bda61f67b7ba74149f40b97fa8f
ch1_140	chapter1	第一章 · 失而复得的日常	S03		204	基生	dialogue	对了。我们去买点吃的吧——	ch1_139 | “爱理” | 真的呢！时间过得好快啊！	ch1_141 | 旁白 | “爱理”忽然沉默了。	そうだ。何か食べるものを買いに行こう——	draft	AI 批量翻译初稿，需人工校对角色口吻与专名。		19fc82f41cbef1a48ae03461795f2c9c3175e374fdf65ddaf3fd930664c617fc	707ba1c82dcdb9307ae9b809b15746a0585a5bda61f67b7ba74149f40b97fa8f
ch1_142	chapter1	第一章 · 失而复得的日常	S03		206	基生	dialogue	……“爱理”？	ch1_141 | 旁白 | “爱理”忽然沉默了。	ch1_143 | “爱理” | 嗯！	……『愛理』？	draft	AI 批量翻译初稿，需人工校对角色口吻与专名。		e66446ea8e828dfa70bb20cf69e1f3c3f7c40b992ee7cfb2232c83d88eae3a84	707ba1c82dcdb9307ae9b809b15746a0585a5bda61f67b7ba74149f40b97fa8f
ch1_143	chapter1	第一章 · 失而复得的日常	S03		207	“爱理”	dialogue	嗯！	ch1_142 | 基生 | ……“爱理”？	ch1_s04 | 旁白 | 便利店之夜	うん！	draft	AI 批量翻译初稿，需人工校对角色口吻与专名。		f0c36bcc0b04635bb08c4f269dad45cd20df480f7664e88d4917cacbe026b2be	707ba1c82dcdb9307ae9b809b15746a0585a5bda61f67b7ba74149f40b97fa8f
ch1_147	chapter1	第一章 · 失而复得的日常	S04		210	“爱理”	dialogue	我要这个，还有这个！	ch1_146 | 旁白 | 两人来到附近的一家便利店。“爱理”一看到冰柜里的冰淇淋就 挪不开腿。	ch1_148 | 基生 | 啊……冰淇淋等下再拿……会化掉的……	これと、あとこれも！	draft	AI 批量翻译初稿，需人工校对角色口吻与专名。		45bd6324939323feda635c2dc03de5a9063a3a40984806b6409c5fddeed4c1f7	707ba1c82dcdb9307ae9b809b15746a0585a5bda61f67b7ba74149f40b97fa8f
ch1_148	chapter1	第一章 · 失而复得的日常	S04		211	基生	dialogue	啊……冰淇淋等下再拿……会化掉的……	ch1_147 | “爱理” | 我要这个，还有这个！	ch1_149 | 旁白 | 基生和“爱理”站在货架前挑选食物。	あ……アイスはあとで取ろう……溶けちゃうから……	draft	AI 批量翻译初稿，需人工校对角色口吻与专名。		746fe4ec4d322672ce70d6998411ec9ea80c92dc6c902414366e988cae67c68e	707ba1c82dcdb9307ae9b809b15746a0585a5bda61f67b7ba74149f40b97fa8f
ch1_151	chapter1	第一章 · 失而复得的日常	S04		213	基生	dialogue	爱理，想吃哪个？	ch1_149 | 旁白 | 基生和“爱理”站在货架前挑选食物。	ch1_152 | “爱理” | 唔——嗯……看起来都很好吃……	愛理、どれが食べたい？	draft	AI 批量翻译初稿，需人工校对角色口吻与专名。		7970f891d01dde5dbed913b5b703b202b85c3117adb78a075e25c33be57cdb25	707ba1c82dcdb9307ae9b809b15746a0585a5bda61f67b7ba74149f40b97fa8f
ch1_152	chapter1	第一章 · 失而复得的日常	S04		214	“爱理”	dialogue	唔——嗯……看起来都很好吃……	ch1_151 | 基生 | 爱理，想吃哪个？	ch1_153 | 基生 | 你还是那么选择困难症啊。这个怎么样？感觉你会喜欢。	うーん……どれもおいしそう……	draft	AI 批量翻译初稿，需人工校对角色口吻与专名。		aa6da5509956350c0b6cd98c116b08543c7e25bf121f1a2989139d1818df3b18	707ba1c82dcdb9307ae9b809b15746a0585a5bda61f67b7ba74149f40b97fa8f
ch1_153	chapter1	第一章 · 失而复得的日常	S04		215	基生	dialogue	你还是那么选择困难症啊。这个怎么样？感觉你会喜欢。	ch1_152 | “爱理” | 唔——嗯……看起来都很好吃……	ch1_154 | “爱理” | 这个啊……好纠结啊……	相変わらず優柔不断だな。これはどう？ 愛理が好きそうだ。	draft	AI 批量翻译初稿，需人工校对角色口吻与专名。		7f6a4f850bfb272e58aced6c90332dd73c09c1f833ac092dca3670d9a4ce6012	707ba1c82dcdb9307ae9b809b15746a0585a5bda61f67b7ba74149f40b97fa8f
ch1_154	chapter1	第一章 · 失而复得的日常	S04		216	“爱理”	dialogue	这个啊……好纠结啊……	ch1_153 | 基生 | 你还是那么选择困难症啊。这个怎么样？感觉你会喜欢。	ch1_155 | 旁白 | 基生看着“爱理”纠结的表情，忍不住轻笑。但耳畔似乎传来一些不和谐的声音——	それは……迷うなあ……	draft	AI 批量翻译初稿，需人工校对角色口吻与专名。		29b58f88b9709d34960b930e586cf41c63aa2ee903455e832f36a3d64e59b94d	707ba1c82dcdb9307ae9b809b15746a0585a5bda61f67b7ba74149f40b97fa8f
review_1e8d9db9-cde6-4c26-8ecc-2190ca8bcaa8	chapter1	第一章 · 失而复得的日常	S04		218	无	dialogue	有点像	ch1_155 | 旁白 | 基生看着“爱理”纠结的表情，忍不住轻笑。但耳畔似乎传来一些不和谐的声音——	review_ddadc17e-6b0d-4084-8a5b-19e2bab782a0 | 无 | 呜——哇，好可怕啊——		untranslated			1f0bc67c781d5236cffd8bf7be9f7aa9db4b446b208315bb69a12c8eee7441cf	707ba1c82dcdb9307ae9b809b15746a0585a5bda61f67b7ba74149f40b97fa8f
review_ddadc17e-6b0d-4084-8a5b-19e2bab782a0	chapter1	第一章 · 失而复得的日常	S04		219	无	dialogue	呜——哇，好可怕啊——	review_1e8d9db9-cde6-4c26-8ecc-2190ca8bcaa8 | 无 | 有点像	review_304949c9-2980-4636-9b68-9f4ff3bd6dfe | 无 | 你等下啦，他听得到的……		untranslated			21cf78fed357c8d6e45d186271dd690ffb3e34697887c5eebf52463fd2b59b76	707ba1c82dcdb9307ae9b809b15746a0585a5bda61f67b7ba74149f40b97fa8f
review_304949c9-2980-4636-9b68-9f4ff3bd6dfe	chapter1	第一章 · 失而复得的日常	S04		220	无	dialogue	你等下啦，他听得到的……	review_ddadc17e-6b0d-4084-8a5b-19e2bab782a0 | 无 | 呜——哇，好可怕啊——	ch1_158 | 旁白 | 他回头诧异地看向路人，就在这时，刚好看见了旁边的镜子——		untranslated			c37fb0f4b533617a1ff020e7f3a8c7d644659afa29bf4672838b5e66792cb0f1	707ba1c82dcdb9307ae9b809b15746a0585a5bda61f67b7ba74149f40b97fa8f
ch1_161	chapter1	第一章 · 失而复得的日常	S04		222	“爱理”	dialogue	怎么了？基生。怎么在看镜子……	ch1_158 | 旁白 | 他回头诧异地看向路人，就在这时，刚好看见了旁边的镜子——	ch1_162 | 基生 | 啊，不是，就感觉……有点，怎么说呢……	どうしたの、基生。鏡なんか見て……	draft	AI 批量翻译初稿，需人工校对角色口吻与专名。		d6e16b651ebb36b3119aa865fcb7007399e6e0484fc55ce578ccec4a7b9fe7c9	707ba1c82dcdb9307ae9b809b15746a0585a5bda61f67b7ba74149f40b97fa8f
ch1_162	chapter1	第一章 · 失而复得的日常	S04		223	基生	dialogue	啊，不是，就感觉……有点，怎么说呢……	ch1_161 | “爱理” | 怎么了？基生。怎么在看镜子……	ch1_164 | 基生 | 快点回家吧，老妹。	あ、いや、なんというか……ちょっと、何て言えばいいのか……	draft	AI 批量翻译初稿，需人工校对角色口吻与专名。		c2e53d9dcafaf6d59d52a8b0fb85697b1b222baac68b92550680b746cb8ee37e	707ba1c82dcdb9307ae9b809b15746a0585a5bda61f67b7ba74149f40b97fa8f
ch1_164	chapter1	第一章 · 失而复得的日常	S04		224	基生	dialogue	快点回家吧，老妹。	ch1_162 | 基生 | 啊，不是，就感觉……有点，怎么说呢……	ch1_165 | “爱理” | 老妹？	早く帰ろう、妹よ。	draft	AI 批量翻译初稿，需人工校对角色口吻与专名。		909f2fa60051262acb2fcfc39f09a1399b1fb7ef088ff6ef387e8cf2ab0a956d	707ba1c82dcdb9307ae9b809b15746a0585a5bda61f67b7ba74149f40b97fa8f
ch1_165	chapter1	第一章 · 失而复得的日常	S04		225	“爱理”	dialogue	老妹？	ch1_164 | 基生 | 快点回家吧，老妹。	ch1_166 | 门口的感应门铃响起 | “多谢惠顾——”	妹？	draft	AI 批量翻译初稿，需人工校对角色口吻与专名。		4783c2bbec89a22031ae48a38a8483efb556a04de0732493208a2064e9c44a02	707ba1c82dcdb9307ae9b809b15746a0585a5bda61f67b7ba74149f40b97fa8f
ch1_166	chapter1	第一章 · 失而复得的日常	S04		226	门口的感应门铃响起	dialogue	“多谢惠顾——”	ch1_165 | “爱理” | 老妹？	ch1_167 | 基生 | 别管了！		untranslated			5f21b4af908596e121e1e102fba05f45b44e17129d58fdd0a6b2a771f4230711	707ba1c82dcdb9307ae9b809b15746a0585a5bda61f67b7ba74149f40b97fa8f
ch1_167	chapter1	第一章 · 失而复得的日常	S04		227	基生	dialogue	别管了！	ch1_166 | 门口的感应门铃响起 | “多谢惠顾——”	ch1_168 | “爱理” | ？	気にするな！	draft	AI 批量翻译初稿，需人工校对角色口吻与专名。		1bf01d13dbdf11b7ae3632169b70a1e5ff86283dc43e2f79ce199f39ca667330	707ba1c82dcdb9307ae9b809b15746a0585a5bda61f67b7ba74149f40b97fa8f
ch1_168	chapter1	第一章 · 失而复得的日常	S04		228	“爱理”	dialogue	？	ch1_167 | 基生 | 别管了！	ch1_169 | 旁白 | “咔嗒”——门在两人身后合上。	え？	draft	原文仅问号，配音初稿使用疑问声「え？」；需听审确认。		62aed6a8270cd691956302937a986fc6fbb45b906ba828b598fbc4b4ef5c6e4f	707ba1c82dcdb9307ae9b809b15746a0585a5bda61f67b7ba74149f40b97fa8f
ch1_171	chapter1	第一章 · 失而复得的日常	S04		230	“爱理”	dialogue	基生你没事吧？脸色好差哦……是不是累了？	ch1_169 | 旁白 | “咔嗒”——门在两人身后合上。	ch1_172 | 基生 | 不，我没事……就吃杯面就行了吗？	基生、大丈夫？ 顔色、悪いよ……疲れちゃった？	draft	AI 批量翻译初稿，需人工校对角色口吻与专名。		059bef829614627eaa906cfa1d411c0348b5cd2d651608e6f425cf7f8c7ab739	707ba1c82dcdb9307ae9b809b15746a0585a5bda61f67b7ba74149f40b97fa8f
ch1_172	chapter1	第一章 · 失而复得的日常	S04		231	基生	dialogue	不，我没事……就吃杯面就行了吗？	ch1_171 | “爱理” | 基生你没事吧？脸色好差哦……是不是累了？	ch1_173 | “爱理” | 嗯！吃完杯面以后，关了灯一边看电影一边喝可乐、吃爆米花！还有冰淇淋！	いや、僕は大丈夫……カップ麺でいいのか？	draft	AI 批量翻译初稿，需人工校对角色口吻与专名。		a5f38ee69deca598eb5821ba9d72150b7a946be1f3e8c14fbf82a00f9d63bf91	707ba1c82dcdb9307ae9b809b15746a0585a5bda61f67b7ba74149f40b97fa8f
ch1_173	chapter1	第一章 · 失而复得的日常	S04		232	“爱理”	dialogue	嗯！吃完杯面以后，关了灯一边看电影一边喝可乐、吃爆米花！还有冰淇淋！	ch1_172 | 基生 | 不，我没事……就吃杯面就行了吗？	ch1_174 | 基生 | 好的好的……	うん！ カップ麺を食べたら、電気を消して、映画を観ながらコーラとポップコーン！ あと、アイスも！	draft	AI 批量翻译初稿，需人工校对角色口吻与专名。		670ff232604daffeb052b55d4d06f8714abe12710225aeec9469402c3f33d47a	707ba1c82dcdb9307ae9b809b15746a0585a5bda61f67b7ba74149f40b97fa8f
ch1_174	chapter1	第一章 · 失而复得的日常	S04		233	基生	dialogue	好的好的……	ch1_173 | “爱理” | 嗯！吃完杯面以后，关了灯一边看电影一边喝可乐、吃爆米花！还有冰淇淋！	ch1_175 | “爱理” | 啊！我想看这个！	はいはい……	draft	AI 批量翻译初稿，需人工校对角色口吻与专名。		ad4c4264271f71630a2aa2898cd2fabc0afad0f0ed1b82525845cdd783500e9a	707ba1c82dcdb9307ae9b809b15746a0585a5bda61f67b7ba74149f40b97fa8f
ch1_175	chapter1	第一章 · 失而复得的日常	S04		234	“爱理”	dialogue	啊！我想看这个！	ch1_174 | 基生 | 好的好的……	ch1_176 | 基生 | 嗯嗯，好啊。	あ！ これ観たい！	draft	AI 批量翻译初稿，需人工校对角色口吻与专名。		7cdbfe95eab9aa93ca9f4e935bf3e91bbbdc65afe1a228cbece1661ae95700ac	707ba1c82dcdb9307ae9b809b15746a0585a5bda61f67b7ba74149f40b97fa8f
ch1_176	chapter1	第一章 · 失而复得的日常	S04		235	基生	dialogue	嗯嗯，好啊。	ch1_175 | “爱理” | 啊！我想看这个！	ch1_177 | “爱理” | 野乃说这个很有趣呢——	うんうん、いいよ。	draft	AI 批量翻译初稿，需人工校对角色口吻与专名。		beba3243e4d2c1e1659573b44e0a9ab16e0e0f2345127f42c29d1f10efa1b646	707ba1c82dcdb9307ae9b809b15746a0585a5bda61f67b7ba74149f40b97fa8f
ch1_177	chapter1	第一章 · 失而复得的日常	S04		236	“爱理”	dialogue	野乃说这个很有趣呢——	ch1_176 | 基生 | 嗯嗯，好啊。	ch1_178 | 基生 | 野乃？啊～是爱理的表妹吗……	野乃が、これ面白いって言ってたんだ～。	draft	AI 批量翻译初稿，需人工校对角色口吻与专名。		448a6b4cd7c8cb3ab81eb066faa7c58ba111e0390590f07b592c433e1f9fe581	707ba1c82dcdb9307ae9b809b15746a0585a5bda61f67b7ba74149f40b97fa8f
ch1_178	chapter1	第一章 · 失而复得的日常	S04		237	基生	dialogue	野乃？啊～是爱理的表妹吗……	ch1_177 | “爱理” | 野乃说这个很有趣呢——	ch1_179 | 旁白 | 基生看着“爱理”一脸紧张地盯着这部恐怖片，陷入了沉思。	野乃？ ああ、愛理の従妹か……	draft	AI 批量翻译初稿，需人工校对角色口吻与专名。		a4c5ffccffc6ea2568e54cd78ff6f75110d062bff01d903c64d2908a0a5c5c70	707ba1c82dcdb9307ae9b809b15746a0585a5bda61f67b7ba74149f40b97fa8f
review_ae6a8059-52f9-4db9-a2e1-0c555e94b731	chapter1	第一章 · 失而复得的日常	S04		239	基生	dialogue	不论怎么看，我们都是大人和小孩。脑海中闪过“爱理”这几天的形象与行为——穿着制服，说着“暑假”，浴室里露出的身体依旧是少女的形态……	ch1_179 | 旁白 | 基生看着“爱理”一脸紧张地盯着这部恐怖片，陷入了沉思。	ch1_180 | 基生 | 爱理，真的还是十年前我知道的那副模样。不论是外表，还是内在，全部一模一样。	どう見ても、僕たちは大人と子供だ。この数日間の『愛理』の姿や振る舞いが頭をよぎる——制服を着て、『夏休み』の話をして、風呂場で見えた身体もまだ少女のままだった……	draft	AI 批量翻译初稿，需人工校对角色口吻与专名。		0593e1d79d4c4815a1b040b89deaed9349cf6d7b5254abff3d1d6e150f5a5c3a	707ba1c82dcdb9307ae9b809b15746a0585a5bda61f67b7ba74149f40b97fa8f
ch1_180	chapter1	第一章 · 失而复得的日常	S04		240	基生	dialogue	爱理，真的还是十年前我知道的那副模样。不论是外表，还是内在，全部一模一样。	review_ae6a8059-52f9-4db9-a2e1-0c555e94b731 | 基生 | 不论怎么看，我们都是大人和小孩。脑海中闪过“爱理”这几天的形象与行为——穿着制服，说着“暑假”，浴室里露出的身体依旧是少女的形态……	[分支候选 B] ch1_188 | 基生 | 爱理”眼中的“我”究竟是什么样子？她对“现在的我”接受得过于自然了——除非她看见的，从来就不是 28 岁的成田基生。	愛理は本当に、十年前に僕が知っていた姿のままだ。外見も、中身も、何もかも同じだ。	draft	AI 批量翻译初稿，需人工校对角色口吻与专名。		489da165ee21ae1ee546e7432fa8427dc4266d02ce7a4a8e4f12fbd65846959e	707ba1c82dcdb9307ae9b809b15746a0585a5bda61f67b7ba74149f40b97fa8f
ch1_188	chapter1	第一章 · 失而复得的日常	S04	B	241	基生	dialogue	爱理”眼中的“我”究竟是什么样子？她对“现在的我”接受得过于自然了——除非她看见的，从来就不是 28 岁的成田基生。	[分支候选 公共] ch1_180 | 基生 | 爱理，真的还是十年前我知道的那副模样。不论是外表，还是内在，全部一模一样。	[分支候选 公共] ch1_189 | 旁白 | 推理到此为止。基生摇了摇头，把纷乱的念头赶走——既然决定相信，就不再深究。他只要眼前的“爱理”还在笑，就够了。	『愛理』の目に映る『僕』は、いったいどんな姿なんだ？ 『今の僕』をあまりにも自然に受け入れている——彼女に見えているのが、最初から二十八歳の成田基生ではないとしたら。	draft	AI 批量翻译初稿，需人工校对角色口吻与专名。		e9832ce50c6aba4a6a160c9dbdee9895306b56e18a46ab0eee2104ce9ed42cb5	707ba1c82dcdb9307ae9b809b15746a0585a5bda61f67b7ba74149f40b97fa8f
ch1_190	chapter1	第一章 · 失而复得的日常	S04		243	基生	dialogue	……在爱理的眼中，我究竟是什么样的呢。	ch1_189 | 旁白 | 推理到此为止。基生摇了摇头，把纷乱的念头赶走——既然决定相信，就不再深究。他只要眼前的“爱理”还在笑，就够了。	ch1_191 | “爱理” | 哈啊啊～真的很有趣呢……	……愛理の目には、僕はいったいどんなふうに見えているんだろう。	draft	AI 批量翻译初稿，需人工校对角色口吻与专名。		d40875b4b734467d68c115c5d7ecb3760a9a0466792eca8971695a6ae40a1a0e	707ba1c82dcdb9307ae9b809b15746a0585a5bda61f67b7ba74149f40b97fa8f
ch1_191	chapter1	第一章 · 失而复得的日常	S04		244	“爱理”	dialogue	哈啊啊～真的很有趣呢……	ch1_190 | 基生 | ……在爱理的眼中，我究竟是什么样的呢。	ch1_192 | 基生 | 嗯……	はあ～、本当に面白かったね……	draft	AI 批量翻译初稿，需人工校对角色口吻与专名。		1246bd80660af6cdfa37b0b4c2a618271ba72059067390c7ece0fbea847dcd6c	707ba1c82dcdb9307ae9b809b15746a0585a5bda61f67b7ba74149f40b97fa8f
ch1_192	chapter1	第一章 · 失而复得的日常	S04		245	基生	dialogue	嗯……	ch1_191 | “爱理” | 哈啊啊～真的很有趣呢……	ch1_193 | “爱理” | 不过，晚上在家里一起看电影，真的让人有种“在外留宿”的感觉呢！	うん……	draft	AI 批量翻译初稿，需人工校对角色口吻与专名。		bc1dd2ee36de7fd70418e978c7dce21493f5db4a92e0c6b08d3f2fc5e8024683	707ba1c82dcdb9307ae9b809b15746a0585a5bda61f67b7ba74149f40b97fa8f
ch1_193	chapter1	第一章 · 失而复得的日常	S04		246	“爱理”	dialogue	不过，晚上在家里一起看电影，真的让人有种“在外留宿”的感觉呢！	ch1_192 | 基生 | 嗯……	ch1_194 | 旁白 | 基生微微愣神。	でも、夜に家で一緒に映画を観ると、いかにもお泊まりって感じがするね！	draft	AI 批量翻译初稿，需人工校对角色口吻与专名。		706a5422f169b953e764ea0f7a3a7544100377676b49d495f1f67894e2e25672	707ba1c82dcdb9307ae9b809b15746a0585a5bda61f67b7ba74149f40b97fa8f
review_50a8f20c-1917-4e68-8d3e-d85f9e414917	chapter1	第一章 · 失而复得的日常	S04		248	基生	dialogue	“在外留宿”啊……确实，高中的时候我和爱理都是住在自己家里的……完全没想到事到如今，还能和爱理一起吃杯面、一起看电影、一起做各种各样的事。	ch1_194 | 旁白 | 基生微微愣神。	ch1_196 | 基生 | 这么一思考，就禁不住意识到了某些事——这也是、没有办法的啊……	『外泊』か……確かに、高校の頃は僕も愛理もそれぞれ自分の家に住んでいた……今になって愛理とカップ麺を食べたり、映画を見たり、いろんなことを一緒にできるなんて、思ってもみなかった。	draft	AI 批量翻译初稿，需人工校对角色口吻与专名。		517f75a18f358f94d3c70504c639ee2374502e4884d6de7f94cd2943e11d6546	707ba1c82dcdb9307ae9b809b15746a0585a5bda61f67b7ba74149f40b97fa8f
ch1_196	chapter1	第一章 · 失而复得的日常	S04		249	基生	dialogue	这么一思考，就禁不住意识到了某些事——这也是、没有办法的啊……	review_50a8f20c-1917-4e68-8d3e-d85f9e414917 | 基生 | “在外留宿”啊……确实，高中的时候我和爱理都是住在自己家里的……完全没想到事到如今，还能和爱理一起吃杯面、一起看电影、一起做各种各样的事。	ch1_197 | “爱理” | 对了、基生……	そう考えると、どうしてもあることを意識してしまう——こればかりは、仕方ないよな……	draft	AI 批量翻译初稿，需人工校对角色口吻与专名。		43e5a663ee46854ded2cd21ff6a0c617775d51cd6f24138e2a42d4d27c5e05af	707ba1c82dcdb9307ae9b809b15746a0585a5bda61f67b7ba74149f40b97fa8f
ch1_197	chapter1	第一章 · 失而复得的日常	S04		250	“爱理”	dialogue	对了、基生……	ch1_196 | 基生 | 这么一思考，就禁不住意识到了某些事——这也是、没有办法的啊……	ch1_198 | 基生 | 嗯？	ねえ、基生……	draft	AI 批量翻译初稿，需人工校对角色口吻与专名。		119f11402692a5e0a9cd3a87fe7c427a2c52365acbb36ad2ecdcdba90fe43829	707ba1c82dcdb9307ae9b809b15746a0585a5bda61f67b7ba74149f40b97fa8f
ch1_198	chapter1	第一章 · 失而复得的日常	S04		251	基生	dialogue	嗯？	ch1_197 | “爱理” | 对了、基生……	ch1_199 | 旁白 | “爱理”坐在木地板上，看着他的眼睛。	ん？	draft	AI 批量翻译初稿，需人工校对角色口吻与专名。		f814b3980b6b19373badafa10b82b9d2b66c0c8f23b8835663ffa48caa0ba12f	707ba1c82dcdb9307ae9b809b15746a0585a5bda61f67b7ba74149f40b97fa8f
ch1_200	chapter1	第一章 · 失而复得的日常	S04		253	“爱理”	dialogue	接下来……做点什么呢……？	ch1_199 | 旁白 | “爱理”坐在木地板上，看着他的眼睛。	ch1_202 | 基生 | 做……做些……什么……？	このあと……何しよっか……？	draft	AI 批量翻译初稿，需人工校对角色口吻与专名。		bcdc45c73427b2e85ce185ac7bd07b5c8effeba5f29126c4b33684d1a88ddae9	707ba1c82dcdb9307ae9b809b15746a0585a5bda61f67b7ba74149f40b97fa8f
ch1_202	chapter1	第一章 · 失而复得的日常	S04		254	基生	dialogue	做……做些……什么……？	ch1_200 | “爱理” | 接下来……做点什么呢……？	ch1_203 | “爱理” | 什么事情都可以哦。只要是基生想和我一起做的事情……	な……何か……するって……？	draft	AI 批量翻译初稿，需人工校对角色口吻与专名。		80ed96a2fc08681e3f516b44e25a5ce7335c1c8104dcf2bd2ebe0b2e899f9f7a	707ba1c82dcdb9307ae9b809b15746a0585a5bda61f67b7ba74149f40b97fa8f
ch1_203	chapter1	第一章 · 失而复得的日常	S04		255	“爱理”	dialogue	什么事情都可以哦。只要是基生想和我一起做的事情……	ch1_202 | 基生 | 做……做些……什么……？	ch1_204 | 基生 | 爱理……	何でもいいよ。基生が、私と一緒にしたいことなら……	draft	AI 批量翻译初稿，需人工校对角色口吻与专名。		4964ad4259853b465a8853dc21e863c37dedb5ffe1dbf2964ba2f1d45b84c36d	707ba1c82dcdb9307ae9b809b15746a0585a5bda61f67b7ba74149f40b97fa8f
ch1_204	chapter1	第一章 · 失而复得的日常	S04		256	基生	dialogue	爱理……	ch1_203 | “爱理” | 什么事情都可以哦。只要是基生想和我一起做的事情……	ch1_205 | “爱理” | 基生……最喜欢你了哦。那个，基生呢……？	愛理……	draft	AI 批量翻译初稿，需人工校对角色口吻与专名。		639a4b27c2db17b8eb96ebb5b6023d4d68b9f5d9daa858cf455c1d530880b1a7	707ba1c82dcdb9307ae9b809b15746a0585a5bda61f67b7ba74149f40b97fa8f
ch1_205	chapter1	第一章 · 失而复得的日常	S04		257	“爱理”	dialogue	基生……最喜欢你了哦。那个，基生呢……？	ch1_204 | 基生 | 爱理……	ch1_s05 | 旁白 | 一周之后·改变	基生……大好きだよ。ねえ、基生は……？	draft	AI 批量翻译初稿，需人工校对角色口吻与专名。		6f044238fa43d9ab5b85f5641bcfb0df86a322755dd33ea1d6d9774fa2770b4d	707ba1c82dcdb9307ae9b809b15746a0585a5bda61f67b7ba74149f40b97fa8f
ch1_209	chapter1	第一章 · 失而复得的日常	S05		261	基生	dialogue	哈啊……	ch1_208 | 旁白 | 基生从床上爬起身，拿起手机看时间。	ch1_210 | 基生 | 结果从那之后，我还是什么都没做。那天晚上“爱理”问完那个问题后，我连忙说“一起玩游戏吧”，“爱理”便欣然接受了。之后，我们每天玩游戏都玩到早上。	はあ……	draft	AI 批量翻译初稿，需人工校对角色口吻与专名。		3309c29337479630a8db4515a5312ca1545407c04e27c90bfdca40cbb8e2fb80	707ba1c82dcdb9307ae9b809b15746a0585a5bda61f67b7ba74149f40b97fa8f
ch1_210	chapter1	第一章 · 失而复得的日常	S05		262	基生	dialogue	结果从那之后，我还是什么都没做。那天晚上“爱理”问完那个问题后，我连忙说“一起玩游戏吧”，“爱理”便欣然接受了。之后，我们每天玩游戏都玩到早上。	ch1_209 | 基生 | 哈啊……	review_5d7ff8ec-4a21-4bd0-ab50-e764b43d5f39 | 基生 | 之后，我们每天玩游戏都玩到早上。	結局、あれから僕は何もしなかった。あの夜、『愛理』にそう聞かれた僕は、慌てて『一緒にゲームをしよう』と言った。『愛理』は喜んで応じてくれた。それから僕たちは、毎日朝までゲームをした。	draft	AI 批量翻译初稿，需人工校对角色口吻与专名。		4ec977e370840062b4c4f1de270fad032b56d7600b2102231dd0405fb17dfa52	707ba1c82dcdb9307ae9b809b15746a0585a5bda61f67b7ba74149f40b97fa8f
review_5d7ff8ec-4a21-4bd0-ab50-e764b43d5f39	chapter1	第一章 · 失而复得的日常	S05		263	基生	dialogue	之后，我们每天玩游戏都玩到早上。	ch1_210 | 基生 | 结果从那之后，我还是什么都没做。那天晚上“爱理”问完那个问题后，我连忙说“一起玩游戏吧”，“爱理”便欣然接受了。之后，我们每天玩游戏都玩到早上。	ch1_212 | 旁白 | 基生看向床上还没起床的“爱理”。她睡得很舒服，脸上还挂着笑容。	それから僕たちは、毎日朝までゲームをした。	draft	AI 批量翻译初稿，需人工校对角色口吻与专名。		6fd2c3129562d47966616c795b30a2baa91da9f2401cdd42f7215493c4020d41	707ba1c82dcdb9307ae9b809b15746a0585a5bda61f67b7ba74149f40b97fa8f
ch1_213	chapter1	第一章 · 失而复得的日常	S05		265	基生	dialogue	——爱理来到我家，已经过了一周了。和爱理在一起的日子，既开心又怀念，感觉自己好像变回了高中生一样，尽情享受着和爱理一同度过的“暑假”。	ch1_212 | 旁白 | 基生看向床上还没起床的“爱理”。她睡得很舒服，脸上还挂着笑容。	ch1_214 | 基生 | 虽然我是这么想的。不过——每天每天，不是游戏就是电影。虽然爱理好像很享受，可……	——愛理が僕の家に来てから、一週間が過ぎた。愛理と過ごす日々は楽しくて、懐かしくて、まるで高校生に戻ったように、愛理との『夏休み』を満喫していた。	draft	AI 批量翻译初稿，需人工校对角色口吻与专名。		f76102c63e94a5d37c727fdd7f9f1bf992684bf53b645a7e15fc94e6d3490421	707ba1c82dcdb9307ae9b809b15746a0585a5bda61f67b7ba74149f40b97fa8f
ch1_214	chapter1	第一章 · 失而复得的日常	S05		266	基生	dialogue	虽然我是这么想的。不过——每天每天，不是游戏就是电影。虽然爱理好像很享受，可……	ch1_213 | 基生 | ——爱理来到我家，已经过了一周了。和爱理在一起的日子，既开心又怀念，感觉自己好像变回了高中生一样，尽情享受着和爱理一同度过的“暑假”。	ch1_215 | 旁白 | 基生脑海里浮现起高中时与爱理出去玩的画面。	そう思ってはいた。けれど——毎日毎日、ゲームか映画ばかりだ。愛理は楽しそうだけど……	draft	AI 批量翻译初稿，需人工校对角色口吻与专名。		660dbae53a883d085bd0afa1702c3e5319543ff7154a40feffca173c8b3d717a	707ba1c82dcdb9307ae9b809b15746a0585a5bda61f67b7ba74149f40b97fa8f
ch1_217	chapter1	第一章 · 失而复得的日常	S05		268	“爱理”	dialogue	嗯……早安……	ch1_215 | 旁白 | 基生脑海里浮现起高中时与爱理出去玩的画面。	ch1_218 | 基生 | 啊、早安。	ん……おはよう……	draft	AI 批量翻译初稿，需人工校对角色口吻与专名。		2fb3a60b844ef5b5eb4919e4749994c0d8303ea728377fcac1680e8d0c092c0a	707ba1c82dcdb9307ae9b809b15746a0585a5bda61f67b7ba74149f40b97fa8f
ch1_218	chapter1	第一章 · 失而复得的日常	S05		269	基生	dialogue	啊、早安。	ch1_217 | “爱理” | 嗯……早安……	ch1_219 | “爱理” | 对不起、睡过头了。	あ、おはよう。	draft	AI 批量翻译初稿，需人工校对角色口吻与专名。		9947e919e5baa62c00978925e822f86f686acb0eda2ef57a158dcbc8938b2bfd	707ba1c82dcdb9307ae9b809b15746a0585a5bda61f67b7ba74149f40b97fa8f
ch1_219	chapter1	第一章 · 失而复得的日常	S05		270	“爱理”	dialogue	对不起、睡过头了。	ch1_218 | 基生 | 啊、早安。	ch1_220 | 基生 | 啊、没关系的哦。	ごめん、寝坊しちゃった。	draft	AI 批量翻译初稿，需人工校对角色口吻与专名。		5fb13074af166a1300b7ba72bb11589e43f6d660e9d02f48371e0d93ba359b57	707ba1c82dcdb9307ae9b809b15746a0585a5bda61f67b7ba74149f40b97fa8f
ch1_220	chapter1	第一章 · 失而复得的日常	S05		271	基生	dialogue	啊、没关系的哦。	ch1_219 | “爱理” | 对不起、睡过头了。	ch1_221 | “爱理” | 我说啊！今天也一起玩游戏吧——！	あ、気にしなくていいよ。	draft	AI 批量翻译初稿，需人工校对角色口吻与专名。		941de89f048540a22cbeb62ae3e65d1868d2c669a01b710e3d4b2805ff5a7b50	707ba1c82dcdb9307ae9b809b15746a0585a5bda61f67b7ba74149f40b97fa8f
ch1_221	chapter1	第一章 · 失而复得的日常	S05		272	“爱理”	dialogue	我说啊！今天也一起玩游戏吧——！	ch1_220 | 基生 | 啊、没关系的哦。	ch1_222 | 基生 | 嗯、这个嘛……该怎么说呢……今天，要不要出去玩呢。	ねえ！ 今日も一緒にゲームしようよ～！	draft	AI 批量翻译初稿，需人工校对角色口吻与专名。		a9832c4d64cbb4afc4993af96ef6e2893e471c000096be3dc44ae99880e80b4b	707ba1c82dcdb9307ae9b809b15746a0585a5bda61f67b7ba74149f40b97fa8f
ch1_222	chapter1	第一章 · 失而复得的日常	S05		273	基生	dialogue	嗯、这个嘛……该怎么说呢……今天，要不要出去玩呢。	ch1_221 | “爱理” | 我说啊！今天也一起玩游戏吧——！	ch1_223 | “爱理” | ……怎么突然要出去玩？	うん、その……何て言えばいいかな……今日は、どこかへ遊びに行かないか。	draft	AI 批量翻译初稿，需人工校对角色口吻与专名。		ddc3628ce1129bf19b9c5f67142eb0e4d530aa1a805bd6f5712011c52f18be76	707ba1c82dcdb9307ae9b809b15746a0585a5bda61f67b7ba74149f40b97fa8f
ch1_223	chapter1	第一章 · 失而复得的日常	S05		274	“爱理”	dialogue	……怎么突然要出去玩？	ch1_222 | 基生 | 嗯、这个嘛……该怎么说呢……今天，要不要出去玩呢。	ch1_224 | 基生 | 嗯、那个啊……我是在想，每天都在家里玩游戏看电影什么的，会不会太无聊了。所以……	……どうして急に、外に遊びに行くの？	draft	AI 批量翻译初稿，需人工校对角色口吻与专名。		aef215bf75a6ddc22c39f80c110707a628c5a5f49ef8fe600dc76eefa172702b	707ba1c82dcdb9307ae9b809b15746a0585a5bda61f67b7ba74149f40b97fa8f
ch1_224	chapter1	第一章 · 失而复得的日常	S05		275	基生	dialogue	嗯、那个啊……我是在想，每天都在家里玩游戏看电影什么的，会不会太无聊了。所以……	ch1_223 | “爱理” | ……怎么突然要出去玩？	ch1_225 | “爱理” | 没有那回事哦？	うん、あのさ……毎日家でゲームや映画ばかりじゃ、退屈なんじゃないかと思って。それで……	draft	AI 批量翻译初稿，需人工校对角色口吻与专名。		538f0dfa5f90f0de4b70fca316c59167f31c630e49db963d674c921aeb97c2b5	707ba1c82dcdb9307ae9b809b15746a0585a5bda61f67b7ba74149f40b97fa8f
ch1_225	chapter1	第一章 · 失而复得的日常	S05		276	“爱理”	dialogue	没有那回事哦？	ch1_224 | 基生 | 嗯、那个啊……我是在想，每天都在家里玩游戏看电影什么的，会不会太无聊了。所以……	ch1_226 | 基生 | 可是……	そんなことないよ？	draft	AI 批量翻译初稿，需人工校对角色口吻与专名。		3fe493df8c7228e6a777061b3fa147ac6b86662b37b18d0900844206c1daa793	707ba1c82dcdb9307ae9b809b15746a0585a5bda61f67b7ba74149f40b97fa8f
ch1_226	chapter1	第一章 · 失而复得的日常	S05		277	基生	dialogue	可是……	ch1_225 | “爱理” | 没有那回事哦？	ch1_227 | “爱理” | 我在基生家里玩得很开心哦。和基生两个人在一起就好了哦。一直，就我们两个人。基生也觉得这样很好吧？	でも……	draft	AI 批量翻译初稿，需人工校对角色口吻与专名。		c5ef8c8a0c79ddc3f38cefe8bdb90236dc490e1f895d4422dce63bd10b7e2c2c	707ba1c82dcdb9307ae9b809b15746a0585a5bda61f67b7ba74149f40b97fa8f
ch1_227	chapter1	第一章 · 失而复得的日常	S05		278	“爱理”	dialogue	我在基生家里玩得很开心哦。和基生两个人在一起就好了哦。一直，就我们两个人。基生也觉得这样很好吧？	ch1_226 | 基生 | 可是……	ch1_228 | 基生 | ……但是，爱理、你是喜欢出门的吧……？	私は基生の家で遊んでて楽しいよ。基生と二人でいられれば、それでいいの。ずっと、二人きりで。基生だって、そのほうがいいでしょ？	draft	AI 批量翻译初稿，需人工校对角色口吻与专名。		7e35b5e9915d5d58e00269b39617814457f866d120dcf024955598741a5f4421	707ba1c82dcdb9307ae9b809b15746a0585a5bda61f67b7ba74149f40b97fa8f
ch1_228	chapter1	第一章 · 失而复得的日常	S05		279	基生	dialogue	……但是，爱理、你是喜欢出门的吧……？	ch1_227 | “爱理” | 我在基生家里玩得很开心哦。和基生两个人在一起就好了哦。一直，就我们两个人。基生也觉得这样很好吧？	ch1_229 | “爱理” | 虽……虽然是那样啦！可是……就像之前、在便利店里那样……基生、和我在一起的话，会被很多人看着、很讨厌的吧……？	……でも愛理、出かけるのが好きだっただろ……？	draft	AI 批量翻译初稿，需人工校对角色口吻与专名。		5f87ae82cc5fc32a0133b3e3f3a0866cac0217327a6d793862a46481b595ae86	707ba1c82dcdb9307ae9b809b15746a0585a5bda61f67b7ba74149f40b97fa8f
ch1_229	chapter1	第一章 · 失而复得的日常	S05		280	“爱理”	dialogue	虽……虽然是那样啦！可是……就像之前、在便利店里那样……基生、和我在一起的话，会被很多人看着、很讨厌的吧……？	ch1_228 | 基生 | ……但是，爱理、你是喜欢出门的吧……？	ch1_230 | 基生 | ！！爱理……一直都在意着那件事吗……	そ……それはそうだけど！ でも……この前、コンビニにいた時みたいに……私と一緒だと、いろんな人に見られて、基生、嫌でしょ……？	draft	AI 批量翻译初稿，需人工校对角色口吻与专名。		1a2350aa272c8c6fcec034152d8eb776de96639939d4e868602b177ebaf25422	707ba1c82dcdb9307ae9b809b15746a0585a5bda61f67b7ba74149f40b97fa8f
ch1_230	chapter1	第一章 · 失而复得的日常	S05		281	基生	dialogue	！！爱理……一直都在意着那件事吗……	ch1_229 | “爱理” | 虽……虽然是那样啦！可是……就像之前、在便利店里那样……基生、和我在一起的话，会被很多人看着、很讨厌的吧……？	ch1_231 | 基生 | ……不用在意我的。让你担心真对不起……那么就去爱理你想去的地方吧。毕竟是难得的“暑假”呢。去哪里比较好呢，其实我也不是很清楚……游乐园或者电影院之类……不对，就不去看电影了吧。啊，这个时候的话，还有——	！！ 愛理……ずっとそのことを気にしてたのか……	draft	AI 批量翻译初稿，需人工校对角色口吻与专名。		5e261a268da251d341af994fd3f143498eb065adc18120bfebdc7056cc1a895f	707ba1c82dcdb9307ae9b809b15746a0585a5bda61f67b7ba74149f40b97fa8f
ch1_231	chapter1	第一章 · 失而复得的日常	S05		282	基生	dialogue	……不用在意我的。让你担心真对不起……那么就去爱理你想去的地方吧。毕竟是难得的“暑假”呢。去哪里比较好呢，其实我也不是很清楚……游乐园或者电影院之类……不对，就不去看电影了吧。啊，这个时候的话，还有——	ch1_230 | 基生 | ！！爱理……一直都在意着那件事吗……	ch1_232 | “爱理” | 果然、还是算了吧。因为我……只带了学校的制服……果然还是不想让基生感到……为难。对不起。	……僕のことは気にしなくていい。心配させてごめん……じゃあ、愛理が行きたいところへ行こう。せっかくの『夏休み』だからな。どこがいいかな。僕もよく分からないけど……遊園地とか映画館とか……いや、映画はやめよう。あ、この時期なら、ほかにも——	draft	AI 批量翻译初稿，需人工校对角色口吻与专名。		7d81815ab7615ac7a4db1792574c52f0736c642558a869d843999b9a38cd4894	707ba1c82dcdb9307ae9b809b15746a0585a5bda61f67b7ba74149f40b97fa8f
ch1_232	chapter1	第一章 · 失而复得的日常	S05		283	“爱理”	dialogue	果然、还是算了吧。因为我……只带了学校的制服……果然还是不想让基生感到……为难。对不起。	ch1_231 | 基生 | ……不用在意我的。让你担心真对不起……那么就去爱理你想去的地方吧。毕竟是难得的“暑假”呢。去哪里比较好呢，其实我也不是很清楚……游乐园或者电影院之类……不对，就不去看电影了吧。啊，这个时候的话，还有——	ch1_233 | 基生 | ……!!衣服……去买衣服吧！！	やっぱり、やめておこうよ。私……学校の制服しか持ってきてないし……やっぱり、基生を……困らせたくない。ごめんね。	draft	AI 批量翻译初稿，需人工校对角色口吻与专名。		ea134d430e04982d19dc35745e5a0510240c9f45bccdd557d54989f533bf9964	707ba1c82dcdb9307ae9b809b15746a0585a5bda61f67b7ba74149f40b97fa8f
ch1_233	chapter1	第一章 · 失而复得的日常	S05		284	基生	dialogue	……!!衣服……去买衣服吧！！	ch1_232 | “爱理” | 果然、还是算了吧。因为我……只带了学校的制服……果然还是不想让基生感到……为难。对不起。	ch1_234 | 基生 | 一个人去，真的没问题吗？	……！！ 服……服を買いに行こう！！	draft	AI 批量翻译初稿，需人工校对角色口吻与专名。		63c89f0b0004cf3ffc76618960e0706bd449f6fd08cae064a5271ecfcda2cd9d	707ba1c82dcdb9307ae9b809b15746a0585a5bda61f67b7ba74149f40b97fa8f
ch1_234	chapter1	第一章 · 失而复得的日常	S05		285	基生	dialogue	一个人去，真的没问题吗？	ch1_233 | 基生 | ……!!衣服……去买衣服吧！！	ch1_235 | “爱理” | 嗯！没事的！	一人で行って、本当に大丈夫か？	draft	AI 批量翻译初稿，需人工校对角色口吻与专名。		485ac6ad9ce51fc3b435b8594ec120eaa31563ec423723774b9212ba98ac04fb	707ba1c82dcdb9307ae9b809b15746a0585a5bda61f67b7ba74149f40b97fa8f
ch1_235	chapter1	第一章 · 失而复得的日常	S05		286	“爱理”	dialogue	嗯！没事的！	ch1_234 | 基生 | 一个人去，真的没问题吗？	ch1_236 | 基生 | 好吧……那么要是有什么事情，马上给我打电话。	うん！ 大丈夫！	draft	AI 批量翻译初稿，需人工校对角色口吻与专名。		129fa98c39e28bc2d18652f980861965d16ee27f1808a1a28590fefd931f5e3f	707ba1c82dcdb9307ae9b809b15746a0585a5bda61f67b7ba74149f40b97fa8f
ch1_236	chapter1	第一章 · 失而复得的日常	S05		287	基生	dialogue	好吧……那么要是有什么事情，马上给我打电话。	ch1_235 | “爱理” | 嗯！没事的！	ch1_237 | “爱理” | 嗯、那么我出门了。	分かった……じゃあ何かあったら、すぐ電話して。	draft	AI 批量翻译初稿，需人工校对角色口吻与专名。		c916a22ea1ef9dc43a012cf13e4503ff6645599d68f0c9ef0dbcd322aee8d316	707ba1c82dcdb9307ae9b809b15746a0585a5bda61f67b7ba74149f40b97fa8f
ch1_237	chapter1	第一章 · 失而复得的日常	S05		288	“爱理”	dialogue	嗯、那么我出门了。	ch1_236 | 基生 | 好吧……那么要是有什么事情，马上给我打电话。	ch1_238 | 基生 | 嗯，一路走好。	うん、それじゃ、行ってくるね。	draft	AI 批量翻译初稿，需人工校对角色口吻与专名。		58da2ba5fd013b7447a964efa742b2519d3ba9c67195be14c864212f2cc343ee	707ba1c82dcdb9307ae9b809b15746a0585a5bda61f67b7ba74149f40b97fa8f
ch1_238	chapter1	第一章 · 失而复得的日常	S05		289	基生	dialogue	嗯，一路走好。	ch1_237 | “爱理” | 嗯、那么我出门了。	ch1_239 | 旁白 | 送别“爱理”后，基生缓缓关上门。他站在门口，又回忆起刚才的场景——	うん、行ってらっしゃい。	draft	AI 批量翻译初稿，需人工校对角色口吻与专名。		85dc11089689f43cd1f8004b2eefa869c4c62c87ff8fbea28934b05aa14a4b6f	707ba1c82dcdb9307ae9b809b15746a0585a5bda61f67b7ba74149f40b97fa8f
ch1_240	chapter1	第一章 · 失而复得的日常	S05		291	基生	dialogue	“要一个人去？我也会跟着去的。”	ch1_239 | 旁白 | 送别“爱理”后，基生缓缓关上门。他站在门口，又回忆起刚才的场景——	ch1_241 | “爱理” | “不用了！！因为会花很多时间……”	『一人で行くのか？ 僕もついていくよ』	draft	AI 批量翻译初稿，需人工校对角色口吻与专名。		2e98c13aade271a6a5be2cfe30feb313d403f5c50ec4fc3c28f99963fec4fb14	707ba1c82dcdb9307ae9b809b15746a0585a5bda61f67b7ba74149f40b97fa8f
ch1_241	chapter1	第一章 · 失而复得的日常	S05		292	“爱理”	dialogue	“不用了！！因为会花很多时间……”	ch1_240 | 基生 | “要一个人去？我也会跟着去的。”	ch1_242 | 基生 | “没关系。我可以等的。”	いいってば！！ 時間、かかるから……	draft	AI 批量翻译初稿，需人工校对角色口吻与专名。		d964a3dbc61d87e5febce7ec2734dcb6947fc1689e8ea2de62cb7cee096450fb	707ba1c82dcdb9307ae9b809b15746a0585a5bda61f67b7ba74149f40b97fa8f
ch1_242	chapter1	第一章 · 失而复得的日常	S05		293	基生	dialogue	“没关系。我可以等的。”	ch1_241 | “爱理” | “不用了！！因为会花很多时间……”	ch1_243 | “爱理” | “真、真的不用！！因为我也不是只去看衣服啦……”	『大丈夫。待ってるから』	draft	AI 批量翻译初稿，需人工校对角色口吻与专名。		0e9e87e838bd6dbe9804664b5499fdfc44e716ae3f100d1befb78d687e48fc09	707ba1c82dcdb9307ae9b809b15746a0585a5bda61f67b7ba74149f40b97fa8f
ch1_243	chapter1	第一章 · 失而复得的日常	S05		294	“爱理”	dialogue	“真、真的不用！！因为我也不是只去看衣服啦……”	ch1_242 | 基生 | “没关系。我可以等的。”	ch1_244 | 基生 | “我真的不介意哦？”	ほ、本当に大丈夫！！ 服を見るだけじゃないから……	draft	AI 批量翻译初稿，需人工校对角色口吻与专名。		de4457aea4def4ec0192d72e61da006fe41e676baeae114e1551e53417e5422c	707ba1c82dcdb9307ae9b809b15746a0585a5bda61f67b7ba74149f40b97fa8f
ch1_244	chapter1	第一章 · 失而复得的日常	S05		295	基生	dialogue	“我真的不介意哦？”	ch1_243 | “爱理” | “真、真的不用！！因为我也不是只去看衣服啦……”	ch1_245 | “爱理” | “～！！”	『僕は本当に気にしないよ？』	draft	AI 批量翻译初稿，需人工校对角色口吻与专名。		0e85997723d4d8771d9023e8bcfc04da447b74b52484bd0292452b09eaf55e0b	707ba1c82dcdb9307ae9b809b15746a0585a5bda61f67b7ba74149f40b97fa8f
ch1_245	chapter1	第一章 · 失而复得的日常	S05		296	“爱理”	dialogue	“～！！”	ch1_244 | 基生 | “我真的不介意哦？”	ch1_246 | 基生 | “不是那样了啦！！……也有穿在里面的衣服……所以说！！我想要一个人看啦！！真是的——！！”	ううっ！	draft	原文仅「～！！」，暂以短促反应声表达，需听审确认。		61710537171db20b595f6a8a57985592eaf735d9bf98db30e03e53363b84dde8	707ba1c82dcdb9307ae9b809b15746a0585a5bda61f67b7ba74149f40b97fa8f
ch1_246	chapter1	第一章 · 失而复得的日常	S05		297	基生	dialogue	“不是那样了啦！！……也有穿在里面的衣服……所以说！！我想要一个人看啦！！真是的——！！”	ch1_245 | “爱理” | “～！！”	ch1_247 | 旁白 | 基生尴尬地笑了笑。随后，某个念头又浮了上来。	『そうじゃないの！！ ……中に着る服だってあるし……だから！！ 一人で見たいの！！ もう——！！』	draft	AI 批量翻译初稿，需人工校对角色口吻与专名。		6ff53e757bdb2189028c9cd4393f22baccb3ca8c727966150438ac6f3f09d759	707ba1c82dcdb9307ae9b809b15746a0585a5bda61f67b7ba74149f40b97fa8f
ch1_256	chapter1	第一章 · 失而复得的日常	S05		303	基生	dialogue	啊，爱理，欢迎回来。	ch1_255 | 旁白 | “咔嗒”——门开了。	ch1_257 | “爱理” | ！我回来了。	あ、愛理、おかえり。	draft	AI 批量翻译初稿，需人工校对角色口吻与专名。		5a78d01923a5822fa14d8e09b173f62faf26e7fcf2101f1efce7847d016a150f	707ba1c82dcdb9307ae9b809b15746a0585a5bda61f67b7ba74149f40b97fa8f
ch1_257	chapter1	第一章 · 失而复得的日常	S05		304	“爱理”	dialogue	！我回来了。	ch1_256 | 基生 | 啊，爱理，欢迎回来。	ch1_s06 | 旁白 | 水族馆之约（上）—— 空水槽与告白	あっ、ただいま。	draft	AI 批量翻译初稿，需人工校对角色口吻与专名。		9bfec02b79cadcf073950836a00c9427fa6a44ce5e0ef32aa33fb10e6bc172f2	707ba1c82dcdb9307ae9b809b15746a0585a5bda61f67b7ba74149f40b97fa8f
ch1_261	chapter1	第一章 · 失而复得的日常	S06		308	基生	dialogue	再稍微往远走一些的话，有最近刚建成的大水族馆……果然是去那边……	ch1_260 | 旁白 | “爱理”和基生站在水族馆门口。这家水族馆在基生出生之前就有了。十年前他曾来过一次——没有企鹅，也没有海狮，小到全部看一遍都用不了一个小时。时隔许久再来，它已经变得如此破旧。	ch1_262 | “爱理” | 不用了！我觉得这里就很好。你看！	もう少し遠くまで行けば、最近できた大きな水族館がある……やっぱり、そこに……	draft	AI 批量翻译初稿，需人工校对角色口吻与专名。		fac77b09d19ec181e88cefeea77d4f00d1d00c07c604e35e82ce3aa0922d6fca	707ba1c82dcdb9307ae9b809b15746a0585a5bda61f67b7ba74149f40b97fa8f
ch1_262	chapter1	第一章 · 失而复得的日常	S06		309	“爱理”	dialogue	不用了！我觉得这里就很好。你看！	ch1_261 | 基生 | 再稍微往远走一些的话，有最近刚建成的大水族馆……果然是去那边……	ch1_263 | “爱理” | 好了！进去吧进去吧！	いいよ！ 私はここがいいと思う。ほら！	draft	AI 批量翻译初稿，需人工校对角色口吻与专名。		df2025359e35eedc384007c022360a831d76b62bd5b430803dc0ecd2e300a73a	707ba1c82dcdb9307ae9b809b15746a0585a5bda61f67b7ba74149f40b97fa8f
ch1_263	chapter1	第一章 · 失而复得的日常	S06		310	“爱理”	dialogue	好了！进去吧进去吧！	ch1_262 | “爱理” | 不用了！我觉得这里就很好。你看！	ch1_264 | 基生 | 嗯，好吧……	さあ、入ろう、入ろう！	draft	AI 批量翻译初稿，需人工校对角色口吻与专名。		f1e8ee7ada378dd9f888dbf738e0f58e74dca451e566df21b31e3131724e789e	707ba1c82dcdb9307ae9b809b15746a0585a5bda61f67b7ba74149f40b97fa8f
ch1_264	chapter1	第一章 · 失而复得的日常	S06		311	基生	dialogue	嗯，好吧……	ch1_263 | “爱理” | 好了！进去吧进去吧！	ch1_265 | 旁白 | 水族馆内。光线昏暗，廊道被水里深蓝色的光打亮。展柜不多，只有寥寥几人轻声交流。	うん、分かった……	draft	AI 批量翻译初稿，需人工校对角色口吻与专名。		44f5c2db41575a6aad7b4effb2968237f4e216d612af788f50431ceffd97a78d	707ba1c82dcdb9307ae9b809b15746a0585a5bda61f67b7ba74149f40b97fa8f
ch1_266	chapter1	第一章 · 失而复得的日常	S06		313	“爱理”	dialogue	哇——！哇——！哇——！	ch1_265 | 旁白 | 水族馆内。光线昏暗，廊道被水里深蓝色的光打亮。展柜不多，只有寥寥几人轻声交流。	ch1_269 | “爱理” | 接下来我们去那边吧！	わあー！ わあー！ わあー！	draft	AI 批量翻译初稿，需人工校对角色口吻与专名。		b91401cf90b19cc44f4079cd63bf9f04eb8d9fdc7050518753e0728f42c40848	707ba1c82dcdb9307ae9b809b15746a0585a5bda61f67b7ba74149f40b97fa8f
ch1_269	chapter1	第一章 · 失而复得的日常	S06		314	“爱理”	dialogue	接下来我们去那边吧！	ch1_266 | “爱理” | 哇——！哇——！哇——！	ch1_270 | 基生 | 好啊好啊。	次はあっちに行こう！	draft	AI 批量翻译初稿，需人工校对角色口吻与专名。		2517d7db9dea23d59a4457a7537264407a10006437681bde6714933ac8f4f869	707ba1c82dcdb9307ae9b809b15746a0585a5bda61f67b7ba74149f40b97fa8f
ch1_270	chapter1	第一章 · 失而复得的日常	S06		315	基生	dialogue	好啊好啊。	ch1_269 | “爱理” | 接下来我们去那边吧！	ch1_271 | 旁白 | “爱理”在一个展柜前站定，让基生给她拍了一张照。	いいよ、いいよ。	draft	AI 批量翻译初稿，需人工校对角色口吻与专名。		8a616d8b3d9e839a24eff8a2d364f2fe2733663922c348b0f846d857b213812b	707ba1c82dcdb9307ae9b809b15746a0585a5bda61f67b7ba74149f40b97fa8f
ch1_272	chapter1	第一章 · 失而复得的日常	S06		317	“爱理”	dialogue	基生！！是大王具足虫哦～	ch1_271 | 旁白 | “爱理”在一个展柜前站定，让基生给她拍了一张照。	ch1_273 | 旁白 | 基生强忍对多足虫的恐惧，浑身微微颤抖地看着。	基生！！ ダイオウグソクムシだよ～！	draft	AI 批量翻译初稿，需人工校对角色口吻与专名。		2327f2ad114721817e982e23f1fead40c596bf0ec9db2635ceac4af589b2e9fd	707ba1c82dcdb9307ae9b809b15746a0585a5bda61f67b7ba74149f40b97fa8f
ch1_274	chapter1	第一章 · 失而复得的日常	S06		319	基生	dialogue	唔……	ch1_273 | 旁白 | 基生强忍对多足虫的恐惧，浑身微微颤抖地看着。	ch1_275 | “爱理” | 基生！看这个，看这个——！	うーん……	draft	AI 批量翻译初稿，需人工校对角色口吻与专名。		176730f375e524e074898cc7b926a43ebfb6c5133c0699acfe8908a7e6c81e94	707ba1c82dcdb9307ae9b809b15746a0585a5bda61f67b7ba74149f40b97fa8f
ch1_275	chapter1	第一章 · 失而复得的日常	S06		320	“爱理”	dialogue	基生！看这个，看这个——！	ch1_274 | 基生 | 唔……	ch1_276 | 基生 | 哎？这个水槽里……什么都没有呢。	基生！ これ見て、これー！	draft	AI 批量翻译初稿，需人工校对角色口吻与专名。		67a3560306ab1815d2004a497db97db31d28f63f3ccf0bccb6d7b78403dad46f	707ba1c82dcdb9307ae9b809b15746a0585a5bda61f67b7ba74149f40b97fa8f
ch1_276	chapter1	第一章 · 失而复得的日常	S06		321	基生	dialogue	哎？这个水槽里……什么都没有呢。	ch1_275 | “爱理” | 基生！看这个，看这个——！	ch1_277 | “爱理” | 真的啊。没有讲解牌，也没有别的……是为什么呢。	あれ？ この水槽……何もいないな。	draft	AI 批量翻译初稿，需人工校对角色口吻与专名。		e96bfd9cf31043f32e4275906eef38d88c5117e73e791b3e8e4b40744b243328	707ba1c82dcdb9307ae9b809b15746a0585a5bda61f67b7ba74149f40b97fa8f
ch1_277	chapter1	第一章 · 失而复得的日常	S06		322	“爱理”	dialogue	真的啊。没有讲解牌，也没有别的……是为什么呢。	ch1_276 | 基生 | 哎？这个水槽里……什么都没有呢。	ch1_278 | 基生 | ……但仔细看的话，感觉又好像有着什么东西呢。	ほんとだ。説明の看板も、何もないね……どうしてだろう。	draft	AI 批量翻译初稿，需人工校对角色口吻与专名。		9cfe57eb0fdbb5c2a281bb453c6a69c5f03e57c6a14aa2e05124b707e83b2994	707ba1c82dcdb9307ae9b809b15746a0585a5bda61f67b7ba74149f40b97fa8f
ch1_278	chapter1	第一章 · 失而复得的日常	S06		323	基生	dialogue	……但仔细看的话，感觉又好像有着什么东西呢。	ch1_277 | “爱理” | 真的啊。没有讲解牌，也没有别的……是为什么呢。	ch1_279 | “爱理” | ……没有哦。因为，这里什么都没有写呢。	……でも、よく見ると何かいるような気もする。	draft	AI 批量翻译初稿，需人工校对角色口吻与专名。		803ab3fe8b4bfad215e1e3c255c162306bb19a981f5dea4708b32f2d409da755	707ba1c82dcdb9307ae9b809b15746a0585a5bda61f67b7ba74149f40b97fa8f
ch1_279	chapter1	第一章 · 失而复得的日常	S06		324	“爱理”	dialogue	……没有哦。因为，这里什么都没有写呢。	ch1_278 | 基生 | ……但仔细看的话，感觉又好像有着什么东西呢。	ch1_280 | 基生 | 也是……不过，虽然这样——但正因为什么都没有写，所以才可能有著什么……不是会叫人这样想吗？	……何もないよ。だって、ここには何も書いてないもん。	draft	AI 批量翻译初稿，需人工校对角色口吻与专名。		d005b9770d618151fa71ca05e1a037d039d48b8f4e33a9801d38c8802adc747c	707ba1c82dcdb9307ae9b809b15746a0585a5bda61f67b7ba74149f40b97fa8f
ch1_280	chapter1	第一章 · 失而复得的日常	S06		325	基生	dialogue	也是……不过，虽然这样——但正因为什么都没有写，所以才可能有著什么……不是会叫人这样想吗？	ch1_279 | “爱理” | ……没有哦。因为，这里什么都没有写呢。	ch1_281 | “爱理” | ……或许是那样。但如果没有任何语言的说明的话，那不是和什么都没有是一样的吗。	そうだな……でも、何も書いてないからこそ、何かいるんじゃないかって……そう思わないか？	draft	AI 批量翻译初稿，需人工校对角色口吻与专名。		259207a9d2677dff79c8fb688b2327c0ce705e978350d74aa6eb1002d579730e	707ba1c82dcdb9307ae9b809b15746a0585a5bda61f67b7ba74149f40b97fa8f
ch1_281	chapter1	第一章 · 失而复得的日常	S06		326	“爱理”	dialogue	……或许是那样。但如果没有任何语言的说明的话，那不是和什么都没有是一样的吗。	ch1_280 | 基生 | 也是……不过，虽然这样——但正因为什么都没有写，所以才可能有著什么……不是会叫人这样想吗？	ch1_282 | 旁白 | “爱理”的五个手指轻轻点在玻璃幕上，眼睛看向深不见底的蓝色水域。玻璃上，倒映出她的身影……	……そうかもしれない。でも、言葉で何も説明されてなかったら、何もないのと同じじゃない？	draft	AI 批量翻译初稿，需人工校对角色口吻与专名。		8741ab119659d525e167468c7b86fede7a975e1acefc67f7310a479a167eeb35	707ba1c82dcdb9307ae9b809b15746a0585a5bda61f67b7ba74149f40b97fa8f
ch1_285	chapter1	第一章 · 失而复得的日常	S06		330	“爱理”	dialogue	啊！你怎么了？	ch1_284 | 旁白 | 基生想着，手不自觉地握住了“爱理”的手。	ch1_287 | “爱理” | 基生？	あっ！ どうしたの？	draft	AI 批量翻译初稿，需人工校对角色口吻与专名。		75c507f341c17e19cc5f045f7dd6ede841f255dab0c6b3888f62385255d24818	707ba1c82dcdb9307ae9b809b15746a0585a5bda61f67b7ba74149f40b97fa8f
ch1_287	chapter1	第一章 · 失而复得的日常	S06		331	“爱理”	dialogue	基生？	ch1_285 | “爱理” | 啊！你怎么了？	ch1_288 | 基生 | ……到下一个地方看看吧。	基生？	draft	AI 批量翻译初稿，需人工校对角色口吻与专名。		139ad618eb4b2dc4e031eb9fae9bad336db29b8a268c6757bcceb0897b0aaf6a	707ba1c82dcdb9307ae9b809b15746a0585a5bda61f67b7ba74149f40b97fa8f
ch1_288	chapter1	第一章 · 失而复得的日常	S06		332	基生	dialogue	……到下一个地方看看吧。	ch1_287 | “爱理” | 基生？	ch1_289 | “爱理” | 嗯！	……次のところを見に行こう。	draft	AI 批量翻译初稿，需人工校对角色口吻与专名。		83039e11b9421ba6e940a04d83d98afad9a601301275b093504318e2226c78dc	707ba1c82dcdb9307ae9b809b15746a0585a5bda61f67b7ba74149f40b97fa8f
ch1_289	chapter1	第一章 · 失而复得的日常	S06		333	“爱理”	dialogue	嗯！	ch1_288 | 基生 | ……到下一个地方看看吧。	ch1_290 | 旁白 | 两人来到全景水槽前。暗蓝色的水槽里，无数水母像丝带般缓缓飘动，像一场在大海深处缠绵沉沦的梦。	うん！	draft	AI 批量翻译初稿，需人工校对角色口吻与专名。		213f5cb7540f6ea158d534e4839e8c62eb72a17ee350d0b9229dc1b3d30def40	707ba1c82dcdb9307ae9b809b15746a0585a5bda61f67b7ba74149f40b97fa8f
ch1_291	chapter1	第一章 · 失而复得的日常	S06		335	基生	dialogue	是啊，好漂亮。	ch1_290 | 旁白 | 两人来到全景水槽前。暗蓝色的水槽里，无数水母像丝带般缓缓飘动，像一场在大海深处缠绵沉沦的梦。	ch1_292 | “爱理” | 好厉害啊……！	そうだな、きれいだ。	draft	AI 批量翻译初稿，需人工校对角色口吻与专名。		21b3e0226cae01850dfb23c8e83e21aeb0e5808f8642718fa8486ff714bed14a	707ba1c82dcdb9307ae9b809b15746a0585a5bda61f67b7ba74149f40b97fa8f
ch1_292	chapter1	第一章 · 失而复得的日常	S06		336	“爱理”	dialogue	好厉害啊……！	ch1_291 | 基生 | 是啊，好漂亮。	ch1_293 | 旁白 | 基生看着“爱理”，下定决心般开口。	すごいね……！	draft	AI 批量翻译初稿，需人工校对角色口吻与专名。		3ac4d2f7acdf0b660cffb5080eda8ae0242c83f00d5521ed7521fa2291a246bf	707ba1c82dcdb9307ae9b809b15746a0585a5bda61f67b7ba74149f40b97fa8f
ch1_294	chapter1	第一章 · 失而复得的日常	S06		338	基生	dialogue	爱理，那个，我呢，从下周又要开始打工了。虽然没有和爱理你说过，其实我前不久被上个打工的地方——	ch1_293 | 旁白 | 基生看着“爱理”，下定决心般开口。	ch1_295 | “爱理” | ……也可以哦。	愛理、あのさ。僕、来週からまたバイトを始めるんだ。愛理には話してなかったけど、実はこの前、前のバイト先を——	draft	AI 批量翻译初稿，需人工校对角色口吻与专名。		00ec2f0e2359ada2c004386dd21b53d90e8fc477e5b214e700c10666f0d580d1	707ba1c82dcdb9307ae9b809b15746a0585a5bda61f67b7ba74149f40b97fa8f
ch1_295	chapter1	第一章 · 失而复得的日常	S06		339	“爱理”	dialogue	……也可以哦。	ch1_294 | 基生 | 爱理，那个，我呢，从下周又要开始打工了。虽然没有和爱理你说过，其实我前不久被上个打工的地方——	ch1_296 | 基生 | 诶？	……しなくてもいいんだよ。	draft	AI 批量翻译初稿，需人工校对角色口吻与专名。		88b16a3eca34028fc9a970e62c680a20397a89efb73b79e2de30d8160b08d138	707ba1c82dcdb9307ae9b809b15746a0585a5bda61f67b7ba74149f40b97fa8f
ch1_296	chapter1	第一章 · 失而复得的日常	S06		340	基生	dialogue	诶？	ch1_295 | “爱理” | ……也可以哦。	ch1_297 | “爱理” | 你不去打工也可以哦。好不容易能在一起了……为什么基生又打算离开我呢……？	え？	draft	AI 批量翻译初稿，需人工校对角色口吻与专名。		73c707d515f81d57656e7fded4836ba67d4fcedacbdaefd194612861a02ccb6f	707ba1c82dcdb9307ae9b809b15746a0585a5bda61f67b7ba74149f40b97fa8f
ch1_297	chapter1	第一章 · 失而复得的日常	S06		341	“爱理”	dialogue	你不去打工也可以哦。好不容易能在一起了……为什么基生又打算离开我呢……？	ch1_296 | 基生 | 诶？	ch1_298 | 基生 | 我不是想要……我不是想要……离开你啊……我只是……认为我这样子下去，是不行的……	バイトなんて、行かなくてもいいんだよ。せっかく一緒にいられるのに……どうして、基生はまた私から離れようとするの……？	draft	AI 批量翻译初稿，需人工校对角色口吻与专名。		60dc456331c3727105c4b95134f6bb170fe4ebb83cc03e00632e68480bc074bb	707ba1c82dcdb9307ae9b809b15746a0585a5bda61f67b7ba74149f40b97fa8f
ch1_298	chapter1	第一章 · 失而复得的日常	S06		342	基生	dialogue	我不是想要……我不是想要……离开你啊……我只是……认为我这样子下去，是不行的……	ch1_297 | “爱理” | 你不去打工也可以哦。好不容易能在一起了……为什么基生又打算离开我呢……？	ch1_299 | “爱理” | 才没有哪里不行哦。我觉得基生继续这样子就很好，继续是这样子就很好。我最喜欢没有改变的基生了……	僕は……僕は君から離れたいんじゃない……ただ……このままじゃ駄目だと思っただけなんだ……	draft	AI 批量翻译初稿，需人工校对角色口吻与专名。		e5907f4d8e6a48585de2479386f7e149f35b7229b50ee868af685c9c08455ca5	707ba1c82dcdb9307ae9b809b15746a0585a5bda61f67b7ba74149f40b97fa8f
ch1_299	chapter1	第一章 · 失而复得的日常	S06		343	“爱理”	dialogue	才没有哪里不行哦。我觉得基生继续这样子就很好，继续是这样子就很好。我最喜欢没有改变的基生了……	ch1_298 | 基生 | 我不是想要……我不是想要……离开你啊……我只是……认为我这样子下去，是不行的……	ch1_300 | “爱理” | 基生，你对我……是怎么想的呢……？	だめなことなんてないよ。基生はこのままでいいの。このままずっと、変わらなくていい。変わらない基生が、私は大好きなんだから……	draft	AI 批量翻译初稿，需人工校对角色口吻与专名。		a48075e42cad3aae2df3b4214a4ffceecc0327c0f73a19ddbe52ec0839252e77	707ba1c82dcdb9307ae9b809b15746a0585a5bda61f67b7ba74149f40b97fa8f
ch1_300	chapter1	第一章 · 失而复得的日常	S06		344	“爱理”	dialogue	基生，你对我……是怎么想的呢……？	ch1_299 | “爱理” | 才没有哪里不行哦。我觉得基生继续这样子就很好，继续是这样子就很好。我最喜欢没有改变的基生了……	ch1_301 | 旁白 | 基生看着这张无辜而真诚的脸。先前在空水槽那里的对话，忽然回荡在耳畔——	基生は、私のこと……どう思ってるの……？	draft	AI 批量翻译初稿，需人工校对角色口吻与专名。		0c4dddb7675dff46e00ed08d66231ce7d4dce78928bc1a3ae9c95b97bdbd8a03	707ba1c82dcdb9307ae9b809b15746a0585a5bda61f67b7ba74149f40b97fa8f
ch1_303	chapter1	第一章 · 失而复得的日常	S06		346	基生	dialogue	最喜欢了哦……我……我也，对爱理，最……最喜欢……	ch1_301 | 旁白 | 基生看着这张无辜而真诚的脸。先前在空水槽那里的对话，忽然回荡在耳畔——	ch1_304 | 旁白 | “咚！”——基生突然被人从背后撞了一下。	大好きだよ……僕も……僕も愛理のことが、だ……大好きだ……	draft	AI 批量翻译初稿，需人工校对角色口吻与专名。		230e34f5787df97832e154a8aac44fabc1e56eb6932f64708e80004b15bc4544	707ba1c82dcdb9307ae9b809b15746a0585a5bda61f67b7ba74149f40b97fa8f
ch1_305	chapter1	第一章 · 失而复得的日常	S06		348	路人	dialogue	哇、对不起！你没事儿吧！？	ch1_304 | 旁白 | “咚！”——基生突然被人从背后撞了一下。	ch1_306 | 基生 | 嗯，没……对不起，我这边也没有注意到。		untranslated			8482ddde823fdf036f7c887eec65c0e2fca214e3d24ef04f751e7ac6161a0b80	707ba1c82dcdb9307ae9b809b15746a0585a5bda61f67b7ba74149f40b97fa8f
ch1_306	chapter1	第一章 · 失而复得的日常	S06		349	基生	dialogue	嗯，没……对不起，我这边也没有注意到。	ch1_305 | 路人 | 哇、对不起！你没事儿吧！？	ch1_s06b | 旁白 | 水族馆之约（下）—— 失踪与争吵	うん、だい……すみません、僕も前を見てなくて。	draft	AI 批量翻译初稿，需人工校对角色口吻与专名。		d20c289794a8911ac736fffca46069e1e865e9fb7683694e577c93851a85887c	707ba1c82dcdb9307ae9b809b15746a0585a5bda61f67b7ba74149f40b97fa8f
ch1_308	chapter1	第一章 · 失而复得的日常	S06		351	男	dialogue	说来，这不是……成田前辈吗？	ch1_s06b | 旁白 | 水族馆之约（下）—— 失踪与争吵	ch1_309 | 基生 | 诶？		untranslated			41d0a35a1f9bd54c6a70bff64404e7277d1330453a2c68be9f2719f8b1809050	707ba1c82dcdb9307ae9b809b15746a0585a5bda61f67b7ba74149f40b97fa8f
ch1_309	chapter1	第一章 · 失而复得的日常	S06		352	基生	dialogue	诶？	ch1_308 | 男 | 说来，这不是……成田前辈吗？	ch1_310 | 男 | 我是十屋啊！去年夏天的时候，不是在一起打过工吗！可能对成田前辈来说，不是什么重要的事情，所以忘记了吧。不过，为什么成田前辈会在这里呢？最近还好吗！？	え？	draft	AI 批量翻译初稿，需人工校对角色口吻与专名。		73c707d515f81d57656e7fded4836ba67d4fcedacbdaefd194612861a02ccb6f	707ba1c82dcdb9307ae9b809b15746a0585a5bda61f67b7ba74149f40b97fa8f
ch1_310	chapter1	第一章 · 失而复得的日常	S06		353	男	dialogue	我是十屋啊！去年夏天的时候，不是在一起打过工吗！可能对成田前辈来说，不是什么重要的事情，所以忘记了吧。不过，为什么成田前辈会在这里呢？最近还好吗！？	ch1_309 | 基生 | 诶？	ch1_311 | 基生 | 啊、十屋……君……好久不见……		untranslated			28e620c31c7ff9fb1480bf3c7e1a99692a177d0edd266001ef702cfd69aea16d	707ba1c82dcdb9307ae9b809b15746a0585a5bda61f67b7ba74149f40b97fa8f
ch1_311	chapter1	第一章 · 失而复得的日常	S06		354	基生	dialogue	啊、十屋……君……好久不见……	ch1_310 | 男 | 我是十屋啊！去年夏天的时候，不是在一起打过工吗！可能对成田前辈来说，不是什么重要的事情，所以忘记了吧。不过，为什么成田前辈会在这里呢？最近还好吗！？	ch1_312 | 十屋 | 前辈也好久不见！	あ、十屋……君……久しぶり……	draft	AI 批量翻译初稿，需人工校对角色口吻与专名。		4d121458f9d64be560fd030a500d3ae78d61e20b02b2090a47e2a5e16fae238c	707ba1c82dcdb9307ae9b809b15746a0585a5bda61f67b7ba74149f40b97fa8f
ch1_312	chapter1	第一章 · 失而复得的日常	S06		355	十屋	dialogue	前辈也好久不见！	ch1_311 | 基生 | 啊、十屋……君……好久不见……	ch1_313 | 小泪 | 成田前辈？		untranslated			01a6e61fe1636153c1d6d03701fd3a46aa9c8d5f90fb742140b6b630e136fe01	707ba1c82dcdb9307ae9b809b15746a0585a5bda61f67b7ba74149f40b97fa8f
ch1_313	chapter1	第一章 · 失而复得的日常	S06		356	小泪	dialogue	成田前辈？	ch1_312 | 十屋 | 前辈也好久不见！	ch1_314 | 十屋 | 对、没错——没错——小泪你之前不是来过我打工的那个居酒屋吗！他是在那里工作过的前辈！成田前辈超级——好——我超喜欢他的——！因为和成田前辈一起的时候，他不仅绝对不会对我生气，而且工作也很愉快！		untranslated			6a11916da8bc85fe851be6829b388d200ed2e6967f0a9eec5862ccdfde993b82	707ba1c82dcdb9307ae9b809b15746a0585a5bda61f67b7ba74149f40b97fa8f
ch1_314	chapter1	第一章 · 失而复得的日常	S06		357	十屋	dialogue	对、没错——没错——小泪你之前不是来过我打工的那个居酒屋吗！他是在那里工作过的前辈！成田前辈超级——好——我超喜欢他的——！因为和成田前辈一起的时候，他不仅绝对不会对我生气，而且工作也很愉快！	ch1_313 | 小泪 | 成田前辈？	ch1_315 | 小泪 | 哼——嗯。		untranslated			944e2c3ca838a26b77c5104895587529de9a3943040ac50535ce46c72dfdfbd7	707ba1c82dcdb9307ae9b809b15746a0585a5bda61f67b7ba74149f40b97fa8f
ch1_315	chapter1	第一章 · 失而复得的日常	S06		358	小泪	dialogue	哼——嗯。	ch1_314 | 十屋 | 对、没错——没错——小泪你之前不是来过我打工的那个居酒屋吗！他是在那里工作过的前辈！成田前辈超级——好——我超喜欢他的——！因为和成田前辈一起的时候，他不仅绝对不会对我生气，而且工作也很愉快！	ch1_316 | 基生 | 啊……这样……		untranslated			539c0eb49c016a83a14eea0fd0f728ca507e36eeb4f97fa17dea139bcbace246	707ba1c82dcdb9307ae9b809b15746a0585a5bda61f67b7ba74149f40b97fa8f
ch1_316	chapter1	第一章 · 失而复得的日常	S06		359	基生	dialogue	啊……这样……	ch1_315 | 小泪 | 哼——嗯。	ch1_317 | 十屋 | 成田前辈，我们来交换 LIME 吧！	あ……そう……	draft	AI 批量翻译初稿，需人工校对角色口吻与专名。		f71cf4950b34450693425a398cf71ece2ecce6763e93d2bdab3b6ffb72727662	707ba1c82dcdb9307ae9b809b15746a0585a5bda61f67b7ba74149f40b97fa8f
ch1_317	chapter1	第一章 · 失而复得的日常	S06		360	十屋	dialogue	成田前辈，我们来交换 LIME 吧！	ch1_316 | 基生 | 啊……这样……	ch1_318 | 基生 | LIME，是什么？		untranslated			dd9080da63e5af35b692e9e4780083f74b0997889574d695d72717b2f2ec12aa	707ba1c82dcdb9307ae9b809b15746a0585a5bda61f67b7ba74149f40b97fa8f
ch1_318	chapter1	第一章 · 失而复得的日常	S06		361	基生	dialogue	LIME，是什么？	ch1_317 | 十屋 | 成田前辈，我们来交换 LIME 吧！	ch1_319 | 十屋 | 诶！？居然不知道？？是通讯 app 哦！	LIMEって、何？	draft	AI 批量翻译初稿，需人工校对角色口吻与专名。		f7921a8b0ae5eba9435cb0239bb73e7a29ee1aaa90768d8bd6232e4c61e2b75c	707ba1c82dcdb9307ae9b809b15746a0585a5bda61f67b7ba74149f40b97fa8f
ch1_319	chapter1	第一章 · 失而复得的日常	S06		362	十屋	dialogue	诶！？居然不知道？？是通讯 app 哦！	ch1_318 | 基生 | LIME，是什么？	ch1_320 | 基生 | 啊……因为我不是智能手机……		untranslated			222b4250987f7608cb74953c8fde44ff4ce3b55187bf60ad26a22650f383136a	707ba1c82dcdb9307ae9b809b15746a0585a5bda61f67b7ba74149f40b97fa8f
ch1_320	chapter1	第一章 · 失而复得的日常	S06		363	基生	dialogue	啊……因为我不是智能手机……	ch1_319 | 十屋 | 诶！？居然不知道？？是通讯 app 哦！	ch1_321 | 十屋 | 居然是翻盖手机！？前辈你是老爷爷吗！不过随便了，邮箱地址也可以哦。	あ……僕、スマートフォンじゃないから……	draft	AI 批量翻译初稿，需人工校对角色口吻与专名。		4bd8811fa5320d5d9d89422de0f1ef6d6df9b3ae53fce355339c54861613e509	707ba1c82dcdb9307ae9b809b15746a0585a5bda61f67b7ba74149f40b97fa8f
ch1_321	chapter1	第一章 · 失而复得的日常	S06		364	十屋	dialogue	居然是翻盖手机！？前辈你是老爷爷吗！不过随便了，邮箱地址也可以哦。	ch1_320 | 基生 | 啊……因为我不是智能手机……	ch1_322 | 基生 | 喂、别自作主——		untranslated			606dee88b1c9299af3fc31bc847e4b8ca7bca9347eb0bdd882aa6fc952b80625	707ba1c82dcdb9307ae9b809b15746a0585a5bda61f67b7ba74149f40b97fa8f
ch1_322	chapter1	第一章 · 失而复得的日常	S06		365	基生	dialogue	喂、别自作主——	ch1_321 | 十屋 | 居然是翻盖手机！？前辈你是老爷爷吗！不过随便了，邮箱地址也可以哦。	ch1_323 | 十屋 | 谢谢前辈！	おい、勝手に——	draft	AI 批量翻译初稿，需人工校对角色口吻与专名。		809c14b97a33a50c2503c47330b6eeed4a0213484b3d69ab75378d6f33714bfa	707ba1c82dcdb9307ae9b809b15746a0585a5bda61f67b7ba74149f40b97fa8f
ch1_323	chapter1	第一章 · 失而复得的日常	S06		366	十屋	dialogue	谢谢前辈！	ch1_322 | 基生 | 喂、别自作主——	ch1_324 | 十屋 | 说来，成田前辈是一个人来这里玩的吗？感觉很帅气呢！		untranslated			42251ce16480e67bf4de073b079ca7da3e304b1ae1d34865e1483653cd54ecb3	707ba1c82dcdb9307ae9b809b15746a0585a5bda61f67b7ba74149f40b97fa8f
ch1_324	chapter1	第一章 · 失而复得的日常	S06		367	十屋	dialogue	说来，成田前辈是一个人来这里玩的吗？感觉很帅气呢！	ch1_323 | 十屋 | 谢谢前辈！	ch1_325 | 基生 | 诶？不是啊。——我和女朋友一起……		untranslated			d201881797be63eede0909e91ad9e31fc68f2a000d1e900c4013f6c7fe082325	707ba1c82dcdb9307ae9b809b15746a0585a5bda61f67b7ba74149f40b97fa8f
ch1_325	chapter1	第一章 · 失而复得的日常	S06		368	基生	dialogue	诶？不是啊。——我和女朋友一起……	ch1_324 | 十屋 | 说来，成田前辈是一个人来这里玩的吗？感觉很帅气呢！	ch1_326 | 旁白 | 身边的“爱理”，不知何时没了踪影。	え？ 違うよ。——彼女と一緒に……	draft	AI 批量翻译初稿，需人工校对角色口吻与专名。		ce2a9654b477c382636a1cb165b2426acfa2823f0280eed2dc5b6e1bb906e9f8	707ba1c82dcdb9307ae9b809b15746a0585a5bda61f67b7ba74149f40b97fa8f
ch1_327	chapter1	第一章 · 失而复得的日常	S06		370	基生	dialogue	诶……？爱理……？	ch1_326 | 旁白 | 身边的“爱理”，不知何时没了踪影。	ch1_328 | 十屋 | 真的吗！！成田前辈居然有女朋友吗！？诶——！！想见一面呢！！总感觉很意外呢，但真不愧是前辈呢！！是叫小爱理对吧！是去洗手间了吗？	え……？ 愛理……？	draft	AI 批量翻译初稿，需人工校对角色口吻与专名。		4cd8abc62f4c8dd158573cef0558ed1615bd2c7be85fe52e6f8c31abbe46ae01	707ba1c82dcdb9307ae9b809b15746a0585a5bda61f67b7ba74149f40b97fa8f
ch1_328	chapter1	第一章 · 失而复得的日常	S06		371	十屋	dialogue	真的吗！！成田前辈居然有女朋友吗！？诶——！！想见一面呢！！总感觉很意外呢，但真不愧是前辈呢！！是叫小爱理对吧！是去洗手间了吗？	ch1_327 | 基生 | 诶……？爱理……？	ch1_329 | 基生 | 不是……刚才她还在这里的……		untranslated			fc4a2a5c6e0fe650fbceceba371fada5972146c05dcd0f1ac727821b05ffc981	707ba1c82dcdb9307ae9b809b15746a0585a5bda61f67b7ba74149f40b97fa8f
ch1_329	chapter1	第一章 · 失而复得的日常	S06		372	基生	dialogue	不是……刚才她还在这里的……	ch1_328 | 十屋 | 真的吗！！成田前辈居然有女朋友吗！？诶——！！想见一面呢！！总感觉很意外呢，但真不愧是前辈呢！！是叫小爱理对吧！是去洗手间了吗？	ch1_330 | 十屋 | 真的吗！这里太暗了，完全没有注意到……小爱理可爱吗？要在这里等她回来吗？	いや……さっきまでここにいたんだ……	draft	AI 批量翻译初稿，需人工校对角色口吻与专名。		52ecac37c8e2a1f3733a26f1ea5da7f9dd8f2754072a5709dab1825270bf9e64	707ba1c82dcdb9307ae9b809b15746a0585a5bda61f67b7ba74149f40b97fa8f
ch1_330	chapter1	第一章 · 失而复得的日常	S06		373	十屋	dialogue	真的吗！这里太暗了，完全没有注意到……小爱理可爱吗？要在这里等她回来吗？	ch1_329 | 基生 | 不是……刚才她还在这里的……	ch1_332 | 基生 | ……对不起我失陪了！		untranslated			08b53e47473393b63e868ea34cda71218ff4c18df51a1ede73ea39a5bd4387e0	707ba1c82dcdb9307ae9b809b15746a0585a5bda61f67b7ba74149f40b97fa8f
ch1_332	chapter1	第一章 · 失而复得的日常	S06		374	基生	dialogue	……对不起我失陪了！	ch1_330 | 十屋 | 真的吗！这里太暗了，完全没有注意到……小爱理可爱吗？要在这里等她回来吗？	ch1_333 | 十屋 | 诶——	……ごめん、失礼する！	draft	AI 批量翻译初稿，需人工校对角色口吻与专名。		490539d40549a44565dfe60c6289df2821a7b26f8065d833b437525b1f69cc77	707ba1c82dcdb9307ae9b809b15746a0585a5bda61f67b7ba74149f40b97fa8f
ch1_333	chapter1	第一章 · 失而复得的日常	S06		375	十屋	dialogue	诶——	ch1_332 | 基生 | ……对不起我失陪了！	ch1_334 | 十屋 | 那么、请之后把小爱理的照片发过来让我看一下哦——！		untranslated			266525570ddfe3703cd1d35fc665db48727004258b211cd98bb6546aeba6e834	707ba1c82dcdb9307ae9b809b15746a0585a5bda61f67b7ba74149f40b97fa8f
ch1_334	chapter1	第一章 · 失而复得的日常	S06		376	十屋	dialogue	那么、请之后把小爱理的照片发过来让我看一下哦——！	ch1_333 | 十屋 | 诶——	ch1_335 | 基生 | 才不会给你发啦！		untranslated			2a79130df704b8c6318a437250d1bba7ce9eae0f2e94f29e918d6f7b0cf118e4	707ba1c82dcdb9307ae9b809b15746a0585a5bda61f67b7ba74149f40b97fa8f
ch1_335	chapter1	第一章 · 失而复得的日常	S06		377	基生	dialogue	才不会给你发啦！	ch1_334 | 十屋 | 那么、请之后把小爱理的照片发过来让我看一下哦——！	ch1_338 | 旁白 | 基生找遍——拍照的地方没有，大王具足虫的地方也没有……	送るわけないだろ！	draft	AI 批量翻译初稿，需人工校对角色口吻与专名。		f13c171f1d17fb853509fff40f3bf1cb08825fa3f8a9e8949a20a9cd66f8199f	707ba1c82dcdb9307ae9b809b15746a0585a5bda61f67b7ba74149f40b97fa8f
ch1_339	chapter1	第一章 · 失而复得的日常	S06		379	基生	dialogue	爱理……	ch1_338 | 旁白 | 基生找遍——拍照的地方没有，大王具足虫的地方也没有……	ch1_340 | 旁白 | 终于，基生在刚才那个空水槽前，找到了“爱理”。	愛理……	draft	AI 批量翻译初稿，需人工校对角色口吻与专名。		152d868cc70bbcaf531f2b867f5bf7a23db919257cdc85b4441732697a0f4eb7	707ba1c82dcdb9307ae9b809b15746a0585a5bda61f67b7ba74149f40b97fa8f
ch1_341	chapter1	第一章 · 失而复得的日常	S06		381	基生	dialogue	爱理！！太好了……为什么忽然就不见了啊……而且手机也突然没信号了……我一直在找你哦。	ch1_340 | 旁白 | 终于，基生在刚才那个空水槽前，找到了“爱理”。	ch1_342 | 旁白 | 但“爱理”什么都没有说，也没有转身看他。她只是静静地站在那里。	愛理！！ よかった……どうして急にいなくなったんだ……それに携帯も急に圏外になって……ずっと探してたんだよ。	draft	AI 批量翻译初稿，需人工校对角色口吻与专名。		db1166d6c4b63246f40f753455640eeb8be195810a2d00f7b6a208afaebe2302	707ba1c82dcdb9307ae9b809b15746a0585a5bda61f67b7ba74149f40b97fa8f
ch1_343	chapter1	第一章 · 失而复得的日常	S06		383	基生	dialogue	……爱理？	ch1_342 | 旁白 | 但“爱理”什么都没有说，也没有转身看他。她只是静静地站在那里。	ch1_344 | 旁白 | 基生拍了拍“爱理”的肩膀。“爱理”突然反应过来，回头瞪了他一眼。	……愛理？	draft	AI 批量翻译初稿，需人工校对角色口吻与专名。		7324be98818e9ee4e7dfa91fed96306bb284870bd73a8d160037f53ab0c30672	707ba1c82dcdb9307ae9b809b15746a0585a5bda61f67b7ba74149f40b97fa8f
ch1_345	chapter1	第一章 · 失而复得的日常	S06		385	基生	dialogue	诶……为……为什么你生气了呢？	ch1_344 | 旁白 | 基生拍了拍“爱理”的肩膀。“爱理”突然反应过来，回头瞪了他一眼。	ch1_346 | “爱理” | ……基生你是觉得，我的事情怎么样都好是吧。	え……ど、どうして怒ってるんだ？	draft	AI 批量翻译初稿，需人工校对角色口吻与专名。		a31bee185e2d3ade948b0310f48e0f6eada34cf0aaa5fd0977690390dec0dfc2	707ba1c82dcdb9307ae9b809b15746a0585a5bda61f67b7ba74149f40b97fa8f
ch1_346	chapter1	第一章 · 失而复得的日常	S06		386	“爱理”	dialogue	……基生你是觉得，我的事情怎么样都好是吧。	ch1_345 | 基生 | 诶……为……为什么你生气了呢？	ch1_347 | 基生 | ！？为什么这么说啊？刚才我都说了，直到现在都在找你吧？	……基生は、私のことなんてどうでもいいんだね。	draft	AI 批量翻译初稿，需人工校对角色口吻与专名。		0b9856e455e77c420992b1802bb3380330d1defb66c8a8773100cba94178fda5	707ba1c82dcdb9307ae9b809b15746a0585a5bda61f67b7ba74149f40b97fa8f
ch1_347	chapter1	第一章 · 失而复得的日常	S06		387	基生	dialogue	！？为什么这么说啊？刚才我都说了，直到现在都在找你吧？	ch1_346 | “爱理” | ……基生你是觉得，我的事情怎么样都好是吧。	ch1_348 | “爱理” | 但是我离开的时候，你都没有发现吧。因为你一直很开心地在和他们聊天。	！？ どうしてそんなこと言うんだ？ さっきも言っただろ、ずっと君を探してたって。	draft	AI 批量翻译初稿，需人工校对角色口吻与专名。		c6f85275fa588dba9166c2db9769726ab9e4fe83fa05d814f45fd5881e7597e9	707ba1c82dcdb9307ae9b809b15746a0585a5bda61f67b7ba74149f40b97fa8f
ch1_348	chapter1	第一章 · 失而复得的日常	S06		388	“爱理”	dialogue	但是我离开的时候，你都没有发现吧。因为你一直很开心地在和他们聊天。	ch1_347 | 基生 | ！？为什么这么说啊？刚才我都说了，直到现在都在找你吧？	ch1_349 | 基生 | 哪有聊得很开心……只是十屋他在自说自话……只是那家伙太吵了，导致我走神了，所以没注意到你……	でも、私がいなくなった時、気づきもしなかったでしょ。ずっと楽しそうに、あの人たちと話してたから。	draft	AI 批量翻译初稿，需人工校对角色口吻与专名。		f190c86043e0b1c973e580fe57bdf9244f57cfb95fecd7d99b072356696a22e7	707ba1c82dcdb9307ae9b809b15746a0585a5bda61f67b7ba74149f40b97fa8f
ch1_349	chapter1	第一章 · 失而复得的日常	S06		389	基生	dialogue	哪有聊得很开心……只是十屋他在自说自话……只是那家伙太吵了，导致我走神了，所以没注意到你……	ch1_348 | “爱理” | 但是我离开的时候，你都没有发现吧。因为你一直很开心地在和他们聊天。	ch1_350 | 旁白 | “爱理”什么都没有说。基生感觉有些愧疚。	楽しそうになんか話してない……十屋が一人でしゃべってただけだ……あいつがうるさくて気を取られて、それで君に気づかなかっただけで……	draft	AI 批量翻译初稿，需人工校对角色口吻与专名。		0affcae35f18c3020d9597d4f4a4ab529d47eea9f3e8762a457d7a3a0f8bc44e	707ba1c82dcdb9307ae9b809b15746a0585a5bda61f67b7ba74149f40b97fa8f
ch1_351	chapter1	第一章 · 失而复得的日常	S06		391	基生	dialogue	……对不——	ch1_350 | 旁白 | “爱理”什么都没有说。基生感觉有些愧疚。	ch1_352 | “爱理” | 基生你……不是只想著我的事情吗？基生的“想”到底是什么？基生的“想”就是，丢下我独自一个人待著吗？就连一句我想要听的话，都说不出来。这是基生的“想”吗？	……ごめ——	draft	AI 批量翻译初稿，需人工校对角色口吻与专名。		f9c94ec0ea60f672dff5193686f2a602fa9b4de4168817ff1fc090398c3e1595	707ba1c82dcdb9307ae9b809b15746a0585a5bda61f67b7ba74149f40b97fa8f
ch1_352	chapter1	第一章 · 失而复得的日常	S06		392	“爱理”	dialogue	基生你……不是只想著我的事情吗？基生的“想”到底是什么？基生的“想”就是，丢下我独自一个人待著吗？就连一句我想要听的话，都说不出来。这是基生的“想”吗？	ch1_351 | 基生 | ……对不——	ch1_353 | 基生 | 什么啊……这算……	基生は……私のことだけを想ってたんじゃないの？ 基生の言う『想う』って何？ 私を一人で置いていくことが、基生の『想う』なの？ 私が聞きたい言葉を、一言さえ言ってくれない。それが、基生の『想う』なの？	draft	AI 批量翻译初稿，需人工校对角色口吻与专名。		d162e2cfa4b3fd5eab4f3f7dd5f336d4d790920cfb1cddd2a4d95832cf514760	707ba1c82dcdb9307ae9b809b15746a0585a5bda61f67b7ba74149f40b97fa8f
ch1_353	chapter1	第一章 · 失而复得的日常	S06		393	基生	dialogue	什么啊……这算……	ch1_352 | “爱理” | 基生你……不是只想著我的事情吗？基生的“想”到底是什么？基生的“想”就是，丢下我独自一个人待著吗？就连一句我想要听的话，都说不出来。这是基生的“想”吗？	ch1_354 | 基生 | 说出来、说出来……就非得全都说出来吗？什么都不说的话，爱理就真的不明白吗！？为什么爱理你这么拘泥于说出来呢？’我的“想”就是丢下你独自一个人待著……’——这算什么啊？一直一直、一直、独自一人的，不是我吗……！	何だよ……それ……	draft	AI 批量翻译初稿，需人工校对角色口吻与专名。		45181c6d149b2fc0c1ba1b82dd2e16d87069d4ddefc10190cdb1e3f95f23484d	707ba1c82dcdb9307ae9b809b15746a0585a5bda61f67b7ba74149f40b97fa8f
ch1_354	chapter1	第一章 · 失而复得的日常	S06		394	基生	dialogue	说出来、说出来……就非得全都说出来吗？什么都不说的话，爱理就真的不明白吗！？为什么爱理你这么拘泥于说出来呢？’我的“想”就是丢下你独自一个人待著……’——这算什么啊？一直一直、一直、独自一人的，不是我吗……！	ch1_353 | 基生 | 什么啊……这算……	ch1_355 | 基生 | 忽然从我面前消失、又忽然出现、还说着“最喜欢你了”、“最喜欢你了”……我才搞不懂，爱理所说的“最喜欢了”到底算什么啊！爱理说的“最喜欢你了”算什么啊？？	言葉にして、言葉にしてって……全部言わなきゃいけないのか？ 何も言わなかったら、愛理には本当に何も分からないのか！？ どうして愛理は、そんなに言葉にすることにこだわるんだ？ 『僕の気持ちは、君を置いて一人にすること』って——何だよ、それ。ずっと、ずっと、ずっと一人だったのは、僕のほうじゃないか……！	draft	AI 批量翻译初稿，需人工校对角色口吻与专名。		10201f2ad868487b7d3f3ec7a902e6b0df4ae8efb0230813d0fe290264f2b526	707ba1c82dcdb9307ae9b809b15746a0585a5bda61f67b7ba74149f40b97fa8f
ch1_355	chapter1	第一章 · 失而复得的日常	S06		395	基生	dialogue	忽然从我面前消失、又忽然出现、还说着“最喜欢你了”、“最喜欢你了”……我才搞不懂，爱理所说的“最喜欢了”到底算什么啊！爱理说的“最喜欢你了”算什么啊？？	ch1_354 | 基生 | 说出来、说出来……就非得全都说出来吗？什么都不说的话，爱理就真的不明白吗！？为什么爱理你这么拘泥于说出来呢？’我的“想”就是丢下你独自一个人待著……’——这算什么啊？一直一直、一直、独自一人的，不是我吗……！	ch1_356 | 旁白 | 基生在心里压抑了许久的怒火，在此刻全部喷发出来。他愤怒地看着“爱理”，一字一句地质问道。	突然僕の前から消えて、また突然現れて、『大好き』『大好き』って……僕には分からないんだ。愛理の言う『大好き』って、いったい何なんだよ！ 愛理の『大好き』って、何なんだよ！？	draft	AI 批量翻译初稿，需人工校对角色口吻与专名。		b3ff0b547f6cd05c04e82e2a8408d969e946c8ea6b968d9680e06a00c044bc53	707ba1c82dcdb9307ae9b809b15746a0585a5bda61f67b7ba74149f40b97fa8f
ch1_357	chapter1	第一章 · 失而复得的日常	S06		397	“爱理”	dialogue	什……说是什么……	ch1_356 | 旁白 | 基生在心里压抑了许久的怒火，在此刻全部喷发出来。他愤怒地看着“爱理”，一字一句地质问道。	ch1_358 | 基生 | ……爱理？爱理？没事吧……？	な……何って……	draft	AI 批量翻译初稿，需人工校对角色口吻与专名。		da50a0504038127e1f57fbec5571c6d6d02b5a74e0266f0062264418ce9eb1e2	707ba1c82dcdb9307ae9b809b15746a0585a5bda61f67b7ba74149f40b97fa8f
ch1_358	chapter1	第一章 · 失而复得的日常	S06		398	基生	dialogue	……爱理？爱理？没事吧……？	ch1_357 | “爱理” | 什……说是什么……	ch1_359 | 旁白 | “爱理”摇晃着——跌倒在地。	……愛理？ 愛理？ 大丈夫か……？	draft	AI 批量翻译初稿，需人工校对角色口吻与专名。		ec12b852a98614f480b649499506fcb61521fabffd04f077a6de122b52084862	707ba1c82dcdb9307ae9b809b15746a0585a5bda61f67b7ba74149f40b97fa8f
ch1_360	chapter1	第一章 · 失而复得的日常	S06		400	基生	dialogue	……诶？爱理——！	ch1_359 | 旁白 | “爱理”摇晃着——跌倒在地。	ch2_s01 | 旁白 | 苏醒 —— “贫血”的谎言与迟到的道歉	……え？ 愛理——！	draft	AI 批量翻译初稿，需人工校对角色口吻与专名。		350dcc493a32492f1357979efc827f0f2a4d6c56ff28b5c567d08cc55d534509	707ba1c82dcdb9307ae9b809b15746a0585a5bda61f67b7ba74149f40b97fa8f
ch2_003	chapter2	第二章 · 约定与夕阳	S01		404	“爱理”	dialogue	啊！	ch2_002 | 旁白 | 就在这时——房间的方向，传来一声短促的惊叫。	ch2_004 | 旁白 | 基生的手一抖，水杯差点脱手。他几乎是撞开房门冲了进去。	あっ！	draft	AI 批量翻译初稿，需人工校对角色口吻与专名。		f1a67bc3395c8f906a266d4588dadce09dee434b2bb71c8f6da5420394b776db	707ba1c82dcdb9307ae9b809b15746a0585a5bda61f67b7ba74149f40b97fa8f
ch2_005	chapter2	第二章 · 约定与夕阳	S01		406	基生	dialogue	爱理——！？	ch2_004 | 旁白 | 基生的手一抖，水杯差点脱手。他几乎是撞开房门冲了进去。	ch2_006 | 旁白 | 推开门，他看见爱理已经醒来，正坐在床上，一只手按着额头。基生原本紧绷到发疼的神情，顿时松了下来——可额头上那层冷汗，仍出卖了他的担忧。	愛理——！？	draft	AI 批量翻译初稿，需人工校对角色口吻与专名。		502b165422ba3873e48f2a43d67e88f4eacc011afa2095a11f3da88150c54a3d	707ba1c82dcdb9307ae9b809b15746a0585a5bda61f67b7ba74149f40b97fa8f
ch2_007	chapter2	第二章 · 约定与夕阳	S01		408	基生	dialogue	太好了……你醒了啊……	ch2_006 | 旁白 | 推开门，他看见爱理已经醒来，正坐在床上，一只手按着额头。基生原本紧绷到发疼的神情，顿时松了下来——可额头上那层冷汗，仍出卖了他的担忧。	ch2_008 | 基生 | 没事儿吧？身体没问题了吗？	よかった……目が覚めたんだな……	draft	AI 批量翻译初稿，需人工校对角色口吻与专名。		ef8a72644451ff7eb7dabd9b11cb3bd24af0bfa889b5e07ca0dde7db33203232	707ba1c82dcdb9307ae9b809b15746a0585a5bda61f67b7ba74149f40b97fa8f
ch2_008	chapter2	第二章 · 约定与夕阳	S01		409	基生	dialogue	没事儿吧？身体没问题了吗？	ch2_007 | 基生 | 太好了……你醒了啊……	ch2_009 | 旁白 | 爱理似乎还没有完全恢复。面对基生的询问，她稍微停顿了一下，随后故作轻松地回答。	大丈夫か？ もう身体は平気なのか？	draft	AI 批量翻译初稿，需人工校对角色口吻与专名。		5bb76da1b0e52fa9d8cc2210fde929048d190f51e8cca4df383d8be685deedc4	707ba1c82dcdb9307ae9b809b15746a0585a5bda61f67b7ba74149f40b97fa8f
ch2_010	chapter2	第二章 · 约定与夕阳	S01		411	“爱理”	dialogue	嗯……嗯嗯！可能是有点……贫血的样子。	ch2_009 | 旁白 | 爱理似乎还没有完全恢复。面对基生的询问，她稍微停顿了一下，随后故作轻松地回答。	ch2_011 | 旁白 | 她说着，笑了笑，可那笑容并没有落到眼底。	うん……うん！ ちょっと……貧血みたい。	draft	AI 批量翻译初稿，需人工校对角色口吻与专名。		96513360036df37e9685e7c1cc69ef696cf9d654dc2e3cbb6c4af33944bc0563	707ba1c82dcdb9307ae9b809b15746a0585a5bda61f67b7ba74149f40b97fa8f
ch2_012	chapter2	第二章 · 约定与夕阳	S01		413	基生	dialogue	贫血吗……	ch2_011 | 旁白 | 她说着，笑了笑，可那笑容并没有落到眼底。	ch2_013 | 基生 | 你别勉强，还是躺着比较好吧……	貧血か……	draft	AI 批量翻译初稿，需人工校对角色口吻与专名。		3be9e4c8af4b63ac2c7a37f62d67f38180907377a71ebe99dde992b07e888390	707ba1c82dcdb9307ae9b809b15746a0585a5bda61f67b7ba74149f40b97fa8f
ch2_013	chapter2	第二章 · 约定与夕阳	S01		414	基生	dialogue	你别勉强，还是躺着比较好吧……	ch2_012 | 基生 | 贫血吗……	ch2_014 | 旁白 | 基生走近床边，认真劝她继续休息。可当他伸手时，爱理却像是被烫到一般，微微向后缩了一下。	無理しないで、まだ横になってたほうがいいんじゃないか……	draft	AI 批量翻译初稿，需人工校对角色口吻与专名。		c032979759991487d3f4c9f51cfc65fef45d6c25e4bd46f1928fbd84152905c8	707ba1c82dcdb9307ae9b809b15746a0585a5bda61f67b7ba74149f40b97fa8f
ch2_016	chapter2	第二章 · 约定与夕阳	S01		417	“爱理”	dialogue	没问题，没问题！	ch2_015 | 旁白 | 爱理坐在床沿，双手拘谨地并拢在膝前。她低着头，头发遮住了双眼，显得十分紧张。	ch2_017 | “爱理” | 比起这个，那个……我……	大丈夫、大丈夫！	draft	AI 批量翻译初稿，需人工校对角色口吻与专名。		1dc1b3bf4682308b5b0239c484242d9b831a7ca64045371e5249e2ea9cabacf9	707ba1c82dcdb9307ae9b809b15746a0585a5bda61f67b7ba74149f40b97fa8f
ch2_017	chapter2	第二章 · 约定与夕阳	S01		418	“爱理”	dialogue	比起这个，那个……我……	ch2_016 | “爱理” | 没问题，没问题！	ch2_018 | 旁白 | 爱理的脸上带着细微的汗珠。她张了张嘴，像是要说什么，却又把话咽了回去。	それより、あの……私……	draft	AI 批量翻译初稿，需人工校对角色口吻与专名。		0812d8fabc151077f815500a4c62fb2ec5eb1281b84eec6a8eed5a10b2af3b0c	707ba1c82dcdb9307ae9b809b15746a0585a5bda61f67b7ba74149f40b97fa8f
ch2_019	chapter2	第二章 · 约定与夕阳	S01		420	“爱理”	dialogue	我……	ch2_018 | 旁白 | 爱理的脸上带着细微的汗珠。她张了张嘴，像是要说什么，却又把话咽了回去。	ch2_020 | 旁白 | 基生看着她欲言又止的样子，有些疑惑。随即，昨日在水族馆的画面涌了上来——他说完那些气话后，“爱理”便在他面前昏倒。积攒了一整夜的愧疚，终于在此刻决堤。	私……	draft	AI 批量翻译初稿，需人工校对角色口吻与专名。		5746f3650dfd37a2e2ebf55f322ede9fc0f6b4b30933aea83e3a004ea9310442	707ba1c82dcdb9307ae9b809b15746a0585a5bda61f67b7ba74149f40b97fa8f
ch2_021	chapter2	第二章 · 约定与夕阳	S01		422	基生	dialogue	爱理，	ch2_020 | 旁白 | 基生看着她欲言又止的样子，有些疑惑。随即，昨日在水族馆的画面涌了上来——他说完那些气话后，“爱理”便在他面前昏倒。积攒了一整夜的愧疚，终于在此刻决堤。	ch2_022 | 旁白 | 爱理还没有说完那句欲言又止的话，基生便走上前，一把将她拥入怀中。	愛理、	draft	AI 批量翻译初稿，需人工校对角色口吻与专名。		2df180287202dbfa922defbc3b36a29f7386e8c3afddabf3d60545e6058d03e3	707ba1c82dcdb9307ae9b809b15746a0585a5bda61f67b7ba74149f40b97fa8f
ch2_024	chapter2	第二章 · 约定与夕阳	S01		425	基生	dialogue	对不起……	ch2_023 | 旁白 | 这个拥抱来得十分突然。爱理睁大双眼，身体僵在原地，显然没有预料到基生会这样回应。基生低下头，将脸埋在她的肩旁，双臂紧紧环住她。	ch2_025 | 旁白 | “爱理”一脸震惊地感受着这个拥抱，睫毛轻轻颤动。	ごめん……	draft	AI 批量翻译初稿，需人工校对角色口吻与专名。		ce15343eebbefe04426c32b48bdf40782ecba0f74b4433c8c5b5b106effebc29	707ba1c82dcdb9307ae9b809b15746a0585a5bda61f67b7ba74149f40b97fa8f
ch2_026	chapter2	第二章 · 约定与夕阳	S01		427	基生	dialogue	那时候，我不该让爱理一个人待着……	ch2_025 | 旁白 | “爱理”一脸震惊地感受着这个拥抱，睫毛轻轻颤动。	ch2_027 | 基生 | 明明知道你心里十分不安，我却……	あの時、愛理を一人にするべきじゃなかった……	draft	AI 批量翻译初稿，需人工校对角色口吻与专名。		78d860b4bc7d47054e35e2531c6602a4fe97005f95da27ae6db5d0ab04c7d92c	707ba1c82dcdb9307ae9b809b15746a0585a5bda61f67b7ba74149f40b97fa8f
ch2_027	chapter2	第二章 · 约定与夕阳	S01		428	基生	dialogue	明明知道你心里十分不安，我却……	ch2_026 | 基生 | 那时候，我不该让爱理一个人待着……	ch2_028 | 基生 | 一个劲儿地只顾说自己的事情。	君がすごく不安だったって分かってたのに、僕は……	draft	AI 批量翻译初稿，需人工校对角色口吻与专名。		8d8d409fb66ac5805845040c2c67e0a3cce5aa3ab1e7a95a57a325bb77bf2dee	707ba1c82dcdb9307ae9b809b15746a0585a5bda61f67b7ba74149f40b97fa8f
ch2_028	chapter2	第二章 · 约定与夕阳	S01		429	基生	dialogue	一个劲儿地只顾说自己的事情。	ch2_027 | 基生 | 明明知道你心里十分不安，我却……	ch2_029 | 基生 | 真的非常对不起……	自分のことばかり、一方的に話してた。	draft	AI 批量翻译初稿，需人工校对角色口吻与专名。		306cc897dd8e3464b91b33892448ded0b498cc210364e4ea4ecf360a82a7e8f7	707ba1c82dcdb9307ae9b809b15746a0585a5bda61f67b7ba74149f40b97fa8f
ch2_029	chapter2	第二章 · 约定与夕阳	S01		430	基生	dialogue	真的非常对不起……	ch2_028 | 基生 | 一个劲儿地只顾说自己的事情。	ch2_030 | 旁白 | 房间里安静了很久。久到基生以为，她也许永远不会回应了。	本当にごめん……	draft	AI 批量翻译初稿，需人工校对角色口吻与专名。		178affecb9aead4887d3a139545c8b7136aa9246d0e1d90039d019783735786f	707ba1c82dcdb9307ae9b809b15746a0585a5bda61f67b7ba74149f40b97fa8f
ch2_031	chapter2	第二章 · 约定与夕阳	S01		432	“爱理”	dialogue	……基生。	ch2_030 | 旁白 | 房间里安静了很久。久到基生以为，她也许永远不会回应了。	ch2_032 | “爱理” | 放开我。	……基生。	draft	AI 批量翻译初稿，需人工校对角色口吻与专名。		790141ae3154e1a9ba554d4b94a771b102e4b5212426f8262b7c5450a1a562a8	707ba1c82dcdb9307ae9b809b15746a0585a5bda61f67b7ba74149f40b97fa8f
ch2_032	chapter2	第二章 · 约定与夕阳	S01		433	“爱理”	dialogue	放开我。	ch2_031 | “爱理” | ……基生。	ch2_s02 | 旁白 | 誓约 —— “不能说”的告白	放して。	draft	AI 批量翻译初稿，需人工校对角色口吻与专名。		4dfbb4948552d27df30af19c6b99b541b9490959293036d398fcd18c343ff229	707ba1c82dcdb9307ae9b809b15746a0585a5bda61f67b7ba74149f40b97fa8f
ch2_035	chapter2	第二章 · 约定与夕阳	S02		436	基生	dialogue	诶，那个……对不起！我……！	ch2_034 | 旁白 | 爱理要求基生放开自己。基生慌忙松开双手——他误以为刚才的拥抱弄疼了她。	ch2_036 | 基生 | 难道是那时候，身上有哪里受伤了吗……！？	え、あの……ごめん！ 僕……！	draft	AI 批量翻译初稿，需人工校对角色口吻与专名。		9edeb2a0324d6796e20322e74528810bacdfa1daf4078beb96ed3ac0652b096d	707ba1c82dcdb9307ae9b809b15746a0585a5bda61f67b7ba74149f40b97fa8f
ch2_036	chapter2	第二章 · 约定与夕阳	S02		437	基生	dialogue	难道是那时候，身上有哪里受伤了吗……！？	ch2_035 | 基生 | 诶，那个……对不起！我……！	ch2_037 | 旁白 | 爱理低着头，小声否认。	まさか、あの時どこか怪我したのか……！？	draft	AI 批量翻译初稿，需人工校对角色口吻与专名。		c984e07b3ccdfc79243f2ee9b2856a758623d5fb25e5bb71bbcb4a1391bcc27e	707ba1c82dcdb9307ae9b809b15746a0585a5bda61f67b7ba74149f40b97fa8f
ch2_038	chapter2	第二章 · 约定与夕阳	S02		439	“爱理”	dialogue	……不，不是那样。	ch2_037 | 旁白 | 爱理低着头，小声否认。	ch2_039 | 旁白 | 她脸颊通红，神情慌乱。基生看到她的异常反应，又以为她正在发烧，急忙想确认她的身体状况。	……ううん、そうじゃない。	draft	AI 批量翻译初稿，需人工校对角色口吻与专名。		42967e524fb49e3fb9823944c0fd28c1039d4461b2431bba8fee2285655027b6	707ba1c82dcdb9307ae9b809b15746a0585a5bda61f67b7ba74149f40b97fa8f
ch2_040	chapter2	第二章 · 约定与夕阳	S02		441	基生	dialogue	发、发烧了……！？	ch2_039 | 旁白 | 她脸颊通红，神情慌乱。基生看到她的异常反应，又以为她正在发烧，急忙想确认她的身体状况。	ch2_041 | 旁白 | 爱理连忙伸手阻止他靠近。	ね、熱があるのか……！？	draft	AI 批量翻译初稿，需人工校对角色口吻与专名。		a7d25a9ce8660a02a6291feeb3f77f8ba08e1f40254e32ace11178bb96998015	707ba1c82dcdb9307ae9b809b15746a0585a5bda61f67b7ba74149f40b97fa8f
ch2_042	chapter2	第二章 · 约定与夕阳	S02		443	“爱理”	dialogue	不、不是哦！我没事的！	ch2_041 | 旁白 | 爱理连忙伸手阻止他靠近。	ch2_043 | “爱理” | 我也不知道自己怎么了！？	ち、違うの！ 私は大丈夫！	draft	AI 批量翻译初稿，需人工校对角色口吻与专名。		8fd1b13cbd04df2dc64a5b827f2ce8a9083144f761e2f557fae15fe5009b7046	707ba1c82dcdb9307ae9b809b15746a0585a5bda61f67b7ba74149f40b97fa8f
ch2_043	chapter2	第二章 · 约定与夕阳	S02		444	“爱理”	dialogue	我也不知道自己怎么了！？	ch2_042 | “爱理” | 不、不是哦！我没事的！	ch2_044 | 旁白 | 基生在她身旁坐下。短暂的沉默后，他轻轻握住爱理的双手，认真注视着她。	私にも、どうしちゃったのか分からないの！？	draft	AI 批量翻译初稿，需人工校对角色口吻与专名。		f16520acd45c182cc77171c27e66d1b108c7c13dfd9d1ad2ccd28cc9c8027813	707ba1c82dcdb9307ae9b809b15746a0585a5bda61f67b7ba74149f40b97fa8f
ch2_045	chapter2	第二章 · 约定与夕阳	S02		446	基生	dialogue	爱理，我啊……	ch2_044 | 旁白 | 基生在她身旁坐下。短暂的沉默后，他轻轻握住爱理的双手，认真注视着她。	ch2_046 | 基生 | 再也不会让你一个人待着了。	愛理、僕は……	draft	AI 批量翻译初稿，需人工校对角色口吻与专名。		a15977ea8ede01667a67d8c90987d1e0f48a74a75663b2d5d30267853405a717	707ba1c82dcdb9307ae9b809b15746a0585a5bda61f67b7ba74149f40b97fa8f
ch2_046	chapter2	第二章 · 约定与夕阳	S02		447	基生	dialogue	再也不会让你一个人待着了。	ch2_045 | 基生 | 爱理，我啊……	ch2_047 | 旁白 | 他向爱理发誓，不会再重演过去的错误。	もう二度と、君を一人にしない。	draft	AI 批量翻译初稿，需人工校对角色口吻与专名。		9ed3d014aa84de0386b290e3cbf326e6dec92022a55b746ae278a4cfc3889db2	707ba1c82dcdb9307ae9b809b15746a0585a5bda61f67b7ba74149f40b97fa8f
ch2_048	chapter2	第二章 · 约定与夕阳	S02		449	基生	dialogue	因为在我眼里，爱理你真的非常重要。	ch2_047 | 旁白 | 他向爱理发誓，不会再重演过去的错误。	ch2_049 | 旁白 | 爱理怔怔地看着他。	僕にとって、愛理は本当に大切だから。	draft	AI 批量翻译初稿，需人工校对角色口吻与专名。		323798ac0846241a1f7e33b5c4a26aa9294af11fc66c963116963d345e61d937	707ba1c82dcdb9307ae9b809b15746a0585a5bda61f67b7ba74149f40b97fa8f
ch2_051	chapter2	第二章 · 约定与夕阳	S02		452	基生	dialogue	所以……爱理你要是对我没有言语上的表示而感到不安的话，那么，我现在就传达给你。	ch2_050 | 旁白 | 基生以为她的不安，源于自己从未明确说出感情。于是，他决定不再逃避。	ch2_052 | 旁白 | 基生红着脸，准备完成告白。他深吸一口气。	だから……僕が言葉にしないことで愛理が不安になるなら、今、ちゃんと伝えるよ。	draft	AI 批量翻译初稿，需人工校对角色口吻与专名。		c1047ae278cabf235c11df30cb443f5d49ba0168b15b399e71f5cfc2b81b860e	707ba1c82dcdb9307ae9b809b15746a0585a5bda61f67b7ba74149f40b97fa8f
ch2_053	chapter2	第二章 · 约定与夕阳	S02		454	基生	dialogue	我也……对爱理你……	ch2_052 | 旁白 | 基生红着脸，准备完成告白。他深吸一口气。	ch2_054 | 基生 | 最喜——	僕も……愛理のことが……	draft	AI 批量翻译初稿，需人工校对角色口吻与专名。		19be8d12965be512387e320c9c51385fe4281337764c7efa5b04fee5b14defa2	707ba1c82dcdb9307ae9b809b15746a0585a5bda61f67b7ba74149f40b97fa8f
ch2_054	chapter2	第二章 · 约定与夕阳	S02		455	基生	dialogue	最喜——	ch2_053 | 基生 | 我也……对爱理你……	ch2_055 | 旁白 | 在他说出完整的话之前，爱理突然伸手，捂住了他的嘴。	大好——	draft	AI 批量翻译初稿，需人工校对角色口吻与专名。		c07f138257c7a68531a88f891af30cc26f9fab26fee33004c48e5c0975a6b689	707ba1c82dcdb9307ae9b809b15746a0585a5bda61f67b7ba74149f40b97fa8f
ch2_056	chapter2	第二章 · 约定与夕阳	S02		457	“爱理”	dialogue	不行！！	ch2_055 | 旁白 | 在他说出完整的话之前，爱理突然伸手，捂住了他的嘴。	ch2_057 | 旁白 | 她的反应强烈而急切，连基生也被吓住了。爱理满脸通红，眼中同时流露出渴望与恐惧。	だめ！！	draft	AI 批量翻译初稿，需人工校对角色口吻与专名。		1de8e55255f3ad7cf95c213e87d5164e3a8d0482b9036d49918fe695cacd7ffc	707ba1c82dcdb9307ae9b809b15746a0585a5bda61f67b7ba74149f40b97fa8f
ch2_058	chapter2	第二章 · 约定与夕阳	S02		459	“爱理”	dialogue	不能说……！	ch2_057 | 旁白 | 她的反应强烈而急切，连基生也被吓住了。爱理满脸通红，眼中同时流露出渴望与恐惧。	ch2_n2_a | 旁白 | ……	言っちゃだめ……！	draft	AI 批量翻译初稿，需人工校对角色口吻与专名。		9d58aa3f9b3ae2d7947f35626f5c79ba6ff42035fd7d25f5a0e9149af3b5f9b1	707ba1c82dcdb9307ae9b809b15746a0585a5bda61f67b7ba74149f40b97fa8f
ch2_061	chapter2	第二章 · 约定与夕阳	S02		461	基生	dialogue	……好。我不说了。	ch2_n2_a | 旁白 | ……	ch2_062 | 旁白 | 爱理像是没料到他会这样回答，愣了愣，攥紧的手慢慢松开。	……分かった。もう言わない。	draft	AI 批量翻译初稿，需人工校对角色口吻与专名。		e4bca9a0443a3ef5068b17e46837aa40a83ac2e2fb80a4fbfd78c33b18e03c18	707ba1c82dcdb9307ae9b809b15746a0585a5bda61f67b7ba74149f40b97fa8f
ch2_063	chapter2	第二章 · 约定与夕阳	S02		463	“爱理”	dialogue	……嗯。	ch2_062 | 旁白 | 爱理像是没料到他会这样回答，愣了愣，攥紧的手慢慢松开。	ch2_064 | 旁白 | 她垂下眼，声音轻得几乎听不见。紧绷的空气，似乎松动了那么一点。	……うん。	draft	AI 批量翻译初稿，需人工校对角色口吻与专名。		3b34ad0c72b25b93a965599ee15116372d9e20ce98e9693f21de681d0ca8de4d	707ba1c82dcdb9307ae9b809b15746a0585a5bda61f67b7ba74149f40b97fa8f
ch2_066	chapter2	第二章 · 约定与夕阳	S02		466	基生	dialogue	为什么不能说？爱理。	ch2_n2_b | 旁白 | ……	ch2_067 | 旁白 | 爱理猛地抬头，眼中的恐惧一闪而过。	どうして言っちゃいけないんだ？ 愛理。	draft	AI 批量翻译初稿，需人工校对角色口吻与专名。		0fde887a9457456128f73b290d0abe82fac31c438e9216751c2b0931f4ba2923	707ba1c82dcdb9307ae9b809b15746a0585a5bda61f67b7ba74149f40b97fa8f
ch2_068	chapter2	第二章 · 约定与夕阳	S02		468	“爱理”	dialogue	……因为，说了的话，	ch2_067 | 旁白 | 爱理猛地抬头，眼中的恐惧一闪而过。	ch2_069 | “爱理” | ……不，没什么。	……だって、言ったら、	draft	AI 批量翻译初稿，需人工校对角色口吻与专名。		211a0c45f80f396ec5fbd7ad1b882c0bdfe502b50058f1f30d3d459eb0f6f1d8	707ba1c82dcdb9307ae9b809b15746a0585a5bda61f67b7ba74149f40b97fa8f
ch2_069	chapter2	第二章 · 约定与夕阳	S02		469	“爱理”	dialogue	……不，没什么。	ch2_068 | “爱理” | ……因为，说了的话，	ch2_070 | 旁白 | 她说到一半，又硬生生把话吞了回去，摇了摇头。	……ううん、何でもない。	draft	AI 批量翻译初稿，需人工校对角色口吻与专名。		a59f9c9f860cc6cb8e4ec9d33ed90df1a8598ef55c56793937138b63b7df51c2	707ba1c82dcdb9307ae9b809b15746a0585a5bda61f67b7ba74149f40b97fa8f
ch2_073	chapter2	第二章 · 约定与夕阳	S02		473	“爱理”	dialogue	啊……我……我现在已经没事啦！	ch2_072 | 旁白 | 爱理突然站起身，踉跄了一下，又勉强站稳。她满脸通红，生硬地转移话题。	ch2_074 | “爱理” | 所以，我稍微，去外面！呼吸一下空气！！	あ……私……もう大丈夫だから！	draft	AI 批量翻译初稿，需人工校对角色口吻与专名。		b7b14e181b952015308d1becf98d1493e2ac3ee12283226c869ca05ad70ff321	707ba1c82dcdb9307ae9b809b15746a0585a5bda61f67b7ba74149f40b97fa8f
ch2_074	chapter2	第二章 · 约定与夕阳	S02		474	“爱理”	dialogue	所以，我稍微，去外面！呼吸一下空气！！	ch2_073 | “爱理” | 啊……我……我现在已经没事啦！	ch2_075 | 旁白 | 基生对她一惊一乍的举动感到有些迷茫，迟疑地叫住她。	だから、ちょっと、外に！ 空気を吸ってくる！！	draft	AI 批量翻译初稿，需人工校对角色口吻与专名。		a603435b3afd7a4ab46f4e7d78195b74955ec87cc21f19c051e425e847af4ea9	707ba1c82dcdb9307ae9b809b15746a0585a5bda61f67b7ba74149f40b97fa8f
ch2_076	chapter2	第二章 · 约定与夕阳	S02		476	基生	dialogue	诶？爱……爱理？	ch2_075 | 旁白 | 基生对她一惊一乍的举动感到有些迷茫，迟疑地叫住她。	ch2_077 | 旁白 | 爱理羞红了脸，突然指向另一个方向。	え？ あ……愛理？	draft	AI 批量翻译初稿，需人工校对角色口吻与专名。		afb44175472dafbf609058956f96a9d8c5cf09cf77d3128983d437ba61be1702	707ba1c82dcdb9307ae9b809b15746a0585a5bda61f67b7ba74149f40b97fa8f
ch2_078	chapter2	第二章 · 约定与夕阳	S02		478	“爱理”	dialogue	唔～～～看那边！！	ch2_077 | 旁白 | 爱理羞红了脸，突然指向另一个方向。	ch2_079 | 旁白 | 基生下意识地回头。等他重新转过身时——	うう～、あっち見て！！	draft	AI 批量翻译初稿，需人工校对角色口吻与专名。		3f91babee6ba48da53018e1221654c207c7244b5f020ebf04f0bba96958805a4	707ba1c82dcdb9307ae9b809b15746a0585a5bda61f67b7ba74149f40b97fa8f
ch2_081	chapter2	第二章 · 约定与夕阳	S02		481	基生	dialogue	好快……	ch2_080 | 旁白 | 房间里已经没有了她的身影。	ch2_082 | 旁白 | 爱理刚才还身体不适，现在却转眼间消失。基生怔在原地，震惊于她的恢复速度——同时也想起昨夜那毫无征兆的昏倒。这一醒一逃之间，落差大得反常。	早いな……	draft	AI 批量翻译初稿，需人工校对角色口吻与专名。		47ece7588d07726fa46701c09dfa0750b6758aecbd9b4cd993e9a27012bb36a8	707ba1c82dcdb9307ae9b809b15746a0585a5bda61f67b7ba74149f40b97fa8f
ch2_084	chapter2	第二章 · 约定与夕阳	S02		484	收件时间	dialogue	20/08/01 18:42｜发件人：百合沢 爱理｜主题：｜正文：我出去一会儿就回来，不用担心我哦！	ch2_083 | 旁白 | 就在这时，他的手机响起提示音。屏幕上，出现一封来自“百合沢 爱理”的邮件：	ch2_085 | 基生 | ……百合沢……		untranslated			e74db9e512669a6ad3dce9fe98af9fceb77cc96593cdc0a0105641b8f698d3c0	707ba1c82dcdb9307ae9b809b15746a0585a5bda61f67b7ba74149f40b97fa8f
ch2_085	chapter2	第二章 · 约定与夕阳	S02		485	基生	dialogue	……百合沢……	ch2_084 | 收件时间 | 20/08/01 18:42｜发件人：百合沢 爱理｜主题：｜正文：我出去一会儿就回来，不用担心我哦！	ch2_086 | 旁白 | 基生盯着那个名字，愣了一会儿。他这才意识到，自己其实一直只知道她叫“爱理”。	……百合沢……	draft	AI 批量翻译初稿，需人工校对角色口吻与专名。		d06a112e47134466dac429824b66da48ecd500834a0cc8ea15a6d33124682986	707ba1c82dcdb9307ae9b809b15746a0585a5bda61f67b7ba74149f40b97fa8f
ch2_090	chapter2	第二章 · 约定与夕阳	S03		490	基生	dialogue	江之岛……很久没来了啊。	ch2_089 | 旁白 | 阳光照在海面和街道上，两人背着随身物品，沿着通往岛上的道路前进。基生抬手挡住阳光，望着远处熟悉的景色。	ch2_091 | 基生 | 今天是个晴天，真不错呢。	江ノ島……久しぶりだな。	draft	AI 批量翻译初稿，需人工校对角色口吻与专名。		f908232550757a089724ee2a97355d3d6642e8784b07f103fd7262cfbbdca533	707ba1c82dcdb9307ae9b809b15746a0585a5bda61f67b7ba74149f40b97fa8f
ch2_091	chapter2	第二章 · 约定与夕阳	S03		491	基生	dialogue	今天是个晴天，真不错呢。	ch2_090 | 基生 | 江之岛……很久没来了啊。	ch2_092 | 旁白 | 爱理站在他的身边，轻声回应。	今日は晴れてよかったな。	draft	AI 批量翻译初稿，需人工校对角色口吻与专名。		d786d0878c9ec465ea4f5562196d4b9d561b05d1542edce446ee7fe1f94d1bf9	707ba1c82dcdb9307ae9b809b15746a0585a5bda61f67b7ba74149f40b97fa8f
ch2_093	chapter2	第二章 · 约定与夕阳	S03		493	“爱理”	dialogue	嗯……是呢。	ch2_092 | 旁白 | 爱理站在他的身边，轻声回应。	ch2_094 | 旁白 | 她表面上已经恢复平静，却仍带着些许拘谨。基生看向她，突然有了一个想法——他向她伸出手。	うん……そうだね。	draft	AI 批量翻译初稿，需人工校对角色口吻与专名。		d75d4b91b4e12ac272fd1e45de45f2ac5b9fc299da30c574a11d17cfc8581b3c	707ba1c82dcdb9307ae9b809b15746a0585a5bda61f67b7ba74149f40b97fa8f
ch2_hand	chapter2	第二章 · 约定与夕阳	S03		495	“爱理”	dialogue	……基生？她轻轻握住了他的手。	ch2_094 | 旁白 | 她表面上已经恢复平静，却仍带着些许拘谨。基生看向她，突然有了一个想法——他向她伸出手。	ch2_hand_hesitate | “爱理” | ……基生？她轻轻握住了他的手。	……基生？	draft	中文正文混入动作旁白「她轻轻握住了他的手。」；日语配音仅保留人物发言，中文源文保留。		aa6d8ed3e28e7be31732ac73ccf769bf0ca52a9b96c66520478da8bd53d6b50a	707ba1c82dcdb9307ae9b809b15746a0585a5bda61f67b7ba74149f40b97fa8f
ch2_hand_hesitate	chapter2	第二章 · 约定与夕阳	S03		496	“爱理”	dialogue	……基生？她轻轻握住了他的手。	ch2_hand | “爱理” | ……基生？她轻轻握住了他的手。	ch2_hand_after | 旁白 | 手心的温度，随着海风传了过来。	……基生？	draft	中文正文混入动作旁白「她轻轻握住了他的手。」；日语配音仅保留人物发言，中文源文保留。		aa6d8ed3e28e7be31732ac73ccf769bf0ca52a9b96c66520478da8bd53d6b50a	707ba1c82dcdb9307ae9b809b15746a0585a5bda61f67b7ba74149f40b97fa8f
ch2_098	chapter2	第二章 · 约定与夕阳	S03		498	基生	dialogue	走吧，爱理。	ch2_hand_after | 旁白 | 手心的温度，随着海风传了过来。	ch2_099 | 旁白 | 爱理看着他的手，脸颊微微泛红。	行こう、愛理。	draft	AI 批量翻译初稿，需人工校对角色口吻与专名。		b24c11dadf68bce48bc64382bb9fcd325ca15702fa85f2c517cfe3a1390c8cc4	707ba1c82dcdb9307ae9b809b15746a0585a5bda61f67b7ba74149f40b97fa8f
ch2_102	chapter2	第二章 · 约定与夕阳	S03		500	“爱理”	dialogue	嗯！	ch2_099 | 旁白 | 爱理看着他的手，脸颊微微泛红。	ch2_103 | 旁白 | 两人牵着手走在江之岛的桥上。爱理露出轻松的笑容，基生则不时悄悄看向她。周围依次掠过海岸、树林、鸟居和岛上的道路——形成一段安静的旅行蒙太奇。	うん！	draft	AI 批量翻译初稿，需人工校对角色口吻与专名。		dc4271246b1930d805530f40d84019524c8de6e92749747e83e980137a12a941	707ba1c82dcdb9307ae9b809b15746a0585a5bda61f67b7ba74149f40b97fa8f
ch2_108	chapter2	第二章 · 约定与夕阳	S04		505	“爱理”	dialogue	基生、这里……	ch2_107 | 旁白 | 爱理停下脚步，看着周围的花木。	ch2_109 | 旁白 | 基生也认出了这个地方。他望着熟悉的小路，露出怀念的神情。	基生、ここ……	draft	AI 批量翻译初稿，需人工校对角色口吻与专名。		f54dd220f2bb7d1994b992d4c3caadc1e394d86df469f05b435f995e888c0b81	707ba1c82dcdb9307ae9b809b15746a0585a5bda61f67b7ba74149f40b97fa8f
ch2_110	chapter2	第二章 · 约定与夕阳	S04		507	基生	dialogue	啊啊……好怀念啊。	ch2_109 | 旁白 | 基生也认出了这个地方。他望着熟悉的小路，露出怀念的神情。	ch2_111 | 基生 | 之前是高中的时候……6 月份来的吧。	ああ……懐かしいな。	draft	AI 批量翻译初稿，需人工校对角色口吻与专名。		5d12f82b4c6c0b96dd73b6bcb694dac55d702b678584cf36f3e71ae31da4275f	707ba1c82dcdb9307ae9b809b15746a0585a5bda61f67b7ba74149f40b97fa8f
ch2_111	chapter2	第二章 · 约定与夕阳	S04		508	基生	dialogue	之前是高中的时候……6 月份来的吧。	ch2_110 | 基生 | 啊啊……好怀念啊。	ch2_112 | 基生 | 紫阳花还大片大片地开着。	前に来たのは高校生の時……六月だったよな。	draft	AI 批量翻译初稿，需人工校对角色口吻与专名。		bfc2f2780bcfb1c74c8f83e93709ee0f953953e88e07c99ec63406b983890ee6	707ba1c82dcdb9307ae9b809b15746a0585a5bda61f67b7ba74149f40b97fa8f
ch2_112	chapter2	第二章 · 约定与夕阳	S04		509	基生	dialogue	紫阳花还大片大片地开着。	ch2_111 | 基生 | 之前是高中的时候……6 月份来的吧。	ch2_113 | 旁白 | 爱理伸手碰了碰眼前的紫阳花。现在已经进入八月，花期即将结束，只剩下一部分花朵仍然开放。	紫陽花が一面に咲いてた。	draft	AI 批量翻译初稿，需人工校对角色口吻与专名。		d0adbe73f419774b8e7aebf40f2016ba67d47dfd0457ba20a97bf2ad6acf85e3	707ba1c82dcdb9307ae9b809b15746a0585a5bda61f67b7ba74149f40b97fa8f
ch2_114	chapter2	第二章 · 约定与夕阳	S04		511	基生	dialogue	现在已经是八月份了呢—	ch2_113 | 旁白 | 爱理伸手碰了碰眼前的紫阳花。现在已经进入八月，花期即将结束，只剩下一部分花朵仍然开放。	ch2_115 | 基生 | 啊、还有一些呢。	今はもう八月だからな——	draft	AI 批量翻译初稿，需人工校对角色口吻与专名。		de35e76ef10123ad2bcb40340c85e6c1e90672d89ee890413de248e67894c85b	707ba1c82dcdb9307ae9b809b15746a0585a5bda61f67b7ba74149f40b97fa8f
ch2_115	chapter2	第二章 · 约定与夕阳	S04		512	基生	dialogue	啊、还有一些呢。	ch2_114 | 基生 | 现在已经是八月份了呢—	ch2_116 | 旁白 | 基生脑中浮现出高中时代拍下的照片。照片里的爱理站在同一个地方，面带笑容。	あ、まだ少し咲いてる。	draft	AI 批量翻译初稿，需人工校对角色口吻与专名。		a04f7c88963b543b4dc14c2a71b34c36bfe75de3e1e3585ad8c59f1af7196bf3	707ba1c82dcdb9307ae9b809b15746a0585a5bda61f67b7ba74149f40b97fa8f
ch2_119	chapter2	第二章 · 约定与夕阳	S04		514	“爱理”	dialogue	这样啊……	ch2_116 | 旁白 | 基生脑中浮现出高中时代拍下的照片。照片里的爱理站在同一个地方，面带笑容。	ch2_120 | 旁白 | 基生看着“爱理”沉默片刻。他没有继续沉浸在旧日回忆中，而是看向此刻站在身旁的爱理，向她提出了一个关于未来的约定。	そっか……	draft	AI 批量翻译初稿，需人工校对角色口吻与专名。		beff82eb202e4254ad856455153792b05e06fca4bc86d963edf82f90aa7e85cf	707ba1c82dcdb9307ae9b809b15746a0585a5bda61f67b7ba74149f40b97fa8f
ch2_121	chapter2	第二章 · 约定与夕阳	S04		516	基生	dialogue	……明年、再一起来吧。	ch2_120 | 旁白 | 基生看着“爱理”沉默片刻。他没有继续沉浸在旧日回忆中，而是看向此刻站在身旁的爱理，向她提出了一个关于未来的约定。	ch2_122 | 基生 | 明年 6 月份的时候。	……来年、また一緒に来よう。	draft	AI 批量翻译初稿，需人工校对角色口吻与专名。		95920b00452e39e52fd881cef1e80748c95f5fd970cde2c7c508bcc5d9fc9570	707ba1c82dcdb9307ae9b809b15746a0585a5bda61f67b7ba74149f40b97fa8f
ch2_122	chapter2	第二章 · 约定与夕阳	S04		517	基生	dialogue	明年 6 月份的时候。	ch2_121 | 基生 | ……明年、再一起来吧。	ch2_123 | 旁白 | 爱理微微一怔。	来年の六月に。	draft	AI 批量翻译初稿，需人工校对角色口吻与专名。		ab1cee92d01760f9c835c262c3334920229095311ef0ef3e4f4a3aca88f252be	707ba1c82dcdb9307ae9b809b15746a0585a5bda61f67b7ba74149f40b97fa8f
ch2_124	chapter2	第二章 · 约定与夕阳	S04		519	“爱理”	dialogue	嗯……	ch2_123 | 旁白 | 爱理微微一怔。	ch2_125 | 旁白 | 随后，她露出灿烂而安心的笑容。	うん……	draft	AI 批量翻译初稿，需人工校对角色口吻与专名。		a8acdc88da0d5953e8f1efaada512fca93f2d0460ca026a87aa3d11065d3ab24	707ba1c82dcdb9307ae9b809b15746a0585a5bda61f67b7ba74149f40b97fa8f
ch2_126	chapter2	第二章 · 约定与夕阳	S04		521	“爱理”	dialogue	嗯！	ch2_125 | 旁白 | 随后，她露出灿烂而安心的笑容。	ch2_127 | “爱理” | 约好了呢！	うん！	draft	AI 批量翻译初稿，需人工校对角色口吻与专名。		3e89334d2a06924754a866f9e23a75f01cf0a16b5a56465d54d1b9c4a0a9453b	707ba1c82dcdb9307ae9b809b15746a0585a5bda61f67b7ba74149f40b97fa8f
ch2_127	chapter2	第二章 · 约定与夕阳	S04		522	“爱理”	dialogue	约好了呢！	ch2_126 | “爱理” | 嗯！	ch2_128 | 旁白 | 爱理走在基生身旁，两人的手再次牵在一起。	約束だよ！	draft	AI 批量翻译初稿，需人工校对角色口吻与专名。		7460be2e178931ad68534ac51f5a47e01bdf9243dc75f1cd3942fcc99b23a0ad	707ba1c82dcdb9307ae9b809b15746a0585a5bda61f67b7ba74149f40b97fa8f
ch2_131	chapter2	第二章 · 约定与夕阳	S05		526	“爱理”	dialogue	基生、	ch2_130 | 旁白 | 两人在石板路上走了一会儿，爱理抬头看向基生，满眼爱意地说道。	ch2_132 | “爱理” | 我呢、想和基生一直在一起。	基生、	draft	AI 批量翻译初稿，需人工校对角色口吻与专名。		4897941055103c87a6e718c0b63899a5ea7f39dbdfcf031203950910b6c32d94	707ba1c82dcdb9307ae9b809b15746a0585a5bda61f67b7ba74149f40b97fa8f
ch2_132	chapter2	第二章 · 约定与夕阳	S05		527	“爱理”	dialogue	我呢、想和基生一直在一起。	ch2_131 | “爱理” | 基生、	ch2_133 | 旁白 | 这句话说出口后，她立刻紧张起来，试图补充说明，却因为害羞而说得断断续续。	私ね、基生とずっと一緒にいたい。	draft	AI 批量翻译初稿，需人工校对角色口吻与专名。		c3f7900c5750d6ca73048313752e4e281859b099785dddd00e51558f7f8d2d7f	707ba1c82dcdb9307ae9b809b15746a0585a5bda61f67b7ba74149f40b97fa8f
ch2_134	chapter2	第二章 · 约定与夕阳	S05		529	“爱理”	dialogue	是、	ch2_133 | 旁白 | 这句话说出口后，她立刻紧张起来，试图补充说明，却因为害羞而说得断断续续。	ch2_135 | “爱理” | 这、	そう、	draft	AI 批量翻译初稿，需人工校对角色口吻与专名。		41c878c74c026220efb45723209f794a0416cd79f4ad09c3606de17e6cb0c907	707ba1c82dcdb9307ae9b809b15746a0585a5bda61f67b7ba74149f40b97fa8f
ch2_135	chapter2	第二章 · 约定与夕阳	S05		530	“爱理”	dialogue	这、	ch2_134 | “爱理” | 是、	ch2_136 | “爱理” | ……这么想的。	そう、	draft	AI 批量翻译初稿，需人工校对角色口吻与专名。		c3ea77a6c4ba6795fc3b53ddfe3556230745301456d758d6ea8129c82a2b036e	707ba1c82dcdb9307ae9b809b15746a0585a5bda61f67b7ba74149f40b97fa8f
ch2_136	chapter2	第二章 · 约定与夕阳	S05		531	“爱理”	dialogue	……这么想的。	ch2_135 | “爱理” | 这、	ch2_137 | 旁白 | 基生对这场突然的告白有些意外。	……思ってるの。	draft	AI 批量翻译初稿，需人工校对角色口吻与专名。		06cd85a3aa4532cde062eb3403a70965d4bf718411f82edd143dc0be5da305a2	707ba1c82dcdb9307ae9b809b15746a0585a5bda61f67b7ba74149f40b97fa8f
ch2_138	chapter2	第二章 · 约定与夕阳	S05		533	基生	dialogue	怎么了，忽然这么说……	ch2_137 | 旁白 | 基生对这场突然的告白有些意外。	ch2_139 | 旁白 | 爱理没有收回自己的话。她抿着唇，倔强地看着他。	どうしたんだ、急にそんなこと言って……	draft	AI 批量翻译初稿，需人工校对角色口吻与专名。		afe62328f2af9bb396414c55f5ecaa7a4e6f9fb41c8da83f574516224f7ada88	707ba1c82dcdb9307ae9b809b15746a0585a5bda61f67b7ba74149f40b97fa8f
ch2_140	chapter2	第二章 · 约定与夕阳	S05		535	“爱理”	dialogue	嗯、	ch2_139 | 旁白 | 爱理没有收回自己的话。她抿着唇，倔强地看着他。	ch2_141 | 旁白 | 基生看着她，随后露出温柔的笑容，给予了明确的回应。	うん、	draft	AI 批量翻译初稿，需人工校对角色口吻与专名。		d052217ae49770e565fb7804a01526048e7a8322910d75def4ab05d1049e3ae9	707ba1c82dcdb9307ae9b809b15746a0585a5bda61f67b7ba74149f40b97fa8f
ch2_142	chapter2	第二章 · 约定与夕阳	S05		537	基生	dialogue	我也想和爱理一直在一起。	ch2_141 | 旁白 | 基生看着她，随后露出温柔的笑容，给予了明确的回应。	ch2_143 | 旁白 | 听到基生的回答，爱理闭上眼睛，露出了幸福的笑容。	僕も、ずっと愛理と一緒にいたい。	draft	AI 批量翻译初稿，需人工校对角色口吻与专名。		5d0281a237576eacb09061837ebd8ab5295638d63f3e5555321a8f6d8ab79417	707ba1c82dcdb9307ae9b809b15746a0585a5bda61f67b7ba74149f40b97fa8f
ch2_146	chapter2	第二章 · 约定与夕阳	S06		541	基生	dialogue	这里是最后一站了……差不多该回去了吧？	ch2_145 | 旁白 | 基生和爱理走到江之岛行程的最后一站。天色已经开始变化，基生原本准备带她回去。	ch2_147 | 旁白 | 爱理看向远处的海面，轻轻应了一声。	ここで最後だ……そろそろ帰ろうか？	draft	AI 批量翻译初稿，需人工校对角色口吻与专名。		99c2e4560a324f40ad8814fb629d58c9df076d0e30fefd9320567cff101f2edf	707ba1c82dcdb9307ae9b809b15746a0585a5bda61f67b7ba74149f40b97fa8f
ch2_148	chapter2	第二章 · 约定与夕阳	S06		543	“爱理”	dialogue	啊……	ch2_147 | 旁白 | 爱理看向远处的海面，轻轻应了一声。	ch2_149 | “爱理” | ……嗯、	あ……	draft	AI 批量翻译初稿，需人工校对角色口吻与专名。		847c975f01b4b3362a35a0cd49912db3a1999d3d412d8e094d97c3a3f3b5a3a2	707ba1c82dcdb9307ae9b809b15746a0585a5bda61f67b7ba74149f40b97fa8f
ch2_149	chapter2	第二章 · 约定与夕阳	S06		544	“爱理”	dialogue	……嗯、	ch2_148 | “爱理” | 啊……	ch2_150 | 旁白 | 基生忽然想起昨天查到的资料。从这里能够看到很漂亮的夕阳。既然今天是约会，他不想就这样结束，于是叫住了她。	……うん、	draft	AI 批量翻译初稿，需人工校对角色口吻与专名。		3b687bdf8d1f85d7e78c77648bb0fef2b0b22ed043e775ea9340a3972f4264d6	707ba1c82dcdb9307ae9b809b15746a0585a5bda61f67b7ba74149f40b97fa8f
ch2_151	chapter2	第二章 · 约定与夕阳	S06		546	基生	dialogue	……对了！	ch2_150 | 旁白 | 基生忽然想起昨天查到的资料。从这里能够看到很漂亮的夕阳。既然今天是约会，他不想就这样结束，于是叫住了她。	ch2_152 | 基生 | ……这里、可以看到很漂亮的夕阳呢。	……そうだ！	draft	AI 批量翻译初稿，需人工校对角色口吻与专名。		6a269f8144931cdb5a979163d23ad4ad150b5cc6bf12deee15cb018dc1830226	707ba1c82dcdb9307ae9b809b15746a0585a5bda61f67b7ba74149f40b97fa8f
ch2_152	chapter2	第二章 · 约定与夕阳	S06		547	基生	dialogue	……这里、可以看到很漂亮的夕阳呢。	ch2_151 | 基生 | ……对了！	ch2_153 | 基生 | 我昨天、调查过了。怎么说、也是约会……	……ここ、すごくきれいな夕日が見えるんだ。	draft	AI 批量翻译初稿，需人工校对角色口吻与专名。		34e5ac17ef341e718c3048f3a2fb2d8a72d795784b68001aacce7ad46a33230f	707ba1c82dcdb9307ae9b809b15746a0585a5bda61f67b7ba74149f40b97fa8f
ch2_153	chapter2	第二章 · 约定与夕阳	S06		548	基生	dialogue	我昨天、调查过了。怎么说、也是约会……	ch2_152 | 基生 | ……这里、可以看到很漂亮的夕阳呢。	ch2_154 | 基生 | 所以……	昨日、調べたんだ。いちおう、デートだから……	draft	AI 批量翻译初稿，需人工校对角色口吻与专名。		d8afa3562aa84b9444d91b833cda80bc2a5b9949331145180398b7ffee8236b1	707ba1c82dcdb9307ae9b809b15746a0585a5bda61f67b7ba74149f40b97fa8f
ch2_154	chapter2	第二章 · 约定与夕阳	S06		549	基生	dialogue	所以……	ch2_153 | 基生 | 我昨天、调查过了。怎么说、也是约会……	ch2_155 | 旁白 | 基生有些不好意思地摸着脸，试探着向她发出邀请。	だから……	draft	AI 批量翻译初稿，需人工校对角色口吻与专名。		a536bc138703ea7c7eded5920411b749a568e271cc12fb1f4812560dd4a30d40	707ba1c82dcdb9307ae9b809b15746a0585a5bda61f67b7ba74149f40b97fa8f
ch2_156	chapter2	第二章 · 约定与夕阳	S06		551	基生	dialogue	还有一些时间……要一起看夕阳吗？	ch2_155 | 旁白 | 基生有些不好意思地摸着脸，试探着向她发出邀请。	ch2_157 | 旁白 | 爱理睁大眼睛，随即露出笑容。	まだ少し時間があるし……一緒に夕日を見ないか？	draft	AI 批量翻译初稿，需人工校对角色口吻与专名。		205cebac55de6b0aa657781b7529273ab233f7b2dcf5ec253a835280afdc6704	707ba1c82dcdb9307ae9b809b15746a0585a5bda61f67b7ba74149f40b97fa8f
ch2_158	chapter2	第二章 · 约定与夕阳	S06		553	“爱理”	dialogue	！	ch2_157 | 旁白 | 爱理睁大眼睛，随即露出笑容。	ch2_159 | “爱理” | 嗯！我想看！	あっ！	draft	原文仅感叹号，配音初稿使用短促惊讶声，需听审确认。		98c885586414fb1febe34a5641fa502bfd7d2fa5bc5d4d4635143c924918737a	707ba1c82dcdb9307ae9b809b15746a0585a5bda61f67b7ba74149f40b97fa8f
ch2_159	chapter2	第二章 · 约定与夕阳	S06		554	“爱理”	dialogue	嗯！我想看！	ch2_158 | “爱理” | ！	ch2_160 | 旁白 | 基生决定和她留在海边，等待太阳落下。	うん！ 見たい！	draft	AI 批量翻译初稿，需人工校对角色口吻与专名。		7d0687056b22ea3903c8bee5b4f119a24eff3c1800abc031184e2bc2836ada68	707ba1c82dcdb9307ae9b809b15746a0585a5bda61f67b7ba74149f40b97fa8f
ch2_161	chapter2	第二章 · 约定与夕阳	S06		556	基生	dialogue	……嗯、那么我们在这里等一会儿吧。	ch2_160 | 旁白 | 基生决定和她留在海边，等待太阳落下。	ch2_162 | “爱理” | 嗯！	……うん、じゃあここで少し待とう。	draft	AI 批量翻译初稿，需人工校对角色口吻与专名。		313506acf7d6b093f992fd496ff70d78d89c733795887d84ac63f2d47aafdaf9	707ba1c82dcdb9307ae9b809b15746a0585a5bda61f67b7ba74149f40b97fa8f
ch2_162	chapter2	第二章 · 约定与夕阳	S06		557	“爱理”	dialogue	嗯！	ch2_161 | 基生 | ……嗯、那么我们在这里等一会儿吧。	ch2_s07 | 旁白 | 售货机前 —— 十年与“幸福”	うん！	draft	AI 批量翻译初稿，需人工校对角色口吻与专名。		00eeb4a35db8eb366c0a6fd0eb21ff865b91f4d54c74ee94e3066679c442a0e1	707ba1c82dcdb9307ae9b809b15746a0585a5bda61f67b7ba74149f40b97fa8f
ch2_165	chapter2	第二章 · 约定与夕阳	S07		560	基生	dialogue	那么、我——	ch2_164 | 旁白 | 等待期间，基生想去附近买些饮料。	ch2_166 | 基生 | 去买点喝的吧。爱理你想喝什么呢？	じゃあ、僕は——	draft	AI 批量翻译初稿，需人工校对角色口吻与专名。		5587a827ecf008067f4cef79011eb39483efccd17854265c4e2c453d76dbbd3b	707ba1c82dcdb9307ae9b809b15746a0585a5bda61f67b7ba74149f40b97fa8f
ch2_166	chapter2	第二章 · 约定与夕阳	S07		561	基生	dialogue	去买点喝的吧。爱理你想喝什么呢？	ch2_165 | 基生 | 那么、我——	ch2_167 | 旁白 | 爱理摇头拒绝。	飲み物を買ってくるよ。愛理は何が飲みたい？	draft	AI 批量翻译初稿，需人工校对角色口吻与专名。		a85ace672e0b544d258da50106f8da7236c4f7d8ca92f45ebbbfc6f061a131a6	707ba1c82dcdb9307ae9b809b15746a0585a5bda61f67b7ba74149f40b97fa8f
ch2_168	chapter2	第二章 · 约定与夕阳	S07		563	“爱理”	dialogue	啊，我就不用了！	ch2_167 | 旁白 | 爱理摇头拒绝。	ch2_buy | 基生 | 知道了。那么稍等我一下。	あ、私はいいよ！	draft	AI 批量翻译初稿，需人工校对角色口吻与专名。		23adadb6be7759a524561247bfee5e9eaecb0c5534d1430aec600459d51169cb	707ba1c82dcdb9307ae9b809b15746a0585a5bda61f67b7ba74149f40b97fa8f
ch2_buy	chapter2	第二章 · 约定与夕阳	S07		564	基生	dialogue	知道了。那么稍等我一下。	ch2_168 | “爱理” | 啊，我就不用了！	ch2_171 | 基生 | 知道了。那么稍等我一下。	分かった。じゃあ少し待ってて。	draft	AI 批量翻译初稿，需人工校对角色口吻与专名。		46010cc89c076e3b3a738ce88e1e5d11746415919c0ed41e193ca9ea52a693b8	707ba1c82dcdb9307ae9b809b15746a0585a5bda61f67b7ba74149f40b97fa8f
ch2_171	chapter2	第二章 · 约定与夕阳	S07		565	基生	dialogue	知道了。那么稍等我一下。	ch2_buy | 基生 | 知道了。那么稍等我一下。	ch2_172 | 旁白 | 她随即站起来，表示想和基生一起走。	分かった。じゃあ少し待ってて。	draft	AI 批量翻译初稿，需人工校对角色口吻与专名。		46010cc89c076e3b3a738ce88e1e5d11746415919c0ed41e193ca9ea52a693b8	707ba1c82dcdb9307ae9b809b15746a0585a5bda61f67b7ba74149f40b97fa8f
ch2_173	chapter2	第二章 · 约定与夕阳	S07		567	“爱理”	dialogue	我也想一起去！	ch2_172 | 旁白 | 她随即站起来，表示想和基生一起走。	ch2_174 | 旁白 | 通往商店还要爬很长的楼梯。基生不想让她跟着受累，便让她留在原地等自己。	私も一緒に行きたい！	draft	AI 批量翻译初稿，需人工校对角色口吻与专名。		abbb292b3803f41be99c610258c48409c5a1c7d3851991371fd80ef94f06bb06	707ba1c82dcdb9307ae9b809b15746a0585a5bda61f67b7ba74149f40b97fa8f
ch2_175	chapter2	第二章 · 约定与夕阳	S07		569	基生	dialogue	不用了不用了。因为还要爬楼梯，很累的。	ch2_174 | 旁白 | 通往商店还要爬很长的楼梯。基生不想让她跟着受累，便让她留在原地等自己。	ch2_176 | 旁白 | 爱理迟疑了一下，最后还是答应了。	いいよ、いいよ。このあと階段も上るし、疲れるだろ。	draft	AI 批量翻译初稿，需人工校对角色口吻与专名。		2f0889cd74e8b5bbc3bf49006b643bbe795a7de99d9467f7239594d4c8c5f295	707ba1c82dcdb9307ae9b809b15746a0585a5bda61f67b7ba74149f40b97fa8f
ch2_177	chapter2	第二章 · 约定与夕阳	S07		571	“爱理”	dialogue	是、是吗？那……嗯、我等你回来哦。	ch2_176 | 旁白 | 爱理迟疑了一下，最后还是答应了。	ch2_178 | 基生 | 嗯。	そ、そう？ じゃあ……うん、帰ってくるの、待ってるね。	draft	AI 批量翻译初稿，需人工校对角色口吻与专名。		05c5244d13cb510177455038a8bd912f66801da89440eab92f692f112f1f20a0	707ba1c82dcdb9307ae9b809b15746a0585a5bda61f67b7ba74149f40b97fa8f
ch2_178	chapter2	第二章 · 约定与夕阳	S07		572	基生	dialogue	嗯。	ch2_177 | “爱理” | 是、是吗？那……嗯、我等你回来哦。	ch2_179 | 旁白 | 临走前，基生看着她身后的海面，还是有些不放心。	うん。	draft	AI 批量翻译初稿，需人工校对角色口吻与专名。		c864cd5144b01f5b52a56ee09d15f2837e749ef24b13c83de952b8bb39226fef	707ba1c82dcdb9307ae9b809b15746a0585a5bda61f67b7ba74149f40b97fa8f
ch2_180	chapter2	第二章 · 约定与夕阳	S07		574	基生	dialogue	……不会掉进海里去的吧？	ch2_179 | 旁白 | 临走前，基生看着她身后的海面，还是有些不放心。	ch2_181 | 旁白 | 爱理马上大声反驳。	……海に落ちたりしないよな？	draft	AI 批量翻译初稿，需人工校对角色口吻与专名。		73ac043b91bd2e5d34869c64a33f3029ba66d2d26780860feb9dbe6cc9b90e30	707ba1c82dcdb9307ae9b809b15746a0585a5bda61f67b7ba74149f40b97fa8f
ch2_182	chapter2	第二章 · 约定与夕阳	S07		576	“爱理”	dialogue	才不会啦！！	ch2_181 | 旁白 | 爱理马上大声反驳。	ch2_183 | 旁白 | 她站在原地向他挥手。基生也抬手回应，然后独自沿楼梯向上走。	そんなことないってば！！	draft	AI 批量翻译初稿，需人工校对角色口吻与专名。		1b1d9da3a64a3a7e9974d09b4274eff4ef866284736c909f9a66423f59db151b	707ba1c82dcdb9307ae9b809b15746a0585a5bda61f67b7ba74149f40b97fa8f
ch2_192	chapter2	第二章 · 约定与夕阳	S07		580	“爱理”	dialogue	我想和基生一直在一起。	ch2_191 | 旁白 | 他想起了爱理不久前对他说过的话。	ch2_193 | 旁白 | 江之岛的景色与十年前几乎没有区别。看着相同的海岸和天空，他偶尔还会产生自己仍是高中生的错觉。	基生と、ずっと一緒にいたい。	draft	AI 批量翻译初稿，需人工校对角色口吻与专名。		38f8cbabe0811a94c3a40814344d9e1bdf4695174e514a7b83f3115bc94d49d6	707ba1c82dcdb9307ae9b809b15746a0585a5bda61f67b7ba74149f40b97fa8f
ch2_214	chapter2	第二章 · 约定与夕阳	S07		588	基生	dialogue	不好意思，请给我来一个。	ch2_212 | 旁白 | 路过冰淇淋店时，他停了下来。他想起爱理在便利店里看到冰淇淋时兴奋的模样，于是走到柜台前。	ch2_215 | 旁白 | 店员把冰淇淋递给他。	すみません、一つください。	draft	AI 批量翻译初稿，需人工校对角色口吻与专名。		288718618dd509aec15024d3fcb6d738d7828cab78a925160f8bda692e4be423	707ba1c82dcdb9307ae9b809b15746a0585a5bda61f67b7ba74149f40b97fa8f
ch2_216	chapter2	第二章 · 约定与夕阳	S07		590	店员	dialogue	请拿好，欢迎下次光临—	ch2_215 | 旁白 | 店员把冰淇淋递给他。	ch2_s07-e | 旁白 | 中间结局 —— Just two of us		untranslated			bc492d617d5f728de9805336195357ce5180304f0d958b3536edc4e454f06f9b	707ba1c82dcdb9307ae9b809b15746a0585a5bda61f67b7ba74149f40b97fa8f
ch2_221	chapter2	第二章 · 约定与夕阳	S07-E		593	基生	dialogue	……不去买了。	ch2_218 | 旁白 | 基生看了看远处那条通往商店街的长楼梯，又看了看身边的爱理——她正望着海面，侧脸被落日前的暖光描出一圈细细的边。	ch2_222 | 基生 | 就这样，陪你等夕阳吧。	……買いに行くのはやめる。	draft	AI 批量翻译初稿，需人工校对角色口吻与专名。		0157140c68910d9e7b5ba874ccc734c77ca5b599b56323225e1ba208e5e0e174	707ba1c82dcdb9307ae9b809b15746a0585a5bda61f67b7ba74149f40b97fa8f
ch2_222	chapter2	第二章 · 约定与夕阳	S07-E		594	基生	dialogue	就这样，陪你等夕阳吧。	ch2_221 | 基生 | ……不去买了。	ch2_223 | 旁白 | 爱理惊讶地转过头来。	このまま、君と一緒に夕日を待つよ。	draft	AI 批量翻译初稿，需人工校对角色口吻与专名。		f315f825ee246b6a9cdac129fba7899ff57c54a2d4da61645345d734caf9a2fc	707ba1c82dcdb9307ae9b809b15746a0585a5bda61f67b7ba74149f40b97fa8f
ch2_224	chapter2	第二章 · 约定与夕阳	S07-E		596	“爱理”	dialogue	诶……？不去了吗？	ch2_223 | 旁白 | 爱理惊讶地转过头来。	ch2_225 | 基生 | 嗯。人这么多，万一我走开的时候，你被奇怪的人搭话了怎么办。	え……？ 行かないの？	draft	AI 批量翻译初稿，需人工校对角色口吻与专名。		430d20a37e3418032dafcfc240429df048e74290f63233b8304bed679f4e3457	707ba1c82dcdb9307ae9b809b15746a0585a5bda61f67b7ba74149f40b97fa8f
ch2_225	chapter2	第二章 · 约定与夕阳	S07-E		597	基生	dialogue	嗯。人这么多，万一我走开的时候，你被奇怪的人搭话了怎么办。	ch2_224 | “爱理” | 诶……？不去了吗？	ch2_226 | “爱理” | 才、才不会有人搭话啦！	うん。こんなに人が多いし、僕が離れてる間に変な人に声をかけられたら困るから。	draft	AI 批量翻译初稿，需人工校对角色口吻与专名。		e01f513d203150cc5c9095e6330f14bced4889ddbca28ff48d6ca2f6bb57ea50	707ba1c82dcdb9307ae9b809b15746a0585a5bda61f67b7ba74149f40b97fa8f
ch2_226	chapter2	第二章 · 约定与夕阳	S07-E		598	“爱理”	dialogue	才、才不会有人搭话啦！	ch2_225 | 基生 | 嗯。人这么多，万一我走开的时候，你被奇怪的人搭话了怎么办。	ch2_227 | 旁白 | 嘴上这么说，她却往基生那边挪了半步，悄悄坐近了一点。	だ、誰も声なんかかけてこないよ！	draft	AI 批量翻译初稿，需人工校对角色口吻与专名。		bfb4267978d94f75cb23e6119d677ef9a02800f8c43e1cb2783f294daac7f08a	707ba1c82dcdb9307ae9b809b15746a0585a5bda61f67b7ba74149f40b97fa8f
ch2_228	chapter2	第二章 · 约定与夕阳	S07-E		600	“爱理”	dialogue	……不过，这样也好。	ch2_227 | 旁白 | 嘴上这么说，她却往基生那边挪了半步，悄悄坐近了一点。	ch2_229 | “爱理” | 基生在的话，就够了。	……でも、これでもいいかな。	draft	AI 批量翻译初稿，需人工校对角色口吻与专名。		2fdad6c0634b03ae49c075817f43306b70cb6ac6d47a02ed2e59c0d4d7be6f2b	707ba1c82dcdb9307ae9b809b15746a0585a5bda61f67b7ba74149f40b97fa8f
ch2_229	chapter2	第二章 · 约定与夕阳	S07-E		601	“爱理”	dialogue	基生在的话，就够了。	ch2_228 | “爱理” | ……不过，这样也好。	ch2_230 | 旁白 | 那天傍晚，两个人谁都没有再说什么重要的话。聊的全是无关紧要的小事——十年前来江之岛时吃过的、硬得像纸板的可丽饼，紫阳花到底算不算花，海鸥是不是真的认得回家的路。	基生がいれば、それでいい。	draft	AI 批量翻译初稿，需人工校对角色口吻与专名。		4bfc897b65a44f52fc3d29378f8efc12c5315828f0806cea11adcf6a54e1c55d	707ba1c82dcdb9307ae9b809b15746a0585a5bda61f67b7ba74149f40b97fa8f
ch2_231	chapter2	第二章 · 约定与夕阳	S07-E		603	“爱理”	dialogue	那时候的可丽饼，明明那么难吃……	ch2_230 | 旁白 | 那天傍晚，两个人谁都没有再说什么重要的话。聊的全是无关紧要的小事——十年前来江之岛时吃过的、硬得像纸板的可丽饼，紫阳花到底算不算花，海鸥是不是真的认得回家的路。	ch2_232 | 基生 | 你还记到现在啊。	あの時のクレープ、あんなにまずかったのに……	draft	AI 批量翻译初稿，需人工校对角色口吻与专名。		ef5f6f16cea733dd901963798d2b5eded0b3a39c92dcb4f7f86a4bb9aa5bb993	707ba1c82dcdb9307ae9b809b15746a0585a5bda61f67b7ba74149f40b97fa8f
ch2_232	chapter2	第二章 · 约定与夕阳	S07-E		604	基生	dialogue	你还记到现在啊。	ch2_231 | “爱理” | 那时候的可丽饼，明明那么难吃……	ch2_233 | “爱理” | 因为是和基生一起吃的嘛。	今でも覚えてるんだな。	draft	AI 批量翻译初稿，需人工校对角色口吻与专名。		339246c91ccd7260dd1ed1d976c0a6878a803aaa1d256f3aaa8efddde8831e82	707ba1c82dcdb9307ae9b809b15746a0585a5bda61f67b7ba74149f40b97fa8f
ch2_233	chapter2	第二章 · 约定与夕阳	S07-E		605	“爱理”	dialogue	因为是和基生一起吃的嘛。	ch2_232 | 基生 | 你还记到现在啊。	ch2_234 | 旁白 | 太阳一点一点沉向海平线。就在它只剩最后一道金边的时候，爱理忽然开口。	だって、基生と一緒に食べたんだもん。	draft	AI 批量翻译初稿，需人工校对角色口吻与专名。		44be017c6653b628cde857eff9c51b387216cd9afc6d93f8c3e34cb448ab9286	707ba1c82dcdb9307ae9b809b15746a0585a5bda61f67b7ba74149f40b97fa8f
ch2_235	chapter2	第二章 · 约定与夕阳	S07-E		607	“爱理”	dialogue	基生。	ch2_234 | 旁白 | 太阳一点一点沉向海平线。就在它只剩最后一道金边的时候，爱理忽然开口。	ch2_236 | “爱理” | 谢谢你，今天陪我来。	基生。	draft	AI 批量翻译初稿，需人工校对角色口吻与专名。		4e4cdc9f70d79e72e11c8db5c6277578569c3a518040e50b213639c7cb205d1a	707ba1c82dcdb9307ae9b809b15746a0585a5bda61f67b7ba74149f40b97fa8f
ch2_236	chapter2	第二章 · 约定与夕阳	S07-E		608	“爱理”	dialogue	谢谢你，今天陪我来。	ch2_235 | “爱理” | 基生。	ch2_237 | “爱理” | 这样的傍晚……要是能一直、一直继续下去，就好了。	ありがとう、今日は一緒に来てくれて。	draft	AI 批量翻译初稿，需人工校对角色口吻与专名。		918b3ec33771b530aff6aa9c124e5610668221ef33a4d2e5c6360c668b28428f	707ba1c82dcdb9307ae9b809b15746a0585a5bda61f67b7ba74149f40b97fa8f
ch2_237	chapter2	第二章 · 约定与夕阳	S07-E		609	“爱理”	dialogue	这样的傍晚……要是能一直、一直继续下去，就好了。	ch2_236 | “爱理” | 谢谢你，今天陪我来。	ch2_238 | 基生 | 会一直的。	こんな夕暮れが……ずっと、ずっと続けばいいのに。	draft	AI 批量翻译初稿，需人工校对角色口吻与专名。		432d0d83614af924f764f15b7b66b9d40d37ec27f472fcfbe24f4f0cf63d5c3f	707ba1c82dcdb9307ae9b809b15746a0585a5bda61f67b7ba74149f40b97fa8f
ch2_238	chapter2	第二章 · 约定与夕阳	S07-E		610	基生	dialogue	会一直的。	ch2_237 | “爱理” | 这样的傍晚……要是能一直、一直继续下去，就好了。	ch2_239 | 基生 | 明年、后年……我们都再来。	ずっと一緒だ。	draft	AI 批量翻译初稿，需人工校对角色口吻与专名。		039723a737deb2770050d70aac9906994c190e0dfe5be53fbaacecc683741e6e	707ba1c82dcdb9307ae9b809b15746a0585a5bda61f67b7ba74149f40b97fa8f
ch2_239	chapter2	第二章 · 约定与夕阳	S07-E		611	基生	dialogue	明年、后年……我们都再来。	ch2_238 | 基生 | 会一直的。	ch2_240 | 旁白 | 爱理没有回答，只是笑了一下，把头轻轻靠在了基生的肩上。	来年も、その次の年も……また一緒に来よう。	draft	AI 批量翻译初稿，需人工校对角色口吻与专名。		09c2464450982a7640987b2d2cf41dd8e533e2e5f30ddb8d1431e8ede1751f40	707ba1c82dcdb9307ae9b809b15746a0585a5bda61f67b7ba74149f40b97fa8f
ch2_249	chapter2	第二章 · 约定与夕阳	S08		622	基生	dialogue	爱理……？	ch2_248 | 旁白 | 基生握着冰淇淋，僵在原地。	ch2_250 | 旁白 | 长发女性同样注视着基生。她的神情显得惊讶，似乎正在辨认他的身份。	愛理……？	draft	AI 批量翻译初稿，需人工校对角色口吻与专名。		8cf611846efb8e9a2908e6474a71f36946688e0d75536c0688adc8ed8e20e334	707ba1c82dcdb9307ae9b809b15746a0585a5bda61f67b7ba74149f40b97fa8f
ch2_251	chapter2	第二章 · 约定与夕阳	S08		624	成年“爱理”	dialogue	那……个……	ch2_250 | 旁白 | 长发女性同样注视着基生。她的神情显得惊讶，似乎正在辨认他的身份。	ch2_252 | 成年“爱理” | 难道你是——		untranslated			f87fb4ae617c0e6c137f7ec44d66ca4b7a0805aeb020c25ab0a689ded2676785	707ba1c82dcdb9307ae9b809b15746a0585a5bda61f67b7ba74149f40b97fa8f
ch2_252	chapter2	第二章 · 约定与夕阳	S08		625	成年“爱理”	dialogue	难道你是——	ch2_251 | 成年“爱理” | 那……个……	ch2_253 | 旁白 | 她迟疑着，叫出了他的名字。		untranslated			7b0833cf8d99791f57da1241a5d6253fb9501696f72d2e3659079620c9e25033	707ba1c82dcdb9307ae9b809b15746a0585a5bda61f67b7ba74149f40b97fa8f
ch2_254	chapter2	第二章 · 约定与夕阳	S08		627	成年“爱理”	dialogue	基生……	ch2_253 | 旁白 | 她迟疑着，叫出了他的名字。	ch2_255 | 成年“爱理” | 君……？		untranslated			000b670e5244afdfd71345819e1fe10e9e81e1850e0ca2e0ae8de4d5e2d0c7af	707ba1c82dcdb9307ae9b809b15746a0585a5bda61f67b7ba74149f40b97fa8f
ch2_255	chapter2	第二章 · 约定与夕阳	S08		628	成年“爱理”	dialogue	君……？	ch2_254 | 成年“爱理” | 基生……	ch2_256 | 旁白 | 基生无法回答。		untranslated			5212587adbb4b402f83f4987ddf32985334650a7c11a7a7d8d8ebb846bd645b6	707ba1c82dcdb9307ae9b809b15746a0585a5bda61f67b7ba74149f40b97fa8f
ch3_002	chapter3	第三章 · 过去与现在	S01		633	爱理	dialogue	很……很久不见了呢，基生君。	ch3_001 | 旁白 | 傍晚的海边被夕阳染成橙红色，海面泛着细碎的金光。基生看着面前这名长发女子——她脸颊微红，额角带着细汗，正惊讶地望着他。基生瞪大双眼，一时没有反应过来。	ch3_003 | 爱理 | 居然在这种地方碰到，真是吓了我一跳呢。	ひ……久しぶりだね、基生君。	draft	AI 批量翻译初稿，需人工校对角色口吻与专名。		9111af94a6a7ccd6a5c56ef28455454abf9bb6c9df937afd24527fcd66b56580	707ba1c82dcdb9307ae9b809b15746a0585a5bda61f67b7ba74149f40b97fa8f
ch3_003	chapter3	第三章 · 过去与现在	S01		634	爱理	dialogue	居然在这种地方碰到，真是吓了我一跳呢。	ch3_002 | 爱理 | 很……很久不见了呢，基生君。	ch3_004 | 旁白 | 她露出怀念的笑容，主动解释起自己来到这里的原因。	こんなところで会うなんて、びっくりしちゃった。	draft	AI 批量翻译初稿，需人工校对角色口吻与专名。		e2ccd57374a9fbbe62d381cbddb53b119ae187c40ae35fae2bfe08ade94ab579	707ba1c82dcdb9307ae9b809b15746a0585a5bda61f67b7ba74149f40b97fa8f
ch3_005	chapter3	第三章 · 过去与现在	S01		636	爱理	dialogue	我今天是和小野乃一起来的……你还记得吗？小野乃。	ch3_004 | 旁白 | 她露出怀念的笑容，主动解释起自己来到这里的原因。	ch3_006 | 爱理 | 因为小野乃问我要不要一起去看海，所以我就跟着来了……	今日は野乃ちゃんと来てるの……覚えてる？ 野乃ちゃん。	draft	AI 批量翻译初稿，需人工校对角色口吻与专名。		9c5f817f9dd01d94bfd1a1c8cd5525367d24b5e17c873b632b44d6e6716724cb	707ba1c82dcdb9307ae9b809b15746a0585a5bda61f67b7ba74149f40b97fa8f
ch3_006	chapter3	第三章 · 过去与现在	S01		637	爱理	dialogue	因为小野乃问我要不要一起去看海，所以我就跟着来了……	ch3_005 | 爱理 | 我今天是和小野乃一起来的……你还记得吗？小野乃。	ch3_007 | 旁白 | 她的语气自然得仿佛两人只是久别重逢，还继续说起了小野乃的近况。	一緒に海を見に行かないかって、野乃ちゃんに誘われて、それで……	draft	AI 批量翻译初稿，需人工校对角色口吻与专名。		98f721c540d4fbe6d43db7c19d229ea99669784124e98938cfa834bf8aaf8c71	707ba1c82dcdb9307ae9b809b15746a0585a5bda61f67b7ba74149f40b97fa8f
ch3_008	chapter3	第三章 · 过去与现在	S01		639	爱理	dialogue	啊，对了。小野乃说要去对面那个地方拍照，结果倒是到现在都还没有回来啦？	ch3_007 | 旁白 | 她的语气自然得仿佛两人只是久别重逢，还继续说起了小野乃的近况。	ch3_009 | 爱理 | 呵呵……她还是和以前一样呢。	あ、そうだ。野乃ちゃん、向こうで写真を撮ってくるって言ってたんだけど、まだ戻ってこないんだよね？	draft	AI 批量翻译初稿，需人工校对角色口吻与专名。		acec03dcd0603e4a79c59a7a21a46796d97a57f26334691cb12c6d8d34c9ccf2	707ba1c82dcdb9307ae9b809b15746a0585a5bda61f67b7ba74149f40b97fa8f
ch3_009	chapter3	第三章 · 过去与现在	S01		640	爱理	dialogue	呵呵……她还是和以前一样呢。	ch3_008 | 爱理 | 啊，对了。小野乃说要去对面那个地方拍照，结果倒是到现在都还没有回来啦？	ch3_010 | 旁白 | 基生看着她，眼神里充满惊疑。他无法理解眼前的状况，也无法将这名熟悉又陌生的女子，与自己的记忆对应起来。	ふふ……昔と変わらないね。	draft	AI 批量翻译初稿，需人工校对角色口吻与专名。		4bcf592628cb31aea872292065ff2c9cf76711ba9e16392694087139c77bd256	707ba1c82dcdb9307ae9b809b15746a0585a5bda61f67b7ba74149f40b97fa8f
ch3_020	chapter3	第三章 · 过去与现在	S01		644	爱理	dialogue	话说回来，能遇见你真是太巧了呢！没想到真的会有这么巧的事呢。	ch3_019 | 旁白 | 基生越是试图回想，脑海中的顺序就越混乱，连自己为何会站在这里都变得难以确定。	ch3_021 | 旁白 | 她微微扬起嘴角，像是又想起了一件事。	それにしても、すごい偶然だね！ こんなこと、本当にあるんだね。	draft	AI 批量翻译初稿，需人工校对角色口吻与专名。		f59d6bc2875ca76245289a178ecde4785c0b1c29a6fec948b7145cd8e902e985	707ba1c82dcdb9307ae9b809b15746a0585a5bda61f67b7ba74149f40b97fa8f
ch3_022	chapter3	第三章 · 过去与现在	S01		646	爱理	dialogue	……说起来啊。	ch3_021 | 旁白 | 她微微扬起嘴角，像是又想起了一件事。	ch3_023 | 爱理 | 基生君你，是跟人一起来的吗？	……そういえば。	draft	AI 批量翻译初稿，需人工校对角色口吻与专名。		3fe7b65a651a02e9b4e425ba8442841805e31456ad79fe5cccf165f02b82c311	707ba1c82dcdb9307ae9b809b15746a0585a5bda61f67b7ba74149f40b97fa8f
ch3_023	chapter3	第三章 · 过去与现在	S01		647	爱理	dialogue	基生君你，是跟人一起来的吗？	ch3_022 | 爱理 | ……说起来啊。	ch3_024 | 旁白 | 基生怔怔地看向爱理和她身后的夕阳，看向大海与天际线，看向这真实又模糊的一切。记忆的错乱感让他的大脑像一片空白般的麻木，仿佛这里只有他才是那个不该出现的人，一切都在像黑洞般吞噬着他的意识。	基生君は、誰かと一緒に来てるの？	draft	AI 批量翻译初稿，需人工校对角色口吻与专名。		33c3eefaee0b8ede9ced57b56ef93df1ce0fc2190898aa8b679c65b2953fdd0b	707ba1c82dcdb9307ae9b809b15746a0585a5bda61f67b7ba74149f40b97fa8f
ch3_025	chapter3	第三章 · 过去与现在	S01		649	基生	dialogue	我……和……？	ch3_024 | 旁白 | 基生怔怔地看向爱理和她身后的夕阳，看向大海与天际线，看向这真实又模糊的一切。记忆的错乱感让他的大脑像一片空白般的麻木，仿佛这里只有他才是那个不该出现的人，一切都在像黑洞般吞噬着他的意识。	ch3_032 | 旁白 | 爱理握着自己的衣襟，小心地唤他。	僕……と……？	draft	AI 批量翻译初稿，需人工校对角色口吻与专名。		9427e0480aa7cdf82a1ac88c93f9abe3b4c93fbf142aca5c72f1c70d57c44676	707ba1c82dcdb9307ae9b809b15746a0585a5bda61f67b7ba74149f40b97fa8f
ch3_033	chapter3	第三章 · 过去与现在	S01		651	爱理	dialogue	基生？	ch3_032 | 旁白 | 爱理握着自己的衣襟，小心地唤他。	ch3_034 | 旁白 | 基生的脑海里，如同意识流般流过这一个月以来“爱理”的模样。	基生？	draft	AI 批量翻译初稿，需人工校对角色口吻与专名。		e09961650832e72d0124064219ea01746ab27bb5ab02ebe782f9b5ea7c6785f8	707ba1c82dcdb9307ae9b809b15746a0585a5bda61f67b7ba74149f40b97fa8f
ch3_038	chapter3	第三章 · 过去与现在	S01		655	爱理	dialogue	啊，对不起。我觉得太怀念了……一不小心又像以前那样……	ch3_037 | 旁白 | 爱理看着基生奇怪的状态，有些担心，笑容略微收敛。	ch3_039 | 旁白 | 基生额角不断冒汗，反应迟钝，连一句完整的话都说不出来。	あ、ごめん。懐かしくなっちゃって……つい、昔みたいに……	draft	AI 批量翻译初稿，需人工校对角色口吻与专名。		a964086244e70065a26134ce9ecd5609e63d02d844ac53aa2f8c443fdcfee1b7	707ba1c82dcdb9307ae9b809b15746a0585a5bda61f67b7ba74149f40b97fa8f
ch3_040	chapter3	第三章 · 过去与现在	S01		657	基生	dialogue	啊……	ch3_039 | 旁白 | 基生额角不断冒汗，反应迟钝，连一句完整的话都说不出来。	ch3_041 | 基生 | 啊，哦哦。	あ……	draft	AI 批量翻译初稿，需人工校对角色口吻与专名。		90ef874200e81f874baea5447d400a14a45d4a7332d25228791089fdc71e4d1a	707ba1c82dcdb9307ae9b809b15746a0585a5bda61f67b7ba74149f40b97fa8f
ch3_041	chapter3	第三章 · 过去与现在	S01		658	基生	dialogue	啊，哦哦。	ch3_040 | 基生 | 啊……	ch3_042 | 基生 | 没关系……哈哈……	あ、ああ。	draft	AI 批量翻译初稿，需人工校对角色口吻与专名。		62f6e1ef489fc8e367acfa993a6e0945146ac512d57bac21165746630b231b8b	707ba1c82dcdb9307ae9b809b15746a0585a5bda61f67b7ba74149f40b97fa8f
ch3_042	chapter3	第三章 · 过去与现在	S01		659	基生	dialogue	没关系……哈哈……	ch3_041 | 基生 | 啊，哦哦。	ch3_043 | 旁白 | 基生感到口干舌燥，双眼发昏。眼前发生的一切，都远远超出了他的理解范围。	大丈夫……はは……	draft	AI 批量翻译初稿，需人工校对角色口吻与专名。		6fd70f9381c9e6f46a3fa6d76b5919bee982285eedc7255f4d52268c370277c3	707ba1c82dcdb9307ae9b809b15746a0585a5bda61f67b7ba74149f40b97fa8f
ch3_054	chapter3	第三章 · 过去与现在	S01		664	爱理	dialogue	你没事吧……？你的脸色好像看起来不是很好。	ch3_053 | 旁白 | 爱理察觉到他的异常，收起笑容，担忧地观察着他的脸色。	ch3_055 | 爱理 | 稍微去那边坐着休息一下吧？	大丈夫……？ なんだか、顔色がよくないみたい。	draft	AI 批量翻译初稿，需人工校对角色口吻与专名。		6757e964f18c02d64668166c72f0aa2084af88c3a90fa5aa356f55f74d649edf	707ba1c82dcdb9307ae9b809b15746a0585a5bda61f67b7ba74149f40b97fa8f
ch3_055	chapter3	第三章 · 过去与现在	S01		665	爱理	dialogue	稍微去那边坐着休息一下吧？	ch3_054 | 爱理 | 你没事吧……？你的脸色好像看起来不是很好。	ch3_056 | 旁白 | 基生只能机械地点头。	あっちで少し座って休もうか？	draft	AI 批量翻译初稿，需人工校对角色口吻与专名。		a55aeff25c618980856b65f24cc66e09aae68f5b66f91076c197696bbc616e06	707ba1c82dcdb9307ae9b809b15746a0585a5bda61f67b7ba74149f40b97fa8f
ch3_057	chapter3	第三章 · 过去与现在	S01		667	基生	dialogue	啊。	ch3_056 | 旁白 | 基生只能机械地点头。	ch3_058 | 基生 | 嗯。	あ。	draft	AI 批量翻译初稿，需人工校对角色口吻与专名。		f67692697c182192989f013ba90fb4e82d8efa2ca43a2db53dd22c2aee1de637	707ba1c82dcdb9307ae9b809b15746a0585a5bda61f67b7ba74149f40b97fa8f
ch3_058	chapter3	第三章 · 过去与现在	S01		668	基生	dialogue	嗯。	ch3_057 | 基生 | 啊。	ch3_059 | 基生 | 啊……嗯嗯。	うん。	draft	AI 批量翻译初稿，需人工校对角色口吻与专名。		04b77a303fb5b9b4406394652e4699d9e6459020ef192564739d7c37f5aa8b9b	707ba1c82dcdb9307ae9b809b15746a0585a5bda61f67b7ba74149f40b97fa8f
ch3_059	chapter3	第三章 · 过去与现在	S01		669	基生	dialogue	啊……嗯嗯。	ch3_058 | 基生 | 嗯。	ch3_063 | 旁白 | 两人来到海边的石阶坐下。基生把背包放在一旁，与爱理隔着一小段距离，共同望向被晚霞染红的海面。海风吹过，周围安静下来，气氛却比刚才更加沉重。	あ……うん。	draft	AI 批量翻译初稿，需人工校对角色口吻与专名。		457983299868943157b385c30254ed8a46c5c9606a8c9dab6ce8aa8afa178771	707ba1c82dcdb9307ae9b809b15746a0585a5bda61f67b7ba74149f40b97fa8f
ch3_065	chapter3	第三章 · 过去与现在	S01		672	爱理	dialogue	那个啊……我呢，一直……都认为，必须，和基生君你道个歉。	ch3_064 | 旁白 | 爱理低着头，双手拘谨地交握在膝前。她沉默片刻，终于准备说出压在心中多年的事情。	ch3_066 | 爱理 | 10 年前的事情……现在想起来，是有更好的解决办法的。	あのね……私、ずっと……基生君に、謝らなきゃいけないって、思ってたの。	draft	AI 批量翻译初稿，需人工校对角色口吻与专名。		ee2f58e95650a8f48e7d6ad18837fbe0ebc864ca7d804af310c82abb76ea132f	707ba1c82dcdb9307ae9b809b15746a0585a5bda61f67b7ba74149f40b97fa8f
ch3_066	chapter3	第三章 · 过去与现在	S01		673	爱理	dialogue	10 年前的事情……现在想起来，是有更好的解决办法的。	ch3_065 | 爱理 | 那个啊……我呢，一直……都认为，必须，和基生君你道个歉。	ch3_067 | 旁白 | 基生僵硬地坐在她身旁，越听越困惑，仿佛这些文字从耳朵里进去，又滑过大脑。	十年前のこと……今思えば、もっといい解決の仕方があったんだよね。	draft	AI 批量翻译初稿，需人工校对角色口吻与专名。		dcd5508cd88074d54dd74ca299b21331fde609aca78a6379986723cf035219a3	707ba1c82dcdb9307ae9b809b15746a0585a5bda61f67b7ba74149f40b97fa8f
ch3_069	chapter3	第三章 · 过去与现在	S01		675	爱理	dialogue	但是、那个时候的我已经无暇顾及这些了。	ch3_067 | 旁白 | 基生僵硬地坐在她身旁，越听越困惑，仿佛这些文字从耳朵里进去，又滑过大脑。	ch3_070 | 爱理 | 我已经束手无策、完全不知道自己该怎么办才好。	でも、あの頃の私には、そんな余裕がなかった。	draft	AI 批量翻译初稿，需人工校对角色口吻与专名。		d2fe6857edb63bad14308944e46250c0dad25c3412de859afe4bef028134315b	707ba1c82dcdb9307ae9b809b15746a0585a5bda61f67b7ba74149f40b97fa8f
ch3_070	chapter3	第三章 · 过去与现在	S01		676	爱理	dialogue	我已经束手无策、完全不知道自己该怎么办才好。	ch3_069 | 爱理 | 但是、那个时候的我已经无暇顾及这些了。	ch3_072 | 爱理 | 最后我只能、采取那种办法。	もう、どうしようもなくて、自分がどうすればいいのか、全然分からなくて。	draft	AI 批量翻译初稿，需人工校对角色口吻与专名。		d339b43784d342f6023bacbf38e68922304a4baed9b45f736c30e58a0e4a4d0e	707ba1c82dcdb9307ae9b809b15746a0585a5bda61f67b7ba74149f40b97fa8f
ch3_072	chapter3	第三章 · 过去与现在	S01		677	爱理	dialogue	最后我只能、采取那种办法。	ch3_070 | 爱理 | 我已经束手无策、完全不知道自己该怎么办才好。	ch3_074 | 爱理 | 毕竟、那个时候陪伴在基生身旁的人、并不是我。	結局、あんな方法を取るしかなかったの。	draft	AI 批量翻译初稿，需人工校对角色口吻与专名。		bb2355496e116c06befa83c831a22023dd1cf1e8b240f61fb12c05b76e5d6cf2	707ba1c82dcdb9307ae9b809b15746a0585a5bda61f67b7ba74149f40b97fa8f
ch3_074	chapter3	第三章 · 过去与现在	S01		678	爱理	dialogue	毕竟、那个时候陪伴在基生身旁的人、并不是我。	ch3_072 | 爱理 | 最后我只能、采取那种办法。	ch3_075 | 爱理 | 那个时候陪伴在基生身旁的、	だって、あの頃、基生の隣にいたのは、私じゃなかったから。	draft	AI 批量翻译初稿，需人工校对角色口吻与专名。		58293a5f017549a6d10ce91e525c2641c67f918cbcc096d8baa7b9c8871ed8ad	707ba1c82dcdb9307ae9b809b15746a0585a5bda61f67b7ba74149f40b97fa8f
ch3_075	chapter3	第三章 · 过去与现在	S01		679	爱理	dialogue	那个时候陪伴在基生身旁的、	ch3_074 | 爱理 | 毕竟、那个时候陪伴在基生身旁的人、并不是我。	ch3_077 | 爱理 | 是虚构的爱理呢……	あの頃、基生の隣にいたのは、	draft	AI 批量翻译初稿，需人工校对角色口吻与专名。		8fd5a9f9f7fc2e797818a1649d615be75b7dbbfa0ae6cd9d269b9cc2bde93ba1	707ba1c82dcdb9307ae9b809b15746a0585a5bda61f67b7ba74149f40b97fa8f
ch3_077	chapter3	第三章 · 过去与现在	S01		680	爱理	dialogue	是虚构的爱理呢……	ch3_075 | 爱理 | 那个时候陪伴在基生身旁的、	ch3_078 | 旁白 | 晚霞铺满海面，基生与爱理并排坐在岸边。听见爱理将十年前陪伴自己的少女称为“虚构的爱理”，基生满脸冷汗，震惊地转头看她，无法理解这句话。	作り物の愛理だったんだよね……	draft	AI 批量翻译初稿，需人工校对角色口吻与专名。		152e45ccc6333d0bc291c9feeeddb25e96683ea3e9b8735fefc0f7f65a94cf1b	707ba1c82dcdb9307ae9b809b15746a0585a5bda61f67b7ba74149f40b97fa8f
ch3_079	chapter3	第三章 · 过去与现在	S01		682	基生	dialogue	虚……虚构的爱理……到底是什么意思……	ch3_078 | 旁白 | 晚霞铺满海面，基生与爱理并排坐在岸边。听见爱理将十年前陪伴自己的少女称为“虚构的爱理”，基生满脸冷汗，震惊地转头看她，无法理解这句话。	ch3_080 | 旁白 | 爱理望着基生错愕的脸，闭上眼睛，露出略显为难的微笑。	架空の……愛理……って、どういう意味だ……	draft	AI 批量翻译初稿，需人工校对角色口吻与专名。		7833fc407f15483976fa6fb3e8e46fa448d5f197ba69c31499450a17b5edcd46	707ba1c82dcdb9307ae9b809b15746a0585a5bda61f67b7ba74149f40b97fa8f
ch3_081	chapter3	第三章 · 过去与现在	S01		684	爱理	dialogue	虚构的……这样说，其实是有些夸大了。	ch3_080 | 旁白 | 爱理望着基生错愕的脸，闭上眼睛，露出略显为难的微笑。	ch3_082 | 基生 | ……诶？	作り物って……そう言うと、少し大げさかな。	draft	AI 批量翻译初稿，需人工校对角色口吻与专名。		fca38d822a2c30e8998fd11198a34cec6ec2e0a2c8ed1aff68dfe98fee7c626a	707ba1c82dcdb9307ae9b809b15746a0585a5bda61f67b7ba74149f40b97fa8f
ch3_082	chapter3	第三章 · 过去与现在	S01		685	基生	dialogue	……诶？	ch3_081 | 爱理 | 虚构的……这样说，其实是有些夸大了。	ch3_083 | 旁白 | 爱理目光略微低垂，将手轻轻攥在下巴前，开始解释自己高中毕业后突然消失的原因。	……え？	draft	AI 批量翻译初稿，需人工校对角色口吻与专名。		045c3a3d3d2c04737ea062eb90f9e0e4620c05b5a195c756c6e46025ac5a6011	707ba1c82dcdb9307ae9b809b15746a0585a5bda61f67b7ba74149f40b97fa8f
ch3_084	chapter3	第三章 · 过去与现在	S01		687	爱理	dialogue	那个……高中毕业后的我，不是什么话都没留下，就立刻从基生的身边消失了吗。	ch3_083 | 旁白 | 爱理目光略微低垂，将手轻轻攥在下巴前，开始解释自己高中毕业后突然消失的原因。	ch3_085 | 爱理 | 那个呢，其实是爸爸和妈妈让我那样去做的。	あの……高校を卒業してすぐ、私は何も言わずに、基生の前からいなくなったでしょ。	draft	AI 批量翻译初稿，需人工校对角色口吻与专名。		9230d62f8fa884e7b1a04750df0a59b4d65ceb0878734addda8113896163251f	707ba1c82dcdb9307ae9b809b15746a0585a5bda61f67b7ba74149f40b97fa8f
ch3_085	chapter3	第三章 · 过去与现在	S01		688	爱理	dialogue	那个呢，其实是爸爸和妈妈让我那样去做的。	ch3_084 | 爱理 | 那个……高中毕业后的我，不是什么话都没留下，就立刻从基生的身边消失了吗。	ch3_086 | 爱理 | 爸爸和妈妈……	あれね、本当は、お父さんとお母さんにそうするように言われたの。	draft	AI 批量翻译初稿，需人工校对角色口吻与专名。		e411f55d6b2fb50e7071443ed4bc727c8bb9d27485355475637241ea7c4b38b1	707ba1c82dcdb9307ae9b809b15746a0585a5bda61f67b7ba74149f40b97fa8f
ch3_086	chapter3	第三章 · 过去与现在	S01		689	爱理	dialogue	爸爸和妈妈……	ch3_085 | 爱理 | 那个呢，其实是爸爸和妈妈让我那样去做的。	ch3_087 | 爱理 | 因为看到我每天都是一副愁眉苦脸的样子，所以才找我问了事情的原委。	お父さんとお母さんが……	draft	AI 批量翻译初稿，需人工校对角色口吻与专名。		3d4deb1e193fe09aa5849563dcf2eb02f0c10b776d66e9760b8728db2e9c1ec8	707ba1c82dcdb9307ae9b809b15746a0585a5bda61f67b7ba74149f40b97fa8f
ch3_087	chapter3	第三章 · 过去与现在	S01		690	爱理	dialogue	因为看到我每天都是一副愁眉苦脸的样子，所以才找我问了事情的原委。	ch3_086 | 爱理 | 爸爸和妈妈……	ch3_088 | 旁白 | 基生望着她，神情越发茫然。在他的记忆中，学生时代的爱理总是笑得十分灿烂，从来没有显露过痛苦。	毎日、私が浮かない顔をしてるから、何があったのかって聞いてくれたの。	draft	AI 批量翻译初稿，需人工校对角色口吻与专名。		d655243bfb8d13c0f8408c6d4be7908274800b902b4a4518f6ab1184e500b3a6	707ba1c82dcdb9307ae9b809b15746a0585a5bda61f67b7ba74149f40b97fa8f
ch3_089	chapter3	第三章 · 过去与现在	S01		692	基生	dialogue	愁眉苦脸……究竟是怎么一回事？	ch3_088 | 旁白 | 基生望着她，神情越发茫然。在他的记忆中，学生时代的爱理总是笑得十分灿烂，从来没有显露过痛苦。	ch3_090 | 旁白 | 基生脑海里浮现出高中时爱理甜美的笑容，想着——	浮かない顔って……どういうことだ？	draft	AI 批量翻译初稿，需人工校对角色口吻与专名。		310d3cb62d4448275dfc440a084af9298bc487f36d1e8bfe79fd4c1a8c376e05	707ba1c82dcdb9307ae9b809b15746a0585a5bda61f67b7ba74149f40b97fa8f
ch3_094	chapter3	第三章 · 过去与现在	S01		695	爱理	dialogue	我还和基生在一起的时候，其实一直在强颜欢笑。	ch3_093 | 旁白 | 爱理将交叠的双手放在大腿上，坦白道。	ch3_095 | 爱理 | 勉强自己维持着……那副无论何时都开朗活泼的模样。	基生と一緒にいた頃、私、本当はずっと無理して笑ってた。	draft	AI 批量翻译初稿，需人工校对角色口吻与专名。		93e7c5fe844817ca62ee3d76c33be1801aa3fb8452e432b61ab5af2a71f884e7	707ba1c82dcdb9307ae9b809b15746a0585a5bda61f67b7ba74149f40b97fa8f
ch3_095	chapter3	第三章 · 过去与现在	S01		696	爱理	dialogue	勉强自己维持着……那副无论何时都开朗活泼的模样。	ch3_094 | 爱理 | 我还和基生在一起的时候，其实一直在强颜欢笑。	ch3_096 | 爱理 | ……因为自从基生父母离婚以后，基生你就总是满脸痛苦的样子。	無理をして……いつでも明るくて元気な私でいようとしてたの。	draft	AI 批量翻译初稿，需人工校对角色口吻与专名。		5fac0581925fb85116f21391e8bc261713c935e8e7a73b1ca547e8ac217476ee	707ba1c82dcdb9307ae9b809b15746a0585a5bda61f67b7ba74149f40b97fa8f
ch3_096	chapter3	第三章 · 过去与现在	S01		697	爱理	dialogue	……因为自从基生父母离婚以后，基生你就总是满脸痛苦的样子。	ch3_095 | 爱理 | 勉强自己维持着……那副无论何时都开朗活泼的模样。	ch3_097 | 爱理 | 在我看来，那时候的你真的是好像随时都能哭出来一样……	……だって、ご両親が離婚してから、基生はいつもつらそうな顔をしてたから。	draft	AI 批量翻译初稿，需人工校对角色口吻与专名。		08308ed71d5f2e0ca9ee946c9b58c5ebb969d6eb8d3dadcb3162c9502518a57b	707ba1c82dcdb9307ae9b809b15746a0585a5bda61f67b7ba74149f40b97fa8f
ch3_097	chapter3	第三章 · 过去与现在	S01		698	爱理	dialogue	在我看来，那时候的你真的是好像随时都能哭出来一样……	ch3_096 | 爱理 | ……因为自从基生父母离婚以后，基生你就总是满脸痛苦的样子。	ch3_098 | 爱理 | 因此我就想，至少我在基生身边的时候，可以让你稍微高兴一些就好了。	あの頃の基生は、今にも泣き出してしまいそうに見えたんだ……	draft	AI 批量翻译初稿，需人工校对角色口吻与专名。		a11cb6ef90ddd5b12c155d4716618f95e71d7609a3f03360ad6aceafdd330917	707ba1c82dcdb9307ae9b809b15746a0585a5bda61f67b7ba74149f40b97fa8f
ch3_098	chapter3	第三章 · 过去与现在	S01		699	爱理	dialogue	因此我就想，至少我在基生身边的时候，可以让你稍微高兴一些就好了。	ch3_097 | 爱理 | 在我看来，那时候的你真的是好像随时都能哭出来一样……	ch3_099 | 爱理 | 这样就可以慢慢地让你从阴霾中走出，变回原来开朗的基生。	だから、せめて私がそばにいる時くらいは、少しでも楽しい気持ちになってくれたらって。	draft	AI 批量翻译初稿，需人工校对角色口吻与专名。		58369b5a7b65346d0fe6293fb9f55fcc04c8c4aff0992ca3da750755ea870759	707ba1c82dcdb9307ae9b809b15746a0585a5bda61f67b7ba74149f40b97fa8f
ch3_099	chapter3	第三章 · 过去与现在	S01		700	爱理	dialogue	这样就可以慢慢地让你从阴霾中走出，变回原来开朗的基生。	ch3_098 | 爱理 | 因此我就想，至少我在基生身边的时候，可以让你稍微高兴一些就好了。	ch3_100 | 爱理 | 所以为了让基生开心，第一步要做的就是我要笑起来，并把快乐带给基生。	そうすれば、少しずつ暗い気持ちから抜け出して、昔の明るい基生に戻ってくれるって思ったの。	draft	AI 批量翻译初稿，需人工校对角色口吻与专名。		9a9aa0a3abe188f6305487b3cd67680045e14171588dacc96abcff70f76dd5d8	707ba1c82dcdb9307ae9b809b15746a0585a5bda61f67b7ba74149f40b97fa8f
ch3_100	chapter3	第三章 · 过去与现在	S01		701	爱理	dialogue	所以为了让基生开心，第一步要做的就是我要笑起来，并把快乐带给基生。	ch3_099 | 爱理 | 这样就可以慢慢地让你从阴霾中走出，变回原来开朗的基生。	ch3_101 | 爱理 | 我自以为已经耗空了心思，费尽了努力。	基生に笑ってもらうには、まず私が笑って、楽しい気持ちを分けてあげなきゃって。	draft	AI 批量翻译初稿，需人工校对角色口吻与专名。		e600eaad691bfd07ee25added961edb794bd4569a1e4dba024a25b7b6fba35c0	707ba1c82dcdb9307ae9b809b15746a0585a5bda61f67b7ba74149f40b97fa8f
ch3_101	chapter3	第三章 · 过去与现在	S01		702	爱理	dialogue	我自以为已经耗空了心思，费尽了努力。	ch3_100 | 爱理 | 所以为了让基生开心，第一步要做的就是我要笑起来，并把快乐带给基生。	review_0ddb47d0-2cad-4510-8d1a-12cde0c03d83 | 基生沉默地回想着爱理曾经展露的各种笑容 | 基生沉默地回想着爱理曾经展露的各种笑容	自分では、精いっぱい考えて、頑張っていたつもりだった。	draft	AI 批量翻译初稿，需人工校对角色口吻与专名。		4e019221315083ad5732fd2ff2d59bb2eb3dcb8e5a289d4b66067be23d5e2538	707ba1c82dcdb9307ae9b809b15746a0585a5bda61f67b7ba74149f40b97fa8f
ch3_103	chapter3	第三章 · 过去与现在	S01		706	爱理	dialogue	但是……	review_55736349-f8a2-40c8-b7e5-907a0f2c4054 | 基生沉默地回想着爱理曾经展露的各种笑容 | 他终于意识到，那些自己从未怀疑过的表情背后，可能一直隐藏着痛苦。	ch3_104 | 爱理 | 那种样子是没办法一直维持下去的。	でも……	draft	AI 批量翻译初稿，需人工校对角色口吻与专名。		2832b2260d8ebaa593793d289dc2dc64b48ea044ced298ffc464266de25248eb	707ba1c82dcdb9307ae9b809b15746a0585a5bda61f67b7ba74149f40b97fa8f
ch3_104	chapter3	第三章 · 过去与现在	S01		707	爱理	dialogue	那种样子是没办法一直维持下去的。	ch3_103 | 爱理 | 但是……	ch3_105 | 爱理 | 我曾以为自己能坚持下去，结果我做不到。	そんな自分で、ずっといられるわけじゃなかった。	draft	AI 批量翻译初稿，需人工校对角色口吻与专名。		5dc1e7eef53ab72aa5b67dd5ff64ace004ded51318ce94794fc68b99f652d3e8	707ba1c82dcdb9307ae9b809b15746a0585a5bda61f67b7ba74149f40b97fa8f
ch3_105	chapter3	第三章 · 过去与现在	S01		708	爱理	dialogue	我曾以为自己能坚持下去，结果我做不到。	ch3_104 | 爱理 | 那种样子是没办法一直维持下去的。	ch3_106 | 爱理 | 因为那样勉强自己、在基生面前笑着的我，不能算是真正的我……	続けられると思ってたけど、できなかったの。	draft	AI 批量翻译初稿，需人工校对角色口吻与专名。		ab530e85e23947967c8ec7a899ef571453c795c859aedd0fd34d06ba713826e5	707ba1c82dcdb9307ae9b809b15746a0585a5bda61f67b7ba74149f40b97fa8f
ch3_106	chapter3	第三章 · 过去与现在	S01		709	爱理	dialogue	因为那样勉强自己、在基生面前笑着的我，不能算是真正的我……	ch3_105 | 爱理 | 我曾以为自己能坚持下去，结果我做不到。	ch3_107 | 爱理 | 因此，才会说那个时候陪伴在基生身边的，是虚构的爱理。	だって、そうやって無理して基生の前で笑っている私は、本当の私じゃなかったから……	draft	AI 批量翻译初稿，需人工校对角色口吻与专名。		041d0866431e18b4a86d24ca54794c5ef86f601f5d8b3f4fe3b5bd0fdab62ca2	707ba1c82dcdb9307ae9b809b15746a0585a5bda61f67b7ba74149f40b97fa8f
ch3_107	chapter3	第三章 · 过去与现在	S01		710	爱理	dialogue	因此，才会说那个时候陪伴在基生身边的，是虚构的爱理。	ch3_106 | 爱理 | 因为那样勉强自己、在基生面前笑着的我，不能算是真正的我……	ch3_108 | 旁白 | 夕阳沉入无边的大海，炽热的感情在浩如烟海的时间里慢慢冷却。	だから、あの頃、基生の隣にいたのは、作り物の愛理だったんだって。	draft	AI 批量翻译初稿，需人工校对角色口吻与专名。		41974ae58497855b983cb568efaadeda2a5a42338b57a05c45b8fd1a6f6ade64	707ba1c82dcdb9307ae9b809b15746a0585a5bda61f67b7ba74149f40b97fa8f
ch3_109	chapter3	第三章 · 过去与现在	S01		713	爱理	dialogue	那个时候的基生很痛苦吧。	review_ad7848a8-1630-4e0e-b099-c2192106a0dd | 旁白 | 过往的欢喜与苦痛都早已成为箱底的旧相册，只在翻阅时，能略微追忆起当时那浸入骨髓的情愫。	ch3_110 | 爱理 | 但是，其实我也很痛苦。	あの頃の基生は、つらかったんだよね。	draft	AI 批量翻译初稿，需人工校对角色口吻与专名。		283728d53bc41c3f40500b02d408ac46959ee3f3f4ab0c881029ddbba4f2f7f1	707ba1c82dcdb9307ae9b809b15746a0585a5bda61f67b7ba74149f40b97fa8f
ch3_110	chapter3	第三章 · 过去与现在	S01		714	爱理	dialogue	但是，其实我也很痛苦。	ch3_109 | 爱理 | 那个时候的基生很痛苦吧。	ch3_111 | 爱理 | 在身旁看着总是一脸悲伤的基生，让我的心里也很难受。	でも、本当は私もつらかったの。	draft	AI 批量翻译初稿，需人工校对角色口吻与专名。		999f16ac4c658431e2977244c602a4259e0670362712e28face943a56d959db2	707ba1c82dcdb9307ae9b809b15746a0585a5bda61f67b7ba74149f40b97fa8f
ch3_111	chapter3	第三章 · 过去与现在	S01		715	爱理	dialogue	在身旁看着总是一脸悲伤的基生，让我的心里也很难受。	ch3_110 | 爱理 | 但是，其实我也很痛苦。	ch3_112 | 爱理 | 虽然那时候的你向我倾诉了心中很多的事情，有心中的痛苦，还有自己的悲伤和不安。	いつも悲しそうな基生を隣で見ていると、私まで苦しくなった。	draft	AI 批量翻译初稿，需人工校对角色口吻与专名。		76954c4bf4c912fafd93cb15584e2f2120be0b81e22763a86d6bca84a1bfaf36	707ba1c82dcdb9307ae9b809b15746a0585a5bda61f67b7ba74149f40b97fa8f
ch3_112	chapter3	第三章 · 过去与现在	S01		716	爱理	dialogue	虽然那时候的你向我倾诉了心中很多的事情，有心中的痛苦，还有自己的悲伤和不安。	ch3_111 | 爱理 | 在身旁看着总是一脸悲伤的基生，让我的心里也很难受。	ch3_113 | 爱理 | 但是我却没有和基生倾诉我心里想要说的话。	あの頃、基生は心の中のことをたくさん話してくれたよね。つらいことも、悲しいことも、不安なことも。	draft	AI 批量翻译初稿，需人工校对角色口吻与专名。		0cc2f5ea6c9c3ba8f8a0ad973b4adf5f3b96e68425f6071b53cc1e3366d5734e	707ba1c82dcdb9307ae9b809b15746a0585a5bda61f67b7ba74149f40b97fa8f
ch3_113	chapter3	第三章 · 过去与现在	S01		717	爱理	dialogue	但是我却没有和基生倾诉我心里想要说的话。	ch3_112 | 爱理 | 虽然那时候的你向我倾诉了心中很多的事情，有心中的痛苦，还有自己的悲伤和不安。	ch3_114 | 爱理 | 因为一直看着这样痛苦的基生，所以我想着，我自己的痛苦算不上什么。	でも、私は自分の言いたいことを、基生に話せなかった。	draft	AI 批量翻译初稿，需人工校对角色口吻与专名。		be759d6bb54b043881a58793698abec900994af228b2a9432f008c1c79dad0b9	707ba1c82dcdb9307ae9b809b15746a0585a5bda61f67b7ba74149f40b97fa8f
ch3_114	chapter3	第三章 · 过去与现在	S01		718	爱理	dialogue	因为一直看着这样痛苦的基生，所以我想着，我自己的痛苦算不上什么。	ch3_113 | 爱理 | 但是我却没有和基生倾诉我心里想要说的话。	ch3_115 | 爱理 | 其实那时候，我真的很希望基生你可以多关心我一些。	つらそうな基生をずっと見ていたから、自分のつらさなんて、大したことじゃないって思ってたの。	draft	AI 批量翻译初稿，需人工校对角色口吻与专名。		69187504ea4ebf55de848569abeee41e410a813b34e433e05216d10ab1804bb3	707ba1c82dcdb9307ae9b809b15746a0585a5bda61f67b7ba74149f40b97fa8f
ch3_115	chapter3	第三章 · 过去与现在	S01		719	爱理	dialogue	其实那时候，我真的很希望基生你可以多关心我一些。	ch3_114 | 爱理 | 因为一直看着这样痛苦的基生，所以我想着，我自己的痛苦算不上什么。	ch3_116 | 爱理 | 明明想要得到基生的关心，却表现出不用关心的模样。	本当はあの頃、基生に、もっと私のことを気にかけてほしかった。	draft	AI 批量翻译初稿，需人工校对角色口吻与专名。		fb41eaf9da49f77458643738031acb650c32a540e8866d48c719aa63e1cadcdd	707ba1c82dcdb9307ae9b809b15746a0585a5bda61f67b7ba74149f40b97fa8f
ch3_116	chapter3	第三章 · 过去与现在	S01		720	爱理	dialogue	明明想要得到基生的关心，却表现出不用关心的模样。	ch3_115 | 爱理 | 其实那时候，我真的很希望基生你可以多关心我一些。	ch3_117 | 爱理 | 因为我想做一个基生所喜欢的、开朗健康的爱理。	気にかけてほしいのに、心配しなくていいような顔をしてた。	draft	AI 批量翻译初稿，需人工校对角色口吻与专名。		29807e832472800f0d7fd894d9225dfb35138dc876b120790dce178709763313	707ba1c82dcdb9307ae9b809b15746a0585a5bda61f67b7ba74149f40b97fa8f
ch3_117	chapter3	第三章 · 过去与现在	S01		721	爱理	dialogue	因为我想做一个基生所喜欢的、开朗健康的爱理。	ch3_116 | 爱理 | 明明想要得到基生的关心，却表现出不用关心的模样。	ch3_118 | 爱理 | 实际上，在那个时候……	だって、基生が好きな、明るくて元気な愛理でいたかったから。	draft	AI 批量翻译初稿，需人工校对角色口吻与专名。		f33dc79eed1d616b2458cd858f879c5926d64ec25d1bb911ca2b14663256638d	707ba1c82dcdb9307ae9b809b15746a0585a5bda61f67b7ba74149f40b97fa8f
ch3_118	chapter3	第三章 · 过去与现在	S01		722	爱理	dialogue	实际上，在那个时候……	ch3_117 | 爱理 | 因为我想做一个基生所喜欢的、开朗健康的爱理。	ch3_119 | 旁白 | 爱理微微转过头，看向基生，露出温柔而遗憾的、复杂的笑容。	本当は、あの頃……	draft	AI 批量翻译初稿，需人工校对角色口吻与专名。		7e20f14b71315d0199fa40abafc7da17da17a404223c8f74806b7b31877abb41	707ba1c82dcdb9307ae9b809b15746a0585a5bda61f67b7ba74149f40b97fa8f
ch3_120	chapter3	第三章 · 过去与现在	S01		724	爱理	dialogue	我真的，非常喜欢基生哦。	ch3_119 | 旁白 | 爱理微微转过头，看向基生，露出温柔而遗憾的、复杂的笑容。	ch3_121 | 爱理 | 不仅没办法一直维持那样活泼开朗的爱理，待在你的身旁……	私、基生のことが、本当に大好きだったんだよ。	draft	AI 批量翻译初稿，需人工校对角色口吻与专名。		9e4e74930ffbc706c1bcf7e234019478695c9b59afeefdb9245152322644593f	707ba1c82dcdb9307ae9b809b15746a0585a5bda61f67b7ba74149f40b97fa8f
ch3_121	chapter3	第三章 · 过去与现在	S01		725	爱理	dialogue	不仅没办法一直维持那样活泼开朗的爱理，待在你的身旁……	ch3_120 | 爱理 | 我真的，非常喜欢基生哦。	ch3_122 | 爱理 | 还没有留下一句话，就从你的面前消失……	明るくて元気な愛理のままで、ずっとそばにいることもできなくて……	draft	AI 批量翻译初稿，需人工校对角色口吻与专名。		88f2428117cd0025c9d20c24e5a8daaa56b8d276636eab63eab9a23fdb7621de	707ba1c82dcdb9307ae9b809b15746a0585a5bda61f67b7ba74149f40b97fa8f
ch3_122	chapter3	第三章 · 过去与现在	S01		726	爱理	dialogue	还没有留下一句话，就从你的面前消失……	ch3_121 | 爱理 | 不仅没办法一直维持那样活泼开朗的爱理，待在你的身旁……	ch3_123 | 爱理 | 这件事非常对不起你呢。	そのうえ、何も言わずに、目の前からいなくなって……	draft	AI 批量翻译初稿，需人工校对角色口吻与专名。		1f9645528fd00b4f81c7b9eee7ad186fc52d112b3a848abf2f7be0ecdb9f10d0	707ba1c82dcdb9307ae9b809b15746a0585a5bda61f67b7ba74149f40b97fa8f
ch3_123	chapter3	第三章 · 过去与现在	S01		727	爱理	dialogue	这件事非常对不起你呢。	ch3_122 | 爱理 | 还没有留下一句话，就从你的面前消失……	ch3_124 | 旁白 | 说到这里，爱理像是想冲淡沉重的气氛，闭眼笑着自嘲。	本当に、ごめんね。	draft	AI 批量翻译初稿，需人工校对角色口吻与专名。		26cc3c5a564f035cbb530f758549e1e1fa1efa30f2fb41da71e76fb8dd4901c7	707ba1c82dcdb9307ae9b809b15746a0585a5bda61f67b7ba74149f40b97fa8f
ch3_125	chapter3	第三章 · 过去与现在	S01		729	爱理	dialogue	……真是的，事到如今我还说这种话！	ch3_124 | 旁白 | 说到这里，爱理像是想冲淡沉重的气氛，闭眼笑着自嘲。	ch3_126 | 爱理 | 想必这种事情，基生你早就忘得一干二净了吧！	……もう、今さらこんなこと言って！	draft	AI 批量翻译初稿，需人工校对角色口吻与专名。		b1521712d221e1252859c982b9a9f2833c91a685f3767dd74b64c272d1a6226a	707ba1c82dcdb9307ae9b809b15746a0585a5bda61f67b7ba74149f40b97fa8f
ch3_126	chapter3	第三章 · 过去与现在	S01		730	爱理	dialogue	想必这种事情，基生你早就忘得一干二净了吧！	ch3_125 | 爱理 | ……真是的，事到如今我还说这种话！	ch3_127 | 爱理 | 毕竟，都是十多年前的事情了。	きっと基生は、こんなこと、とっくに忘れちゃってるよね！	draft	AI 批量翻译初稿，需人工校对角色口吻与专名。		f20784b456c33edda061ff648c80502473f9c3caca6a811a96714f2d8033fe8f	707ba1c82dcdb9307ae9b809b15746a0585a5bda61f67b7ba74149f40b97fa8f
ch3_127	chapter3	第三章 · 过去与现在	S01		731	爱理	dialogue	毕竟，都是十多年前的事情了。	ch3_126 | 爱理 | 想必这种事情，基生你早就忘得一干二净了吧！	ch3_128 | 旁白 | 基生看着她，嘴唇微微张开。他想叫住爱理，也想说出自己的感受，却只能断断续续地发出声音。	だって、もう十年以上前のことだもんね。	draft	AI 批量翻译初稿，需人工校对角色口吻与专名。		0674edb8406826c2a02a2d3ff066fbf40be35302fdf659ff010d8583531b4e80	707ba1c82dcdb9307ae9b809b15746a0585a5bda61f67b7ba74149f40b97fa8f
ch3_129	chapter3	第三章 · 过去与现在	S01		733	基生	dialogue	爱理……	ch3_128 | 旁白 | 基生看着她，嘴唇微微张开。他想叫住爱理，也想说出自己的感受，却只能断断续续地发出声音。	ch3_130 | 基生 | 我……	愛理……	draft	AI 批量翻译初稿，需人工校对角色口吻与专名。		4d438f50d4c54ffa879c6a7254974c9a6851cf7f2822b297fcd54a2ccb8ae617	707ba1c82dcdb9307ae9b809b15746a0585a5bda61f67b7ba74149f40b97fa8f
ch3_130	chapter3	第三章 · 过去与现在	S01		734	基生	dialogue	我……	ch3_129 | 基生 | 爱理……	ch3_131 | 旁白 | 爱理忽然想起另一件事，神情变得轻松起来。	僕は……	draft	AI 批量翻译初稿，需人工校对角色口吻与专名。		72323c72ef6fd6b1c4f5ff3d76e72c641f8be56d1ca37de7b7ec1086524cb7af	707ba1c82dcdb9307ae9b809b15746a0585a5bda61f67b7ba74149f40b97fa8f
ch3_132	chapter3	第三章 · 过去与现在	S01		736	爱理	dialogue	对了，我呢……	ch3_131 | 旁白 | 爱理忽然想起另一件事，神情变得轻松起来。	ch3_133 | 爱理 | 下个月就要结婚了。	そうだ、私ね……	draft	AI 批量翻译初稿，需人工校对角色口吻与专名。		f85cd8bbe36b68931036e5b2c67555129be4d4d0a018b73395417316321be4be	707ba1c82dcdb9307ae9b809b15746a0585a5bda61f67b7ba74149f40b97fa8f
ch3_133	chapter3	第三章 · 过去与现在	S01		737	爱理	dialogue	下个月就要结婚了。	ch3_132 | 爱理 | 对了，我呢……	ch3_134 | 旁白 | 基生猛然睁大眼睛，脸颊再次冒出冷汗。	来月、結婚するの。	draft	AI 批量翻译初稿，需人工校对角色口吻与专名。		ef78e4cfe3c511d320e2e9c82ce87c9668b926bebf02c0d25f30cc690688ef84	707ba1c82dcdb9307ae9b809b15746a0585a5bda61f67b7ba74149f40b97fa8f
ch3_135	chapter3	第三章 · 过去与现在	S01		739	基生	dialogue	！	ch3_134 | 旁白 | 基生猛然睁大眼睛，脸颊再次冒出冷汗。	ch3_136 | 旁白 | 爱理有些羞涩地笑着，感慨道。	！	draft	AI 批量翻译初稿，需人工校对角色口吻与专名。		615c46cf64a53d4431c0c9608ca993eec66b7c48f419e5d6160a8ca933216c8d	707ba1c82dcdb9307ae9b809b15746a0585a5bda61f67b7ba74149f40b97fa8f
ch3_137	chapter3	第三章 · 过去与现在	S01		741	爱理	dialogue	怎么说呢……总算是有自己变成大人的实感了。	ch3_136 | 旁白 | 爱理有些羞涩地笑着，感慨道。	ch3_138 | 爱理 | 发现自己原来已经这个年纪了啊。	なんていうか……やっと、大人になったんだなって実感が湧いてきた。	draft	AI 批量翻译初稿，需人工校对角色口吻与专名。		8995d2e75c5d47036cb9124249abc6d85499089acac22b61e13d1cb207170259	707ba1c82dcdb9307ae9b809b15746a0585a5bda61f67b7ba74149f40b97fa8f
ch3_138	chapter3	第三章 · 过去与现在	S01		742	爱理	dialogue	发现自己原来已经这个年纪了啊。	ch3_137 | 爱理 | 怎么说呢……总算是有自己变成大人的实感了。	ch3_139 | 爱理 | 明明脑子中所想的事情，好像一直都没怎么变呢……	自分も、もうそんな年なんだなって。	draft	AI 批量翻译初稿，需人工校对角色口吻与专名。		f9f5c997377c5fd6ffcafbc2832f8a64188b803d983ca9addadc98aac6ad2d6e	707ba1c82dcdb9307ae9b809b15746a0585a5bda61f67b7ba74149f40b97fa8f
ch3_139	chapter3	第三章 · 过去与现在	S01		743	爱理	dialogue	明明脑子中所想的事情，好像一直都没怎么变呢……	ch3_138 | 爱理 | 发现自己原来已经这个年纪了啊。	ch3_140 | 旁白 | 这时，爱理的手机响起，来电显示为“小野乃”。她接起电话。	考えてることは、昔からあんまり変わってない気がするのにね……	draft	AI 批量翻译初稿，需人工校对角色口吻与专名。		e84570c0ed6ee2f870e8d58e44975b2a17dc87919296c17910356a4cbeb3b3e6	707ba1c82dcdb9307ae9b809b15746a0585a5bda61f67b7ba74149f40b97fa8f
ch3_141	chapter3	第三章 · 过去与现在	S01		745	爱理	dialogue	啊！	ch3_140 | 旁白 | 这时，爱理的手机响起，来电显示为“小野乃”。她接起电话。	ch3_142 | 爱理 | 小野乃！你在哪里？	あっ！	draft	AI 批量翻译初稿，需人工校对角色口吻与专名。		6d62d7548ee77507e239f6a68b1e48ba5ba85ba07f7ef51ca55812bc7827008b	707ba1c82dcdb9307ae9b809b15746a0585a5bda61f67b7ba74149f40b97fa8f
ch3_142	chapter3	第三章 · 过去与现在	S01		746	爱理	dialogue	小野乃！你在哪里？	ch3_141 | 爱理 | 啊！	ch3_143 | 爱理 | 诶？桥那边？真是的，为什么你一个人先过去了？	野乃ちゃん！ 今どこ？	draft	AI 批量翻译初稿，需人工校对角色口吻与专名。		3cb5d2621963893f9d8993c57dc44a1d054dbaebd422a8543fd0b3c28b3d3902	707ba1c82dcdb9307ae9b809b15746a0585a5bda61f67b7ba74149f40b97fa8f
ch3_143	chapter3	第三章 · 过去与现在	S01		747	爱理	dialogue	诶？桥那边？真是的，为什么你一个人先过去了？	ch3_142 | 爱理 | 小野乃！你在哪里？	ch3_144 | 爱理 | 我现在就赶过去，你不会乱走吧……	え？ 橋のほう？ もう、どうして一人で先に行っちゃったの？	draft	AI 批量翻译初稿，需人工校对角色口吻与专名。		69144e52afd2911412b75be75cefeb96618ab8f6fabac3946a4e9f83c8363959	707ba1c82dcdb9307ae9b809b15746a0585a5bda61f67b7ba74149f40b97fa8f
ch3_144	chapter3	第三章 · 过去与现在	S01		748	爱理	dialogue	我现在就赶过去，你不会乱走吧……	ch3_143 | 爱理 | 诶？桥那边？真是的，为什么你一个人先过去了？	ch3_145 | 旁白 | 爱理站起身，向仍坐在石阶上的基生道歉。	今そっちに行くから、もうどこにも行かないでね……	draft	AI 批量翻译初稿，需人工校对角色口吻与专名。		e8295b8641943c12df0de4bc1837ef4cb7b695187137b02e616ba7ba91010a12	707ba1c82dcdb9307ae9b809b15746a0585a5bda61f67b7ba74149f40b97fa8f
ch3_146	chapter3	第三章 · 过去与现在	S01		750	爱理	dialogue	抱歉！我现在得去找小野乃了。	ch3_145 | 旁白 | 爱理站起身，向仍坐在石阶上的基生道歉。	ch3_147 | 爱理 | 能好好地和你说说话，真是太好了。	ごめん！ 野乃ちゃんのところに行かなきゃ。	draft	AI 批量翻译初稿，需人工校对角色口吻与专名。		c3a14b4f3b378709db5083ac267d36329166a9fc6469df7eafc866ee2df66c48	707ba1c82dcdb9307ae9b809b15746a0585a5bda61f67b7ba74149f40b97fa8f
ch3_147	chapter3	第三章 · 过去与现在	S01		751	爱理	dialogue	能好好地和你说说话，真是太好了。	ch3_146 | 爱理 | 抱歉！我现在得去找小野乃了。	ch3_148 | 基生 | 啊……	ちゃんと話ができて、本当によかった。	draft	AI 批量翻译初稿，需人工校对角色口吻与专名。		821d47f608f5451beca10d63744ba7132c347fe20d48ad07df18518fad42dec5	707ba1c82dcdb9307ae9b809b15746a0585a5bda61f67b7ba74149f40b97fa8f
ch3_148	chapter3	第三章 · 过去与现在	S01		752	基生	dialogue	啊……	ch3_147 | 爱理 | 能好好地和你说说话，真是太好了。	ch3_149 | 爱理 | 那么……	あ……	draft	AI 批量翻译初稿，需人工校对角色口吻与专名。		90ef874200e81f874baea5447d400a14a45d4a7332d25228791089fdc71e4d1a	707ba1c82dcdb9307ae9b809b15746a0585a5bda61f67b7ba74149f40b97fa8f
ch3_149	chapter3	第三章 · 过去与现在	S01		753	爱理	dialogue	那么……	ch3_148 | 基生 | 啊……	ch3_150 | 爱理 | 再见了，基生君。	それじゃ……	draft	AI 批量翻译初稿，需人工校对角色口吻与专名。		3da16adc4a4e1c567f9289326d00050cdb29e534bf778cb0c920d0b88dbc7574	707ba1c82dcdb9307ae9b809b15746a0585a5bda61f67b7ba74149f40b97fa8f
ch3_150	chapter3	第三章 · 过去与现在	S01		754	爱理	dialogue	再见了，基生君。	ch3_149 | 爱理 | 那么……	ch3_s02 | 旁白 | 空房间 —— 一个月与一通打工电话	さようなら、基生君。	draft	AI 批量翻译初稿，需人工校对角色口吻与专名。		d5f65b72d4b232ce72f35eabf2d44de335958dc521815b90646df9b83789375c	707ba1c82dcdb9307ae9b809b15746a0585a5bda61f67b7ba74149f40b97fa8f
ch3_159	chapter3	第三章 · 过去与现在	S02		762	基生	dialogue	你好，我是成田。	ch3_157 | 旁白 | “再见了，基生君”	ch3_160 | 主管 | 成田君！对不起啊，在你休息的时候还打扰你。	もしもし、成田です。	draft	AI 批量翻译初稿，需人工校对角色口吻与专名。		f701da88c43f07aa89e19bb0bcab6f044b56efd0c210ae4c179935a0a73f36aa	707ba1c82dcdb9307ae9b809b15746a0585a5bda61f67b7ba74149f40b97fa8f
ch3_160	chapter3	第三章 · 过去与现在	S02		763	主管	dialogue	成田君！对不起啊，在你休息的时候还打扰你。	ch3_159 | 基生 | 你好，我是成田。	ch3_161 | 基生 | 不……没关系的。		untranslated			00cd3387b9d1d8530040bab6bab5c03f08139d917af014800b3af3bc128d06ac	707ba1c82dcdb9307ae9b809b15746a0585a5bda61f67b7ba74149f40b97fa8f
ch3_161	chapter3	第三章 · 过去与现在	S02		764	基生	dialogue	不……没关系的。	ch3_160 | 主管 | 成田君！对不起啊，在你休息的时候还打扰你。	ch3_162 | 主管 | 其实今天要上班的那个孩子忽然身体不舒服，所以没办法来了。	いえ……大丈夫です。	draft	AI 批量翻译初稿，需人工校对角色口吻与专名。		de635d3a43c155dfd4c2d858184a53adbcc2d6006fcc88fea5cea40fa524c9cd	707ba1c82dcdb9307ae9b809b15746a0585a5bda61f67b7ba74149f40b97fa8f
ch3_162	chapter3	第三章 · 过去与现在	S02		765	主管	dialogue	其实今天要上班的那个孩子忽然身体不舒服，所以没办法来了。	ch3_161 | 基生 | 不……没关系的。	ch3_163 | 主管 | 所以想问一下，成田君你能不能来救个急……		untranslated			75242b88c96bb5ff439778eacaba12db01df04010ff402f23e1783056a178b29	707ba1c82dcdb9307ae9b809b15746a0585a5bda61f67b7ba74149f40b97fa8f
ch3_163	chapter3	第三章 · 过去与现在	S02		766	主管	dialogue	所以想问一下，成田君你能不能来救个急……	ch3_162 | 主管 | 其实今天要上班的那个孩子忽然身体不舒服，所以没办法来了。	ch3_164 | 基生 | 啊……可以啊。我去。		untranslated			204a6bb5a6f18f7b22c0e4b6f9002ec07202679edcc04bd9b6956c325a48e99d	707ba1c82dcdb9307ae9b809b15746a0585a5bda61f67b7ba74149f40b97fa8f
ch3_164	chapter3	第三章 · 过去与现在	S02		767	基生	dialogue	啊……可以啊。我去。	ch3_163 | 主管 | 所以想问一下，成田君你能不能来救个急……	ch3_165 | 主管 | 真的吗！？太谢谢你了！让你连续着工作两天，真是不好意思。	あ……いいですよ。行きます。	draft	AI 批量翻译初稿，需人工校对角色口吻与专名。		f1fc3790657231d44d6b01839e07c1fd4a57fa07ec2154dde197c5c43c129a9d	707ba1c82dcdb9307ae9b809b15746a0585a5bda61f67b7ba74149f40b97fa8f
ch3_165	chapter3	第三章 · 过去与现在	S02		768	主管	dialogue	真的吗！？太谢谢你了！让你连续着工作两天，真是不好意思。	ch3_164 | 基生 | 啊……可以啊。我去。	ch3_166 | 基生 | 没什么……		untranslated			7d453539d3fd489f5dfe3fcc6533002aac60f96abcf1b0e99551844872a2a883	707ba1c82dcdb9307ae9b809b15746a0585a5bda61f67b7ba74149f40b97fa8f
ch3_166	chapter3	第三章 · 过去与现在	S02		769	基生	dialogue	没什么……	ch3_165 | 主管 | 真的吗！？太谢谢你了！让你连续着工作两天，真是不好意思。	ch3_167 | 基生 | 那个……我该什么时候去呢？	何でもないです……	draft	AI 批量翻译初稿，需人工校对角色口吻与专名。		bbd11f77ce1dd42a27fcff495af3a67afdffe2ec7c6f097ab24d69f96cf2e4a7	707ba1c82dcdb9307ae9b809b15746a0585a5bda61f67b7ba74149f40b97fa8f
ch3_167	chapter3	第三章 · 过去与现在	S02		770	基生	dialogue	那个……我该什么时候去呢？	ch3_166 | 基生 | 没什么……	ch3_168 | 主管 | 那你就来上 B 班吧——	あの……いつ伺えばいいですか？	draft	AI 批量翻译初稿，需人工校对角色口吻与专名。		6355591f6597c50605b2b3f8ff2dbb3ed6d93c7e01efb2041d726105b784846f	707ba1c82dcdb9307ae9b809b15746a0585a5bda61f67b7ba74149f40b97fa8f
ch3_168	chapter3	第三章 · 过去与现在	S02		771	主管	dialogue	那你就来上 B 班吧——	ch3_167 | 基生 | 那个……我该什么时候去呢？	ch3_169 | 旁白 | 通话结束后，基生坐在昏暗的房间里，拿着手机发愣。他按下按键，手机屏幕突然跳出警告：		untranslated			ff4c4d9ebf62fb573c059bc4257b9acd1c10380ef046df26eb2fa6a7d7a7cb5d	707ba1c82dcdb9307ae9b809b15746a0585a5bda61f67b7ba74149f40b97fa8f
ch3_174	chapter3	第三章 · 过去与现在	S02		776	基生	dialogue	……算了，不充了……差不多也该把它丢掉了……	ch3_173 | 旁白 | 他低头看着手里的旧手机，随后把手机放到一旁，开始脱下衣服准备休息。	ch3_175 | ？ | 基生——！	……もういい、充電しなくて……そろそろ捨てないとな……	draft	AI 批量翻译初稿，需人工校对角色口吻与专名。		174d2b46140a3fd7b493ca0c515c1c1ed9c3f81ce6516f33b2f593331ddaa768	707ba1c82dcdb9307ae9b809b15746a0585a5bda61f67b7ba74149f40b97fa8f
ch3_175	chapter3	第三章 · 过去与现在	S02		777	？	dialogue	基生——！	ch3_174 | 基生 | ……算了，不充了……差不多也该把它丢掉了……	ch3_176 | 旁白 | 基生猛地抬头，可床边并没有人。房间里只有床铺、窗帘和昏暗的室内环境。他的眼神中流露出惊讶与疑惑。		untranslated			a92fd07c276c2dd0090b818300f420f6e21de8bc54c9a981d431f43d6d3847e6	707ba1c82dcdb9307ae9b809b15746a0585a5bda61f67b7ba74149f40b97fa8f
ch3_177	chapter3	第三章 · 过去与现在	S02		779	基生	dialogue	!!	ch3_176 | 旁白 | 基生猛地抬头，可床边并没有人。房间里只有床铺、窗帘和昏暗的室内环境。他的眼神中流露出惊讶与疑惑。	ch3_178 | 基生 | ……所以说……那个只是幻想而已……	！！	draft	AI 批量翻译初稿，需人工校对角色口吻与专名。		21652b9204718a2236396e9582db17f54503f0a3822111b39988c62f95e6b907	707ba1c82dcdb9307ae9b809b15746a0585a5bda61f67b7ba74149f40b97fa8f
ch3_178	chapter3	第三章 · 过去与现在	S02		780	基生	dialogue	……所以说……那个只是幻想而已……	ch3_177 | 基生 | !!	ch3_179 | 旁白 | 他转身走向房门，准备离开房间。	……だから……あれはただの幻だったんだ……	draft	AI 批量翻译初稿，需人工校对角色口吻与专名。		3ae4a8d27e4af232ffbf8765c701b4d843b8c597e006c62a7d90bb1000430f72	707ba1c82dcdb9307ae9b809b15746a0585a5bda61f67b7ba74149f40b97fa8f
ch3_180	chapter3	第三章 · 过去与现在	S02		782	基生	dialogue	那种事情还是快点忘了吧……	ch3_179 | 旁白 | 他转身走向房门，准备离开房间。	ch3_s03 | 旁白 | 深夜的邀约 —— “没有手机的成田先生”	そんなこと、早く忘れたほうがいい……	draft	AI 批量翻译初稿，需人工校对角色口吻与专名。		7f59716eb5cd5dc84eef394ad5828ef3a64051efe57127353b76fe6c6965a491	707ba1c82dcdb9307ae9b809b15746a0585a5bda61f67b7ba74149f40b97fa8f
ch3_183	chapter3	第三章 · 过去与现在	S03		784	同事们	dialogue	大家今天都辛苦了！	ch3_s03 | 旁白 | 深夜的邀约 —— “没有手机的成田先生”	ch3_184 | 日日谷 | 成田先——生，明天晚上打工结束之后，大家要一起去喝酒，你要一起来吗？		untranslated			ae2ea2682a98c5140f83420d976ea046ce74ea07a5255801c9023d9ab2f70db1	707ba1c82dcdb9307ae9b809b15746a0585a5bda61f67b7ba74149f40b97fa8f
ch3_184	chapter3	第三章 · 过去与现在	S03		785	日日谷	dialogue	成田先——生，明天晚上打工结束之后，大家要一起去喝酒，你要一起来吗？	ch3_183 | 同事们 | 大家今天都辛苦了！	ch3_185 | 基生 | 啊……我……就算了吧……		untranslated			c8e823d294309360b10e25c74a3db891e46da24829c743e331bc63bac7f26070	707ba1c82dcdb9307ae9b809b15746a0585a5bda61f67b7ba74149f40b97fa8f
ch3_185	chapter3	第三章 · 过去与现在	S03		786	基生	dialogue	啊……我……就算了吧……	ch3_184 | 日日谷 | 成田先——生，明天晚上打工结束之后，大家要一起去喝酒，你要一起来吗？	ch3_186 | 日日谷 | 诶——！一起来嘛！也顺便欢迎成田先生回归工作嘛！	あ……僕は……やめておきます……	draft	AI 批量翻译初稿，需人工校对角色口吻与专名。		07fe6512ea58eef63119184e5ca4bbec206f8c6846408cf3d963beebd666ac2e	707ba1c82dcdb9307ae9b809b15746a0585a5bda61f67b7ba74149f40b97fa8f
ch3_186	chapter3	第三章 · 过去与现在	S03		787	日日谷	dialogue	诶——！一起来嘛！也顺便欢迎成田先生回归工作嘛！	ch3_185 | 基生 | 啊……我……就算了吧……	ch3_187 | 基生 | ……真的对不起……我喝不了酒……		untranslated			6eb41fe1bbb29653aaf55a81405707e196eb0a2ea5038f138f0a3f610ee8748a	707ba1c82dcdb9307ae9b809b15746a0585a5bda61f67b7ba74149f40b97fa8f
ch3_187	chapter3	第三章 · 过去与现在	S03		788	基生	dialogue	……真的对不起……我喝不了酒……	ch3_186 | 日日谷 | 诶——！一起来嘛！也顺便欢迎成田先生回归工作嘛！	ch3_188 | 日日谷 | 哦对了，把你的 LINE 账号告诉我吧！一直想要加你，都没有机会。	……本当にすみません……僕、お酒は飲めなくて……	draft	AI 批量翻译初稿，需人工校对角色口吻与专名。		9500a2abfd8a903fdcdcdc0733140e2a42cb381fdc3c34a59e878cb4049f5363	707ba1c82dcdb9307ae9b809b15746a0585a5bda61f67b7ba74149f40b97fa8f
ch3_188	chapter3	第三章 · 过去与现在	S03		789	日日谷	dialogue	哦对了，把你的 LINE 账号告诉我吧！一直想要加你，都没有机会。	ch3_187 | 基生 | ……真的对不起……我喝不了酒……	ch3_189 | 旁白 | 基生额头冒出冷汗。		untranslated			bf06431d5ed36180d3f41569d211148eada8a4e9715b6ea5008287acc241d9d6	707ba1c82dcdb9307ae9b809b15746a0585a5bda61f67b7ba74149f40b97fa8f
ch3_190	chapter3	第三章 · 过去与现在	S03		791	基生	dialogue	啊……那个，我的手机……	ch3_189 | 旁白 | 基生额头冒出冷汗。	ch3_191 | 日日谷 | 诶！难道你没有手机吗！？	あ……あの、僕の携帯が……	draft	AI 批量翻译初稿，需人工校对角色口吻与专名。		d23543ef86b5b85e1608aa7c1440471d813708956aca1946cd42da15184a8fc5	707ba1c82dcdb9307ae9b809b15746a0585a5bda61f67b7ba74149f40b97fa8f
ch3_191	chapter3	第三章 · 过去与现在	S03		792	日日谷	dialogue	诶！难道你没有手机吗！？	ch3_190 | 基生 | 啊……那个，我的手机……	ch3_192 | 基生 | 也不是没有……		untranslated			8be9b51fe8a843e96225d5abf29e178de0a80d2b40ba4aa22cbecce8f864af92	707ba1c82dcdb9307ae9b809b15746a0585a5bda61f67b7ba74149f40b97fa8f
ch3_192	chapter3	第三章 · 过去与现在	S03		793	基生	dialogue	也不是没有……	ch3_191 | 日日谷 | 诶！难道你没有手机吗！？	ch3_193 | 旁白 | 基生沉默片刻，想了想，然后改口道——	ないわけじゃないですけど……	draft	AI 批量翻译初稿，需人工校对角色口吻与专名。		0e9e47faca954afd77743b0a6f764a24a9f6b57d63bb53d2ceb163d3cb5c3dda	707ba1c82dcdb9307ae9b809b15746a0585a5bda61f67b7ba74149f40b97fa8f
ch3_196	chapter3	第三章 · 过去与现在	S03		796	日日谷	dialogue	诶！你才开始买智能机！？那你果然没有智能机吗！？居然能活在这个社会中呢！？	ch3_195 | 旁白 | 日日谷小姐听后露出震惊的表情。	ch3_197 | 日日谷 | 你是在体会归隐的那种感觉吗！？你是归隐派吗！？		untranslated			c198d1e7648d4aa01923f5598c030244c334b10b75690e73b127f7e3165fad77	707ba1c82dcdb9307ae9b809b15746a0585a5bda61f67b7ba74149f40b97fa8f
ch3_197	chapter3	第三章 · 过去与现在	S03		797	日日谷	dialogue	你是在体会归隐的那种感觉吗！？你是归隐派吗！？	ch3_196 | 日日谷 | 诶！你才开始买智能机！？那你果然没有智能机吗！？居然能活在这个社会中呢！？	ch3_198 | 基生 | 才不是——了。为什么会这么想……？		untranslated			14c16aebc7ced6ddf494f442f8c37520aad338c9d10670b28147149f7d25d420	707ba1c82dcdb9307ae9b809b15746a0585a5bda61f67b7ba74149f40b97fa8f
ch3_198	chapter3	第三章 · 过去与现在	S03		798	基生	dialogue	才不是——了。为什么会这么想……？	ch3_197 | 日日谷 | 你是在体会归隐的那种感觉吗！？你是归隐派吗！？	ch3_199 | 日日谷 | 那你决定要买什么样的了吗？	違いますよ。どうしてそう思うんですか……？	draft	AI 批量翻译初稿，需人工校对角色口吻与专名。		08d9dd11dd3431d04d1c513b1cf744da4a782c4d8cf8926845ba5bd57979ff42	707ba1c82dcdb9307ae9b809b15746a0585a5bda61f67b7ba74149f40b97fa8f
ch3_199	chapter3	第三章 · 过去与现在	S03		799	日日谷	dialogue	那你决定要买什么样的了吗？	ch3_198 | 基生 | 才不是——了。为什么会这么想……？	ch3_200 | 基生 | 没、还没决定……不如说我对手机根本一窍不通……有什么样的型号我也不知道……		untranslated			0d79222dcda70edf1554dd1f082657987ea66c6e3f9072da991bf08b74c52235	707ba1c82dcdb9307ae9b809b15746a0585a5bda61f67b7ba74149f40b97fa8f
ch3_200	chapter3	第三章 · 过去与现在	S03		800	基生	dialogue	没、还没决定……不如说我对手机根本一窍不通……有什么样的型号我也不知道……	ch3_199 | 日日谷 | 那你决定要买什么样的了吗？	ch3_201 | 旁白 | 日日谷小姐听完后，脸上露出兴奋的笑容。	まだ、決めてません……というか、携帯のことは全然分からなくて……どんな機種があるのかも知らないんです……	draft	AI 批量翻译初稿，需人工校对角色口吻与专名。		a2df32d4f5de744b48796a6610edd646b6cf74cc2fc2773eab3656f6f997ee80	707ba1c82dcdb9307ae9b809b15746a0585a5bda61f67b7ba74149f40b97fa8f
ch3_202	chapter3	第三章 · 过去与现在	S03		802	日日谷	dialogue	……那么，那么……	ch3_201 | 旁白 | 日日谷小姐听完后，脸上露出兴奋的笑容。	ch3_203 | 日日谷 | 既然成田君对手机一窍不通……那我就陪你一起去买手机吧！		untranslated			4b75fb9489ea78a9440269b1b3f1f639a95e60a811c3f321c623ea75dfdc5554	707ba1c82dcdb9307ae9b809b15746a0585a5bda61f67b7ba74149f40b97fa8f
ch3_203	chapter3	第三章 · 过去与现在	S03		803	日日谷	dialogue	既然成田君对手机一窍不通……那我就陪你一起去买手机吧！	ch3_202 | 日日谷 | ……那么，那么……	ch3_204 | 基生 | 啊……那真是感谢。		untranslated			abf22fd8fd42ecfdc0c15c2d421aa0b03b6115c9c66deb61301a44fd7f6996b3	707ba1c82dcdb9307ae9b809b15746a0585a5bda61f67b7ba74149f40b97fa8f
ch3_204	chapter3	第三章 · 过去与现在	S03		804	基生	dialogue	啊……那真是感谢。	ch3_203 | 日日谷 | 既然成田君对手机一窍不通……那我就陪你一起去买手机吧！	ch3_205 | 旁白 | 日日谷似乎很惊讶。	あ……それは、ありがとうございます。	draft	AI 批量翻译初稿，需人工校对角色口吻与专名。		9951cdf2c77f9e700fa87f2538862e1a201885839a4c383462b4c08ea7b5a35f	707ba1c82dcdb9307ae9b809b15746a0585a5bda61f67b7ba74149f40b97fa8f
ch3_206	chapter3	第三章 · 过去与现在	S03		806	日日谷	dialogue	诶！	ch3_205 | 旁白 | 日日谷似乎很惊讶。	ch3_207 | 旁白 | 基生以为自己说了什么奇怪的话，小声地道歉。		untranslated			a191ff32a612b561ad63eb2834243790423236e60e90cfa17f4a7893957326e3	707ba1c82dcdb9307ae9b809b15746a0585a5bda61f67b7ba74149f40b97fa8f
ch3_208	chapter3	第三章 · 过去与现在	S03		808	基生	dialogue	对不起，我刚才是不是说了什么奇怪的话……	ch3_207 | 旁白 | 基生以为自己说了什么奇怪的话，小声地道歉。	ch3_209 | 日日谷 | 啊，你真的同意了？	すみません、僕、さっき何か変なことを言いましたか……	draft	AI 批量翻译初稿，需人工校对角色口吻与专名。		3c83022a40a687f058c4edab98deeb26d297363ae5a13bc40986247d809931de	707ba1c82dcdb9307ae9b809b15746a0585a5bda61f67b7ba74149f40b97fa8f
ch3_209	chapter3	第三章 · 过去与现在	S03		809	日日谷	dialogue	啊，你真的同意了？	ch3_208 | 基生 | 对不起，我刚才是不是说了什么奇怪的话……	ch3_210 | 旁白 | 她很快又高兴地拍板。		untranslated			49cdf7155edef0bebbcac2291046fec706d2d5c4ee5588e98f738cedd880208a	707ba1c82dcdb9307ae9b809b15746a0585a5bda61f67b7ba74149f40b97fa8f
ch3_211	chapter3	第三章 · 过去与现在	S03		811	日日谷	dialogue	那，那么就，明天，酒会开始之前……	ch3_210 | 旁白 | 她很快又高兴地拍板。	ch3_212 | 日日谷 | 我们一起去买手机吧！		untranslated			62142bbb2b05e1fbd7fd06477145ad160a88ef26a272b5ff59533f9b036d0828	707ba1c82dcdb9307ae9b809b15746a0585a5bda61f67b7ba74149f40b97fa8f
ch3_212	chapter3	第三章 · 过去与现在	S03		812	日日谷	dialogue	我们一起去买手机吧！	ch3_211 | 日日谷 | 那，那么就，明天，酒会开始之前……	ch3_213 | 日日谷 | 碰头的地方就选在——		untranslated			3037306a81239a7005219b45e1a00d64d87e4d5ba4bf86ea28f55f5dee290bd8	707ba1c82dcdb9307ae9b809b15746a0585a5bda61f67b7ba74149f40b97fa8f
ch3_213	chapter3	第三章 · 过去与现在	S03		813	日日谷	dialogue	碰头的地方就选在——	ch3_212 | 日日谷 | 我们一起去买手机吧！	ch3_s04 | 旁白 | 不速之客 —— 肩膀上的“虫子”		untranslated			9f345fe7912a963f7456c653d1f1a8d473bd538acf0d5434ac3b1966af2bc19e	707ba1c82dcdb9307ae9b809b15746a0585a5bda61f67b7ba74149f40b97fa8f
ch3_218	chapter3	第三章 · 过去与现在	S04		818	基生	dialogue	哇啊！	ch3_217 | 旁白 | 基生突然惊醒，身体猛地坐起。	ch3_219 | 旁白 | 他慌张地摸着自己的衣服和身体。	うわっ！	draft	AI 批量翻译初稿，需人工校对角色口吻与专名。		730afc30d00bbb040f3ba14f914e4abdf38c8ec4644875ae5be1f96ae0cacac6	707ba1c82dcdb9307ae9b809b15746a0585a5bda61f67b7ba74149f40b97fa8f
ch3_220	chapter3	第三章 · 过去与现在	S04		820	基生	dialogue	虫子吗……!?	ch3_219 | 旁白 | 他慌张地摸着自己的衣服和身体。	ch3_221 | 基生 | 刚才是怎么回事……！	虫か……！？	draft	AI 批量翻译初稿，需人工校对角色口吻与专名。		6b4f9e0fa5c3d10aae7cfc17a91ce46e4ce7aab99cae6fc48049128d62017a64	707ba1c82dcdb9307ae9b809b15746a0585a5bda61f67b7ba74149f40b97fa8f
ch3_221	chapter3	第三章 · 过去与现在	S04		821	基生	dialogue	刚才是怎么回事……！	ch3_220 | 基生 | 虫子吗……!?	ch3_222 | 旁白 | 基生看了看，却什么都没有发现，神情烦躁又不适。	今のは何だったんだ……！	draft	AI 批量翻译初稿，需人工校对角色口吻与专名。		3b133878f43dd8232f9c3909b4a98a2bf221606f799416e8f0deefb6cc9b7200	707ba1c82dcdb9307ae9b809b15746a0585a5bda61f67b7ba74149f40b97fa8f
ch3_223	chapter3	第三章 · 过去与现在	S04		823	基生	dialogue	哈……	ch3_222 | 旁白 | 基生看了看，却什么都没有发现，神情烦躁又不适。	ch3_224 | 基生 | 什么东西啊……	はあ……	draft	AI 批量翻译初稿，需人工校对角色口吻与专名。		7f3df0936ee075d17ad94e012c444bcb05a3dfbf1c54e142bc0d540e8a2e959e	707ba1c82dcdb9307ae9b809b15746a0585a5bda61f67b7ba74149f40b97fa8f
ch3_224	chapter3	第三章 · 过去与现在	S04		824	基生	dialogue	什么东西啊……	ch3_223 | 基生 | 哈……	ch3_225 | 基生 | 真是不舒服……	何なんだよ……	draft	AI 批量翻译初稿，需人工校对角色口吻与专名。		b2697556b9aa2b39c98c1a65dc2f76cda71af68eeaa14a45af2beb206fc0db0d	707ba1c82dcdb9307ae9b809b15746a0585a5bda61f67b7ba74149f40b97fa8f
ch3_225	chapter3	第三章 · 过去与现在	S04		825	基生	dialogue	真是不舒服……	ch3_224 | 基生 | 什么东西啊……	ch3_226 | 旁白 | 房间再次安静下来，基生重新躺下，疲惫地坠入梦乡。	気持ち悪い……	draft	AI 批量翻译初稿，需人工校对角色口吻与专名。		139b438fdb4131494e72b1b8b45ced338b3b39f5284c202a3e7df3ca74f371fb	707ba1c82dcdb9307ae9b809b15746a0585a5bda61f67b7ba74149f40b97fa8f
ch3_229	chapter3	第三章 · 过去与现在	S05		829	日日谷	dialogue	成田先——生！	ch3_228 | 旁白 | 下午，基生来到约定的商场附近。身后突然传来日日谷小姐的声音。	ch3_230 | 日日谷 | 我还想着先来等你，没想到你已经到了呢。		untranslated			8d2c273b16db5eeaf952d7eb7e292e8573de6b0a1f8f811014d8163ff6b28e40	707ba1c82dcdb9307ae9b809b15746a0585a5bda61f67b7ba74149f40b97fa8f
ch3_230	chapter3	第三章 · 过去与现在	S05		830	日日谷	dialogue	我还想着先来等你，没想到你已经到了呢。	ch3_229 | 日日谷 | 成田先——生！	ch3_231 | 基生 | 啊……因为我在家里闲着没什么事情……		untranslated			dfc75623f502732955333f37c9e7eb7a5269aafb12592138bb468a0f56777b63	707ba1c82dcdb9307ae9b809b15746a0585a5bda61f67b7ba74149f40b97fa8f
ch3_231	chapter3	第三章 · 过去与现在	S05		831	基生	dialogue	啊……因为我在家里闲着没什么事情……	ch3_230 | 日日谷 | 我还想着先来等你，没想到你已经到了呢。	ch3_232 | 旁白 | 日日谷小姐无奈地说道。	あ……家にいても暇で、何もすることがなかったので……	draft	AI 批量翻译初稿，需人工校对角色口吻与专名。		2228df7a5ba60428b8f9a622fa77162532aff527ababe0a30b78789ff0678c88	707ba1c82dcdb9307ae9b809b15746a0585a5bda61f67b7ba74149f40b97fa8f
ch3_233	chapter3	第三章 · 过去与现在	S05		833	日日谷	dialogue	成田先生你还真是个不谙俗事的人呢……或者应该说，让人捉摸不透……？	ch3_232 | 旁白 | 日日谷小姐无奈地说道。	ch3_234 | 旁白 | 日日谷拿出自己挑好的几款手机海报，举到基生面前。		untranslated			327924b5b046037b26a65962953e8c71ff1409719f329cf88961a2012f3592b5	707ba1c82dcdb9307ae9b809b15746a0585a5bda61f67b7ba74149f40b97fa8f
ch3_235	chapter3	第三章 · 过去与现在	S05		835	日日谷	dialogue	啊，对了！我给你选了好几个样式的……你觉得哪个好呢！	ch3_234 | 旁白 | 日日谷拿出自己挑好的几款手机海报，举到基生面前。	ch3_236 | 旁白 | 基生惊讶地看着这些款式，有些眼花缭乱。		untranslated			fa756536f403b41e720414a0f001160ce5802bce509e9d659fabc111f2a66587	707ba1c82dcdb9307ae9b809b15746a0585a5bda61f67b7ba74149f40b97fa8f
ch3_model_after	chapter3	第三章 · 过去与现在	S05		837	基生	dialogue	这一台……以后也请多指教。	ch3_236 | 旁白 | 基生惊讶地看着这些款式，有些眼花缭乱。	ch3_239 | 日日谷 | 恭喜你！拿到第一台智能手机！	この一台……これから、よろしく。	draft	AI 批量翻译初稿，需人工校对角色口吻与专名。		20ece8cd21310fc7aef71a1cd44cd75ddf5c73b4d76b2397c74ade0f548463c8	707ba1c82dcdb9307ae9b809b15746a0585a5bda61f67b7ba74149f40b97fa8f
ch3_239	chapter3	第三章 · 过去与现在	S05		838	日日谷	dialogue	恭喜你！拿到第一台智能手机！	ch3_model_after | 基生 | 这一台……以后也请多指教。	ch3_240 | 基生 | 好大……好不习惯……		untranslated			a1b6516ef9c6750dd82b322d134146969ee07099b2b8af032d41041306b54468	707ba1c82dcdb9307ae9b809b15746a0585a5bda61f67b7ba74149f40b97fa8f
ch3_240	chapter3	第三章 · 过去与现在	S05		839	基生	dialogue	好大……好不习惯……	ch3_239 | 日日谷 | 恭喜你！拿到第一台智能手机！	ch3_241 | 日日谷 | 你很快就会习惯的！而且一旦习惯了，可就再也离不开了哦——	大きい……慣れないな……	draft	AI 批量翻译初稿，需人工校对角色口吻与专名。		9e4c7e85840499ddc885c17c05ff4bcbcfaafa433c7c134e27d0f6b21ce56b72	707ba1c82dcdb9307ae9b809b15746a0585a5bda61f67b7ba74149f40b97fa8f
ch3_241	chapter3	第三章 · 过去与现在	S05		840	日日谷	dialogue	你很快就会习惯的！而且一旦习惯了，可就再也离不开了哦——	ch3_240 | 基生 | 好大……好不习惯……	ch3_242 | 基生 | 日日谷小姐，谢谢你各方面都这么照顾我。帮了我的大忙了。		untranslated			d496051525891d8bfa1698414fc48cc17716e7ae042f9a74cdd8564e81134abe	707ba1c82dcdb9307ae9b809b15746a0585a5bda61f67b7ba74149f40b97fa8f
ch3_242	chapter3	第三章 · 过去与现在	S05		841	基生	dialogue	日日谷小姐，谢谢你各方面都这么照顾我。帮了我的大忙了。	ch3_241 | 日日谷 | 你很快就会习惯的！而且一旦习惯了，可就再也离不开了哦——	ch3_243 | 旁白 | 日日谷小姐抿着嘴，惊讶地听着，然后连忙回应。	日日谷さん、いろいろとありがとうございます。本当に助かりました。	draft	AI 批量翻译初稿，需人工校对角色口吻与专名。		3eceee73accaa368479c72a3943164caeed1a2ec6264608fed1610d89d112c4f	707ba1c82dcdb9307ae9b809b15746a0585a5bda61f67b7ba74149f40b97fa8f
ch3_244	chapter3	第三章 · 过去与现在	S05		843	日日谷	dialogue	哪，哪里哪里！没有的事！我心里其实也盼着今天的到来呢……	ch3_243 | 旁白 | 日日谷小姐抿着嘴，惊讶地听着，然后连忙回应。	ch3_245 | 基生 | 嗯？		untranslated			5e8c74510019133ce853ce7f3b61224f6a8d39e6cb4fa28c7005198992434444	707ba1c82dcdb9307ae9b809b15746a0585a5bda61f67b7ba74149f40b97fa8f
ch3_245	chapter3	第三章 · 过去与现在	S05		844	基生	dialogue	嗯？	ch3_244 | 日日谷 | 哪，哪里哪里！没有的事！我心里其实也盼着今天的到来呢……	ch3_246 | 旁白 | 日日谷小姐听后有些慌张，支吾着。	ん？	draft	AI 批量翻译初稿，需人工校对角色口吻与专名。		c06b3d8a17467deb88df6b3a9cc0f5f4a50bcb8e69552f50b45e6526099edd13	707ba1c82dcdb9307ae9b809b15746a0585a5bda61f67b7ba74149f40b97fa8f
ch3_247	chapter3	第三章 · 过去与现在	S05		846	日日谷	dialogue	啊，不是！没什么！	ch3_246 | 旁白 | 日日谷小姐听后有些慌张，支吾着。	ch3_248 | 日日谷 | 对，对了，成田先生咱们加个好友吧！		untranslated			75ec389445281f0380c35351ce25577f020080e10c3c25828cd10df73cb31b05	707ba1c82dcdb9307ae9b809b15746a0585a5bda61f67b7ba74149f40b97fa8f
ch3_248	chapter3	第三章 · 过去与现在	S05		847	日日谷	dialogue	对，对了，成田先生咱们加个好友吧！	ch3_247 | 日日谷 | 啊，不是！没什么！	ch3_249 | 旁白 | 日日谷小姐在一旁指导基生操作。		untranslated			12c3735086bb5458306465d3cb6dd83c8297cb163ba2f1f42c0d0109fd164a01	707ba1c82dcdb9307ae9b809b15746a0585a5bda61f67b7ba74149f40b97fa8f
ch3_250	chapter3	第三章 · 过去与现在	S05		849	基生	dialogue	这样吗？	ch3_249 | 旁白 | 日日谷小姐在一旁指导基生操作。	ch3_251 | 日日谷 | 没错没错！	そうなんですか？	draft	AI 批量翻译初稿，需人工校对角色口吻与专名。		4db51b987291ba1ae560545846f9eee9b6f37ca158f70375420215015e6ad077	707ba1c82dcdb9307ae9b809b15746a0585a5bda61f67b7ba74149f40b97fa8f
ch3_251	chapter3	第三章 · 过去与现在	S05		850	日日谷	dialogue	没错没错！	ch3_250 | 基生 | 这样吗？	ch3_252 | 基生 | 哦——……好厉害……		untranslated			03086666b68f3026150aadac7cc8e1824cbb1dbedce114e487fad2af4f695e0f	707ba1c82dcdb9307ae9b809b15746a0585a5bda61f67b7ba74149f40b97fa8f
ch3_252	chapter3	第三章 · 过去与现在	S05		851	基生	dialogue	哦——……好厉害……	ch3_251 | 日日谷 | 没错没错！	ch3_253 | 基生 | 这样就加上了吗？	おお……すごい……	draft	AI 批量翻译初稿，需人工校对角色口吻与专名。		6b892153982663d23be699d1537b664c83de52ad6a6be083eca73e02ab163412	707ba1c82dcdb9307ae9b809b15746a0585a5bda61f67b7ba74149f40b97fa8f
ch3_253	chapter3	第三章 · 过去与现在	S05		852	基生	dialogue	这样就加上了吗？	ch3_252 | 基生 | 哦——……好厉害……	ch3_254 | 日日谷 | 是的。	これで追加できたんですか？	draft	AI 批量翻译初稿，需人工校对角色口吻与专名。		978222f28abc0b5c7d501313112e9ebe4a90453304055985d48263df4711380e	707ba1c82dcdb9307ae9b809b15746a0585a5bda61f67b7ba74149f40b97fa8f
ch3_254	chapter3	第三章 · 过去与现在	S05		853	日日谷	dialogue	是的。	ch3_253 | 基生 | 这样就加上了吗？	ch3_255 | 旁白 | 日日谷小姐露出开心的笑容。		untranslated			f720eddd040152fd9e07e9a0fd5d48648437eb87868aa447ee670b9e06af92f4	707ba1c82dcdb9307ae9b809b15746a0585a5bda61f67b7ba74149f40b97fa8f
ch3_256	chapter3	第三章 · 过去与现在	S05		855	日日谷	dialogue	太好了！	ch3_255 | 旁白 | 日日谷小姐露出开心的笑容。	ch3_257 | 日日谷 | 这样我就是成田先生加的第一个好友了！		untranslated			707e366acc114a17e563c772bc142aa7bf7b9717dd5904d2493ad0b7d4d13340	707ba1c82dcdb9307ae9b809b15746a0585a5bda61f67b7ba74149f40b97fa8f
ch3_257	chapter3	第三章 · 过去与现在	S05		856	日日谷	dialogue	这样我就是成田先生加的第一个好友了！	ch3_256 | 日日谷 | 太好了！	ch3_259 | 旁白 | 眼前浮现出那天在海边的“爱理”的笑容。		untranslated			5e473304f8e2a8ad4b478e6a1012c4c38f258dad30c541d8a8969b6373581681	707ba1c82dcdb9307ae9b809b15746a0585a5bda61f67b7ba74149f40b97fa8f
ch3_267	chapter3	第三章 · 过去与现在	S05		861	日日谷	dialogue	成田先生？你怎么了？	ch3_266 | 旁白 | 日日谷小姐察觉到基生的异常，叫他。	ch3_268 | 旁白 | 基生回过神来。		untranslated			f9b45530240993b9bbef26ab2ae8f7e2057f3289a0c8e2a1a65f517c7025e26f	707ba1c82dcdb9307ae9b809b15746a0585a5bda61f67b7ba74149f40b97fa8f
ch3_269	chapter3	第三章 · 过去与现在	S05		863	基生	dialogue	啊，抱歉……没什么……	ch3_268 | 旁白 | 基生回过神来。	ch3_270 | 日日谷 | ……没事，就好……	あ、すみません……何でもないです……	draft	AI 批量翻译初稿，需人工校对角色口吻与专名。		58c980890db9bf88945e223f2c42340b6e43b47bb072d220d05f8ca73d66384b	707ba1c82dcdb9307ae9b809b15746a0585a5bda61f67b7ba74149f40b97fa8f
ch3_270	chapter3	第三章 · 过去与现在	S05		864	日日谷	dialogue	……没事，就好……	ch3_269 | 基生 | 啊，抱歉……没什么……	ch3_271 | 基生 | 对了……真的不用保留号码吗？		untranslated			832362c98f4d6e67d4024dbf18fbc6dc9207367f68457cd0f205af4b591ecebe	707ba1c82dcdb9307ae9b809b15746a0585a5bda61f67b7ba74149f40b97fa8f
ch3_271	chapter3	第三章 · 过去与现在	S05		865	基生	dialogue	对了……真的不用保留号码吗？	ch3_270 | 日日谷 | ……没事，就好……	ch3_272 | 旁白 | 日日谷小姐想了想。	そうだ……本当に番号を残さなくていいんですか？	draft	AI 批量翻译初稿，需人工校对角色口吻与专名。		60ac51061b89181a2ab5151763f2b485648d4bf47f7104a1eba375e4d7920c9c	707ba1c82dcdb9307ae9b809b15746a0585a5bda61f67b7ba74149f40b97fa8f
ch3_273	chapter3	第三章 · 过去与现在	S05		867	日日谷	dialogue	成田先生之前说自己没有手机，但我回头仔细一想，你平时跟店长联络，不就是正常用手机的嘛……	ch3_272 | 旁白 | 日日谷小姐想了想。	ch3_274 | 日日谷 | 就算没有智能机，功能机应该还是有一个的吧？成田先生。		untranslated			49c575f8721d9031843c80e315004eae56f9c997278fc7b5512339e4c8dc6841	707ba1c82dcdb9307ae9b809b15746a0585a5bda61f67b7ba74149f40b97fa8f
ch3_274	chapter3	第三章 · 过去与现在	S05		868	日日谷	dialogue	就算没有智能机，功能机应该还是有一个的吧？成田先生。	ch3_273 | 日日谷 | 成田先生之前说自己没有手机，但我回头仔细一想，你平时跟店长联络，不就是正常用手机的嘛……	ch3_275 | 日日谷 | 如果想把联系人呀照片之类的数据都继承到新手机上，现在也是可以轻松做到的哦？时代每天都在进步呢！！		untranslated			cec01cb1aeba9d3cd639cbefd573b41572491e0b3f3b826c7a090d43c2243e3f	707ba1c82dcdb9307ae9b809b15746a0585a5bda61f67b7ba74149f40b97fa8f
ch3_275	chapter3	第三章 · 过去与现在	S05		869	日日谷	dialogue	如果想把联系人呀照片之类的数据都继承到新手机上，现在也是可以轻松做到的哦？时代每天都在进步呢！！	ch3_274 | 日日谷 | 就算没有智能机，功能机应该还是有一个的吧？成田先生。	ch3_276 | 基生 | ……不用了。已经用了 10 多年了……我本来就准备扔掉的。		untranslated			b8c3d309213dbf5ea301a642e474f0561aec5541f66bf3a27b668d5cb80ebb49	707ba1c82dcdb9307ae9b809b15746a0585a5bda61f67b7ba74149f40b97fa8f
ch3_276	chapter3	第三章 · 过去与现在	S05		870	基生	dialogue	……不用了。已经用了 10 多年了……我本来就准备扔掉的。	ch3_275 | 日日谷 | 如果想把联系人呀照片之类的数据都继承到新手机上，现在也是可以轻松做到的哦？时代每天都在进步呢！！	ch3_277 | 基生 | 而且，我没有任何想要继承的……想要保留下来的东西。	……いいんです。もう十年以上使いましたし……もともと捨てるつもりでした。	draft	AI 批量翻译初稿，需人工校对角色口吻与专名。		188089fe578d08680b8af130cca79fd75d8c1bc2756cdd3e05b6bba5b3f4f9b4	707ba1c82dcdb9307ae9b809b15746a0585a5bda61f67b7ba74149f40b97fa8f
ch3_277	chapter3	第三章 · 过去与现在	S05		871	基生	dialogue	而且，我没有任何想要继承的……想要保留下来的东西。	ch3_276 | 基生 | ……不用了。已经用了 10 多年了……我本来就准备扔掉的。	ch3_278 | 日日谷 | 诶……但是都用了 10 年，应该会留下很多照片吧……	それに、引き継ぎたいものも……残しておきたいものも、何もありません。	draft	AI 批量翻译初稿，需人工校对角色口吻与专名。		bf4b1aad5454d5ece8a60bde945794670d4612f70dfac1daf80e6ac06465c884	707ba1c82dcdb9307ae9b809b15746a0585a5bda61f67b7ba74149f40b97fa8f
ch3_278	chapter3	第三章 · 过去与现在	S05		872	日日谷	dialogue	诶……但是都用了 10 年，应该会留下很多照片吧……	ch3_277 | 基生 | 而且，我没有任何想要继承的……想要保留下来的东西。	ch3_279 | 基生 | 是……不过已经无所谓了。任它消失吧。统统消失。		untranslated			126a65303fc4756e1dc84b22911ea37d18d0750bdc770933c65ef20bf18ab0f8	707ba1c82dcdb9307ae9b809b15746a0585a5bda61f67b7ba74149f40b97fa8f
ch3_279	chapter3	第三章 · 过去与现在	S05		873	基生	dialogue	是……不过已经无所谓了。任它消失吧。统统消失。	ch3_278 | 日日谷 | 诶……但是都用了 10 年，应该会留下很多照片吧……	ch3_280 | 日日谷 | 也、也不用这么说吧……这些不都是珍贵的回忆吗……	はい……でも、もうどうでもいいんです。消えてしまえばいい。全部、消えてしまえば。	draft	AI 批量翻译初稿，需人工校对角色口吻与专名。		4716bb835020ad26aefe412d8809e434cc5053fd2634cf1dfecbe625295df461	707ba1c82dcdb9307ae9b809b15746a0585a5bda61f67b7ba74149f40b97fa8f
ch3_280	chapter3	第三章 · 过去与现在	S05		874	日日谷	dialogue	也、也不用这么说吧……这些不都是珍贵的回忆吗……	ch3_279 | 基生 | 是……不过已经无所谓了。任它消失吧。统统消失。	ch3_281 | 基生 | 空有回忆又怎么样……抓着过去不放也无济于事。没有任何好处。		untranslated			6f7e78c6ac8ad9cac462f5634e81effe16707912acfb3d0d181547f3ec53fb51	707ba1c82dcdb9307ae9b809b15746a0585a5bda61f67b7ba74149f40b97fa8f
ch3_281	chapter3	第三章 · 过去与现在	S05		875	基生	dialogue	空有回忆又怎么样……抓着过去不放也无济于事。没有任何好处。	ch3_280 | 日日谷 | 也、也不用这么说吧……这些不都是珍贵的回忆吗……	ch3_282 | 日日谷 | 但是……	思い出だけ残って、何になる……過去にしがみついても仕方ない。何の役にも立たない。	draft	AI 批量翻译初稿，需人工校对角色口吻与专名。		1dde1e5331d98bcb4787fc07936fcb6b9a023f61e65c453b521391e5d6fbbbc0	707ba1c82dcdb9307ae9b809b15746a0585a5bda61f67b7ba74149f40b97fa8f
ch3_282	chapter3	第三章 · 过去与现在	S05		876	日日谷	dialogue	但是……	ch3_281 | 基生 | 空有回忆又怎么样……抓着过去不放也无济于事。没有任何好处。	ch3_283 | 基生 | 我说不用了！		untranslated			0e4912404c57c238872f0d0d055661767591875741969624b49710c76ff3fd1d	707ba1c82dcdb9307ae9b809b15746a0585a5bda61f67b7ba74149f40b97fa8f
ch3_283	chapter3	第三章 · 过去与现在	S05		877	基生	dialogue	我说不用了！	ch3_282 | 日日谷 | 但是……	ch3_284 | 旁白 | 基生回过神来，突然意识到自己说了很多气话。	いらないって言ってるだろ！	draft	AI 批量翻译初稿，需人工校对角色口吻与专名。		f0ca817fe5a6c2800aff774a7c97a4fe52fe6e9b42bdd5fdc722c7f491c90f73	707ba1c82dcdb9307ae9b809b15746a0585a5bda61f67b7ba74149f40b97fa8f
ch3_285	chapter3	第三章 · 过去与现在	S05		879	基生	dialogue	啊……！对、对不起……	ch3_284 | 旁白 | 基生回过神来，突然意识到自己说了很多气话。	ch3_286 | 日日谷 | ……没事……我也是，不好意思……	あ……！ ご、ごめんなさい……	draft	AI 批量翻译初稿，需人工校对角色口吻与专名。		166a0f44b485a3601f2d74d57f7c72d1c8261a171a0fc5f89ec458e9332ae047	707ba1c82dcdb9307ae9b809b15746a0585a5bda61f67b7ba74149f40b97fa8f
ch3_286	chapter3	第三章 · 过去与现在	S05		880	日日谷	dialogue	……没事……我也是，不好意思……	ch3_285 | 基生 | 啊……！对、对不起……	ch3_287 | 日日谷 | ……只是，你真的这么想吗……？		untranslated			9058e6bc8c98a88b66db1655e17ab8d964e819744d3a645d8a49efbbf0594e5e	707ba1c82dcdb9307ae9b809b15746a0585a5bda61f67b7ba74149f40b97fa8f
ch3_287	chapter3	第三章 · 过去与现在	S05		881	日日谷	dialogue	……只是，你真的这么想吗……？	ch3_286 | 日日谷 | ……没事……我也是，不好意思……	ch3_288 | 日日谷 | 虽然我对成田先生的过去，对成田先生以前经历过什么，都一无所知……		untranslated			d9279ad1f51fb070d8636009828b441e8b6924ba63cd68c1a9e8b50a2c9aecf1	707ba1c82dcdb9307ae9b809b15746a0585a5bda61f67b7ba74149f40b97fa8f
ch3_288	chapter3	第三章 · 过去与现在	S05		882	日日谷	dialogue	虽然我对成田先生的过去，对成田先生以前经历过什么，都一无所知……	ch3_287 | 日日谷 | ……只是，你真的这么想吗……？	ch3_289 | 日日谷 | 但不正是因为有了过去，才有了我们的现在吗。		untranslated			9890bc231a2d9d878200eb3d0411be70e54b7a41048a6952ad6d6ac82c588568	707ba1c82dcdb9307ae9b809b15746a0585a5bda61f67b7ba74149f40b97fa8f
ch3_289	chapter3	第三章 · 过去与现在	S05		883	日日谷	dialogue	但不正是因为有了过去，才有了我们的现在吗。	ch3_288 | 日日谷 | 虽然我对成田先生的过去，对成田先生以前经历过什么，都一无所知……	ch3_290 | 日日谷 | 就算过去不总是美好的，就算过去不总是幸福的，这一切也不能当作从未发生过呀。		untranslated			73e341639a01f1cdd888c9f67d9a69fa047ab9b71f7286a557e08329dd93c794	707ba1c82dcdb9307ae9b809b15746a0585a5bda61f67b7ba74149f40b97fa8f
ch3_290	chapter3	第三章 · 过去与现在	S05		884	日日谷	dialogue	就算过去不总是美好的，就算过去不总是幸福的，这一切也不能当作从未发生过呀。	ch3_289 | 日日谷 | 但不正是因为有了过去，才有了我们的现在吗。	ch3_291 | 日日谷 | ……一年前，我第一次跟成田先生一起工作……那时我觉得你让人弄不清在想什么，是个很可怕的人。		untranslated			bba478713543ea80a01091960f316af1e170338f87154a760054bb9390c78461	707ba1c82dcdb9307ae9b809b15746a0585a5bda61f67b7ba74149f40b97fa8f
ch3_291	chapter3	第三章 · 过去与现在	S05		885	日日谷	dialogue	……一年前，我第一次跟成田先生一起工作……那时我觉得你让人弄不清在想什么，是个很可怕的人。	ch3_290 | 日日谷 | 就算过去不总是美好的，就算过去不总是幸福的，这一切也不能当作从未发生过呀。	ch3_292 | 日日谷 | 明明在工作中很正常，但偶尔……会露出一种仿佛随时都可以去死的表情，跟你搭话，你也一副魂不守舍的样子……		untranslated			e41aee0f485be2c661977132ba1758a6c85a223f25027f781ac8fb2b9379f6d2	707ba1c82dcdb9307ae9b809b15746a0585a5bda61f67b7ba74149f40b97fa8f
ch3_292	chapter3	第三章 · 过去与现在	S05		886	日日谷	dialogue	明明在工作中很正常，但偶尔……会露出一种仿佛随时都可以去死的表情，跟你搭话，你也一副魂不守舍的样子……	ch3_291 | 日日谷 | ……一年前，我第一次跟成田先生一起工作……那时我觉得你让人弄不清在想什么，是个很可怕的人。	ch3_293 | 日日谷 | 所以当我听说成田先生突然不干了的时候，我感到毫不意外。		untranslated			eb0f63b4ab53a8fee66bb3fefe34cf72ddec127451c75bb80944e83588594d0d	707ba1c82dcdb9307ae9b809b15746a0585a5bda61f67b7ba74149f40b97fa8f
ch3_293	chapter3	第三章 · 过去与现在	S05		887	日日谷	dialogue	所以当我听说成田先生突然不干了的时候，我感到毫不意外。	ch3_292 | 日日谷 | 明明在工作中很正常，但偶尔……会露出一种仿佛随时都可以去死的表情，跟你搭话，你也一副魂不守舍的样子……	ch3_294 | 日日谷 | 但是……		untranslated			db8a1a885e15bc820997d40308be762c2de5e81599c1d013874a2b633d12f837	707ba1c82dcdb9307ae9b809b15746a0585a5bda61f67b7ba74149f40b97fa8f
ch3_294	chapter3	第三章 · 过去与现在	S05		888	日日谷	dialogue	但是……	ch3_293 | 日日谷 | 所以当我听说成田先生突然不干了的时候，我感到毫不意外。	ch3_295 | 日日谷 | 成田先生又回来了，为之前一走了之、给很多人添了麻烦的事道了歉，还低头恳求给自己一个继续在这里工作的机会……		untranslated			0e4912404c57c238872f0d0d055661767591875741969624b49710c76ff3fd1d	707ba1c82dcdb9307ae9b809b15746a0585a5bda61f67b7ba74149f40b97fa8f
ch3_295	chapter3	第三章 · 过去与现在	S05		889	日日谷	dialogue	成田先生又回来了，为之前一走了之、给很多人添了麻烦的事道了歉，还低头恳求给自己一个继续在这里工作的机会……	ch3_294 | 日日谷 | 但是……	ch3_296 | 日日谷 | 我觉得这真的不是一件轻巧的事。当然，说走就走的确是不好的行为……		untranslated			2be5cb2730edb56dd84c9acee4db8fee29da97c95f65dc13e87aac00a2ae4801	707ba1c82dcdb9307ae9b809b15746a0585a5bda61f67b7ba74149f40b97fa8f
ch3_296	chapter3	第三章 · 过去与现在	S05		890	日日谷	dialogue	我觉得这真的不是一件轻巧的事。当然，说走就走的确是不好的行为……	ch3_295 | 日日谷 | 成田先生又回来了，为之前一走了之、给很多人添了麻烦的事道了歉，还低头恳求给自己一个继续在这里工作的机会……	ch3_297 | 日日谷 | 因为，就算不特地跑回来道歉，也大可以选择到其他地方若无其事地找份工作继续打工……		untranslated			91d133927a05f0b66fcaa3cab3d54292864092d7bce6cbbc993408228c712e9b	707ba1c82dcdb9307ae9b809b15746a0585a5bda61f67b7ba74149f40b97fa8f
ch3_297	chapter3	第三章 · 过去与现在	S05		891	日日谷	dialogue	因为，就算不特地跑回来道歉，也大可以选择到其他地方若无其事地找份工作继续打工……	ch3_296 | 日日谷 | 我觉得这真的不是一件轻巧的事。当然，说走就走的确是不好的行为……	ch3_298 | 日日谷 | 成田先生你，却没有那么做呢。		untranslated			bb1d26ac6f8d442541db6f7d1b3e26e50e29ce6b2d79212eea5366d5028172e6	707ba1c82dcdb9307ae9b809b15746a0585a5bda61f67b7ba74149f40b97fa8f
ch3_298	chapter3	第三章 · 过去与现在	S05		892	日日谷	dialogue	成田先生你，却没有那么做呢。	ch3_297 | 日日谷 | 因为，就算不特地跑回来道歉，也大可以选择到其他地方若无其事地找份工作继续打工……	ch3_299 | 日日谷 | 促使成田先生这么选择的……		untranslated			808235f320c5b54c1e4bd8c8fdc28c195e58f0c9c560b07101964cbfead4c58d	707ba1c82dcdb9307ae9b809b15746a0585a5bda61f67b7ba74149f40b97fa8f
ch3_299	chapter3	第三章 · 过去与现在	S05		893	日日谷	dialogue	促使成田先生这么选择的……	ch3_298 | 日日谷 | 成田先生你，却没有那么做呢。	ch3_300 | 日日谷 | 促使成田先生改变的重要缘由，难道不就在过去之中吗？		untranslated			77ad2b7c63ac060923745b1f6bc1a26bf40a4b3d1ea48d9fb46f10397c55db57	707ba1c82dcdb9307ae9b809b15746a0585a5bda61f67b7ba74149f40b97fa8f
ch3_300	chapter3	第三章 · 过去与现在	S05		894	日日谷	dialogue	促使成田先生改变的重要缘由，难道不就在过去之中吗？	ch3_299 | 日日谷 | 促使成田先生这么选择的……	ch3_301 | 旁白 | 基生听完，心中忽然又浮现出那个身影。		untranslated			d887c6c349d59ca58f19734b57637217f1639da886efaaa1b458db6913465469	707ba1c82dcdb9307ae9b809b15746a0585a5bda61f67b7ba74149f40b97fa8f
ch3_303	chapter3	第三章 · 过去与现在	S05		896	日日谷	dialogue	我觉得……现在的成田先生，非常地、有……有魅力……	ch3_301 | 旁白 | 基生听完，心中忽然又浮现出那个身影。	ch3_304 | 旁白 | 她说到这里，手指不自觉地攥紧胸前的衣服。		untranslated			ff76be5c1b2bf54a714295cd456bf332f5e810cd030494e12b50a38aa220d003	707ba1c82dcdb9307ae9b809b15746a0585a5bda61f67b7ba74149f40b97fa8f
ch3_305	chapter3	第三章 · 过去与现在	S05		898	日日谷	dialogue	就是这些珍贵的过去造就了现在的成田先生，所以……请不要说可以让它们消失也无所谓。	ch3_304 | 旁白 | 她说到这里，手指不自觉地攥紧胸前的衣服。	ch3_306 | 基生 | 日日谷小姐……		untranslated			16f586a8ee344c7dd6e9b112f3e83b235adac7614f0572b97c47abd31baf99e2	707ba1c82dcdb9307ae9b809b15746a0585a5bda61f67b7ba74149f40b97fa8f
ch3_306	chapter3	第三章 · 过去与现在	S05		899	基生	dialogue	日日谷小姐……	ch3_305 | 日日谷 | 就是这些珍贵的过去造就了现在的成田先生，所以……请不要说可以让它们消失也无所谓。	ch3_307 | 旁白 | 日日谷小姐回过神来，顿时慌张起来。	日日谷さん……	draft	AI 批量翻译初稿，需人工校对角色口吻与专名。		73677845d020feb2a7cbf0475f4d702e0e4618e596de9006ff499c2d7d5e07df	707ba1c82dcdb9307ae9b809b15746a0585a5bda61f67b7ba74149f40b97fa8f
ch3_308	chapter3	第三章 · 过去与现在	S05		901	日日谷	dialogue	啊！对、对不起！突然就说了这么多！我这人，在说些什么呢……！请全部忘掉吧！对不起，是我多嘴了……	ch3_307 | 旁白 | 日日谷小姐回过神来，顿时慌张起来。	ch3_309 | 基生 | 不，没关系。日日谷小姐说得没错。谢谢你。		untranslated			a5a923d24d108629bd953a1a32f8e7fffe1fef875c8a94f797b4c4f7eac7cb32	707ba1c82dcdb9307ae9b809b15746a0585a5bda61f67b7ba74149f40b97fa8f
ch3_309	chapter3	第三章 · 过去与现在	S05		902	基生	dialogue	不，没关系。日日谷小姐说得没错。谢谢你。	ch3_308 | 日日谷 | 啊！对、对不起！突然就说了这么多！我这人，在说些什么呢……！请全部忘掉吧！对不起，是我多嘴了……	ch3_310 | 日日谷 | 哪里……？	いえ、大丈夫です。日日谷さんの言うとおりです。ありがとうございます。	draft	AI 批量翻译初稿，需人工校对角色口吻与专名。		97218c07530301de679e448a963ae1b94bcc419504feb4de6b806164b1564e1e	707ba1c82dcdb9307ae9b809b15746a0585a5bda61f67b7ba74149f40b97fa8f
ch3_310	chapter3	第三章 · 过去与现在	S05		903	日日谷	dialogue	哪里……？	ch3_309 | 基生 | 不，没关系。日日谷小姐说得没错。谢谢你。	ch3_311 | 旁白 | 这时，集合时间已经到了。同伴们喊道——		untranslated			3f7dbbf7a6570bec8f50dead027a66fb48f59770e35f9248bfd2080865101be7	707ba1c82dcdb9307ae9b809b15746a0585a5bda61f67b7ba74149f40b97fa8f
ch3_312	chapter3	第三章 · 过去与现在	S05		905	同事们	dialogue	啊！日日谷——！成田先生——！	ch3_311 | 旁白 | 这时，集合时间已经到了。同伴们喊道——	ch3_313 | 旁白 | 日日谷小姐转头看向他们。		untranslated			86e29d0846b4db0678928b4540902aa6dc8578c720ce6277e6bf283d63619788	707ba1c82dcdb9307ae9b809b15746a0585a5bda61f67b7ba74149f40b97fa8f
ch3_314	chapter3	第三章 · 过去与现在	S05		907	日日谷	dialogue	哇，已经到集合时间了！你们先进去吧！我、我们走吧，成田先生！	ch3_313 | 旁白 | 日日谷小姐转头看向他们。	ch3_315 | 基生 | 我今天，还是不去了。		untranslated			283ead162c76ce6517d06235be9e7780dab4b191c38fe3829d293dd3820a68ea	707ba1c82dcdb9307ae9b809b15746a0585a5bda61f67b7ba74149f40b97fa8f
ch3_315	chapter3	第三章 · 过去与现在	S05		908	基生	dialogue	我今天，还是不去了。	ch3_314 | 日日谷 | 哇，已经到集合时间了！你们先进去吧！我、我们走吧，成田先生！	ch3_316 | 旁白 | 日日谷小姐惊讶地问。	今日は、やっぱり行くのをやめます。	draft	AI 批量翻译初稿，需人工校对角色口吻与专名。		5538cb88abbe2bb6d46cf80e40e3fb5dda8915f795409cbb5111daaa1e701915	707ba1c82dcdb9307ae9b809b15746a0585a5bda61f67b7ba74149f40b97fa8f
ch3_317	chapter3	第三章 · 过去与现在	S05		910	日日谷	dialogue	诶？	ch3_316 | 旁白 | 日日谷小姐惊讶地问。	ch3_318 | 基生 | ……手机里的数据，我想先迁到新手机来。趁着它们还没消失……毕竟是很珍贵的东西嘛。		untranslated			8dd0bcd4e980f97028df1f302faf1f9796d35ace1b5fb155c5ea3edd1b457745	707ba1c82dcdb9307ae9b809b15746a0585a5bda61f67b7ba74149f40b97fa8f
ch3_318	chapter3	第三章 · 过去与现在	S05		911	基生	dialogue	……手机里的数据，我想先迁到新手机来。趁着它们还没消失……毕竟是很珍贵的东西嘛。	ch3_317 | 日日谷 | 诶？	ch3_319 | 日日谷 | 成田先生……	……携帯のデータを、先に新しいほうへ移したいんです。消えてしまう前に……大切なものですから。	draft	AI 批量翻译初稿，需人工校对角色口吻与专名。		a2f01a5d4f2168e7a5f21aa1c824b5a4ce0226ee5c299a4f99178ebfb98a21c0	707ba1c82dcdb9307ae9b809b15746a0585a5bda61f67b7ba74149f40b97fa8f
ch3_319	chapter3	第三章 · 过去与现在	S05		912	日日谷	dialogue	成田先生……	ch3_318 | 基生 | ……手机里的数据，我想先迁到新手机来。趁着它们还没消失……毕竟是很珍贵的东西嘛。	ch3_320 | 基生 | 今天真的谢谢你了。不好意思，连点像样的谢礼都拿不出来。要不下次我请你——		untranslated			2a530e068d763cd316415b413d58eab4946ae1cf9ded115e5dcd36425186816a	707ba1c82dcdb9307ae9b809b15746a0585a5bda61f67b7ba74149f40b97fa8f
ch3_320	chapter3	第三章 · 过去与现在	S05		913	基生	dialogue	今天真的谢谢你了。不好意思，连点像样的谢礼都拿不出来。要不下次我请你——	ch3_319 | 日日谷 | 成田先生……	ch3_321 | 日日谷 | 哎，没有啦！	今日は本当にありがとうございました。ろくなお礼もできなくて、すみません。今度、僕が何か——	draft	AI 批量翻译初稿，需人工校对角色口吻与专名。		50f9a0005bf23300dab314b15a804d11c7646857543e55481ab3726144196502	707ba1c82dcdb9307ae9b809b15746a0585a5bda61f67b7ba74149f40b97fa8f
ch3_321	chapter3	第三章 · 过去与现在	S05		914	日日谷	dialogue	哎，没有啦！	ch3_320 | 基生 | 今天真的谢谢你了。不好意思，连点像样的谢礼都拿不出来。要不下次我请你——	ch3_322 | 日日谷 | 那……那个！		untranslated			bbc7446af795fabfb7503f721da2832cd6b10653366ea88a7cff466cf9bf555e	707ba1c82dcdb9307ae9b809b15746a0585a5bda61f67b7ba74149f40b97fa8f
ch3_322	chapter3	第三章 · 过去与现在	S05		915	日日谷	dialogue	那……那个！	ch3_321 | 日日谷 | 哎，没有啦！	ch3_323 | 日日谷 | 今天晚上 12 点，我可以打电话给成田先生吗！？		untranslated			344eb53ed12ba315835934e243783e7201cc188ac8c6da7781e28dc3bdb73b86	707ba1c82dcdb9307ae9b809b15746a0585a5bda61f67b7ba74149f40b97fa8f
ch3_323	chapter3	第三章 · 过去与现在	S05		916	日日谷	dialogue	今天晚上 12 点，我可以打电话给成田先生吗！？	ch3_322 | 日日谷 | 那……那个！	ch3_324 | 基生 | 诶……电话？为，为什么……？		untranslated			d0a40df743e843a6baf089544b6c7a874b08c7b5d919da5c205835054e494bd6	707ba1c82dcdb9307ae9b809b15746a0585a5bda61f67b7ba74149f40b97fa8f
ch3_324	chapter3	第三章 · 过去与现在	S05		917	基生	dialogue	诶……电话？为，为什么……？	ch3_323 | 日日谷 | 今天晚上 12 点，我可以打电话给成田先生吗！？	ch3_325 | 日日谷 | 就是，那个，作为职场前辈，我觉得自己必须要好好确认成田先生能不能正常使用手机，就是这样……！	え……電話？ ど、どうして……？	draft	AI 批量翻译初稿，需人工校对角色口吻与专名。		f6079b2bdb8294e4b561493a455703b20f9be7e7666aec70f3ded7ad40bf3e93	707ba1c82dcdb9307ae9b809b15746a0585a5bda61f67b7ba74149f40b97fa8f
ch3_325	chapter3	第三章 · 过去与现在	S05		918	日日谷	dialogue	就是，那个，作为职场前辈，我觉得自己必须要好好确认成田先生能不能正常使用手机，就是这样……！	ch3_324 | 基生 | 诶……电话？为，为什么……？	ch3_326 | 基生 | 哈哈……那好吧。		untranslated			7b1c3d36635aa66dd714d14adea35a851ec50b4cc48143f86ea2995d7824b26d	707ba1c82dcdb9307ae9b809b15746a0585a5bda61f67b7ba74149f40b97fa8f
ch3_326	chapter3	第三章 · 过去与现在	S05		919	基生	dialogue	哈哈……那好吧。	ch3_325 | 日日谷 | 就是，那个，作为职场前辈，我觉得自己必须要好好确认成田先生能不能正常使用手机，就是这样……！	ch3_327 | 日日谷 | 一定要接哦！千万不许睡着啊！	はは……分かりました。	draft	AI 批量翻译初稿，需人工校对角色口吻与专名。		0f891ad1ce7ec3004d2bd4c5825fc4103095063ad90b8100351d18e136e08ea7	707ba1c82dcdb9307ae9b809b15746a0585a5bda61f67b7ba74149f40b97fa8f
ch3_327	chapter3	第三章 · 过去与现在	S05		920	日日谷	dialogue	一定要接哦！千万不许睡着啊！	ch3_326 | 基生 | 哈哈……那好吧。	ch3_328 | 基生 | 嗯，我会醒着的。		untranslated			13b49cd97316296893ee96f1ba09aac9892b086a6b11e3420cdd9d002f138ccc	707ba1c82dcdb9307ae9b809b15746a0585a5bda61f67b7ba74149f40b97fa8f
ch3_328	chapter3	第三章 · 过去与现在	S05		921	基生	dialogue	嗯，我会醒着的。	ch3_327 | 日日谷 | 一定要接哦！千万不许睡着啊！	ch3_329 | 基生 | ……那我走了，替我向大家问个好。	はい、起きてます。	draft	AI 批量翻译初稿，需人工校对角色口吻与专名。		c4b614522558404242234d59da1a051549f6bcf6eb1c41b79f85e604ef6577b4	707ba1c82dcdb9307ae9b809b15746a0585a5bda61f67b7ba74149f40b97fa8f
ch3_329	chapter3	第三章 · 过去与现在	S05		922	基生	dialogue	……那我走了，替我向大家问个好。	ch3_328 | 基生 | 嗯，我会醒着的。	ch3_s06 | 旁白 | 黑屏 —— 消失的数据与屏幕里的“爱理”	……じゃあ、失礼します。皆さんによろしく伝えてください。	draft	AI 批量翻译初稿，需人工校对角色口吻与专名。		3a20f475a2bf6a209c0e95acb4d796865597a1e1b73838c159031148e8a74bf6	707ba1c82dcdb9307ae9b809b15746a0585a5bda61f67b7ba74149f40b97fa8f
ch3_342	chapter3	第三章 · 过去与现在	S06		929	基生	dialogue	已经这个点了……	ch3_336 | 记忆里日日谷的声音 | ”请不要说可以任它们消失也无所谓。“	ch3_343 | 基生 | 在日日谷小姐打电话过来之前，先把数据转到这边来吧。	もうこんな時間か……	draft	AI 批量翻译初稿，需人工校对角色口吻与专名。		4bf181576b2bcf4576acb94190abdeadf844796a77c2d92ba2b06bbb727bf64d	707ba1c82dcdb9307ae9b809b15746a0585a5bda61f67b7ba74149f40b97fa8f
ch3_343	chapter3	第三章 · 过去与现在	S06		930	基生	dialogue	在日日谷小姐打电话过来之前，先把数据转到这边来吧。	ch3_342 | 基生 | 已经这个点了……	ch3_344 | 基生 | 电也充上好了。	日日谷さんから電話が来る前に、データをこっちへ移しておこう。	draft	AI 批量翻译初稿，需人工校对角色口吻与专名。		795dab77525188ee6e44c5d18a44941b6db30c928d57ad45a31afc7c5c4425c0	707ba1c82dcdb9307ae9b809b15746a0585a5bda61f67b7ba74149f40b97fa8f
ch3_344	chapter3	第三章 · 过去与现在	S06		931	基生	dialogue	电也充上好了。	ch3_343 | 基生 | 在日日谷小姐打电话过来之前，先把数据转到这边来吧。	ch3_345 | 旁白 | 他拿起旧手机，等待日日谷小姐的来电，同时又忍不住怀疑——	充電もしておかないと。	draft	AI 批量翻译初稿，需人工校对角色口吻与专名。		c296d1e378890efeba9185ca9e088d24f489193265386cc9667c52efd8024f36	707ba1c82dcdb9307ae9b809b15746a0585a5bda61f67b7ba74149f40b97fa8f
ch3_347	chapter3	第三章 · 过去与现在	S06		933	基生	dialogue	说不定只是开了个小玩笑呢……	ch3_345 | 旁白 | 他拿起旧手机，等待日日谷小姐的来电，同时又忍不住怀疑——	ch3_348 | 基生 | 说到底，为什么会想跟我打电话啊……	ちょっとからかっただけかもしれない……	draft	AI 批量翻译初稿，需人工校对角色口吻与专名。		00c99c47810dea7dcc7d5054d3a3045e3ba574acf2e08ee5544064ac6b2bb4fe	707ba1c82dcdb9307ae9b809b15746a0585a5bda61f67b7ba74149f40b97fa8f
ch3_348	chapter3	第三章 · 过去与现在	S06		934	基生	dialogue	说到底，为什么会想跟我打电话啊……	ch3_347 | 基生 | 说不定只是开了个小玩笑呢……	ch3_349 | 旁白 | 旧手机始终没有反应。基生连续按下按键，伴随着“按下……按下……”的拟声，屏幕却无法打开。	そもそも、どうして僕と電話したいんだ……	draft	AI 批量翻译初稿，需人工校对角色口吻与专名。		879a6f9cc0edb7444bbf85b700cfd5865a6d46ce01ab720be34a331866dad06c	707ba1c82dcdb9307ae9b809b15746a0585a5bda61f67b7ba74149f40b97fa8f
ch3_350	chapter3	第三章 · 过去与现在	S06		936	基生	dialogue	……嗯？	ch3_349 | 旁白 | 旧手机始终没有反应。基生连续按下按键，伴随着“按下……按下……”的拟声，屏幕却无法打开。	ch3_351 | 基生 | 诶？	……ん？	draft	AI 批量翻译初稿，需人工校对角色口吻与专名。		c51d969d6a9a3dedc8e2608dd615769b41b68ca3084fa0b0215ee54c2425e918	707ba1c82dcdb9307ae9b809b15746a0585a5bda61f67b7ba74149f40b97fa8f
ch3_351	chapter3	第三章 · 过去与现在	S06		937	基生	dialogue	诶？	ch3_350 | 基生 | ……嗯？	ch3_352 | 基生 | 打不开……？为什么？	え？	draft	AI 批量翻译初稿，需人工校对角色口吻与专名。		28c3640f2de9180760614a45c9bbc98cc3bb731c99742d933cdc8271c088a910	707ba1c82dcdb9307ae9b809b15746a0585a5bda61f67b7ba74149f40b97fa8f
ch3_352	chapter3	第三章 · 过去与现在	S06		938	基生	dialogue	打不开……？为什么？	ch3_351 | 基生 | 诶？	ch3_353 | 旁白 | 电量明明已经充好，昨天也还能正常使用。旧手机的屏幕漆黑一片，基生额头冒出冷汗。	開かない……？ どうして？	draft	AI 批量翻译初稿，需人工校对角色口吻与专名。		d2fc0406aecab24af7c58f7e71cf364c7f88104613c2ace8af13befaa394eea5	707ba1c82dcdb9307ae9b809b15746a0585a5bda61f67b7ba74149f40b97fa8f
ch3_354	chapter3	第三章 · 过去与现在	S06		940	基生	dialogue	怎么突然就……	ch3_353 | 旁白 | 电量明明已经充好，昨天也还能正常使用。旧手机的屏幕漆黑一片，基生额头冒出冷汗。	ch3_355 | 基生 | 不会是，坏了吧……！	どうして急に……	draft	AI 批量翻译初稿，需人工校对角色口吻与专名。		4665a7e01c5ff3f56ccce5a170a57648be3bfdece9fe062568aa9d64b5b8e48a	707ba1c82dcdb9307ae9b809b15746a0585a5bda61f67b7ba74149f40b97fa8f
ch3_355	chapter3	第三章 · 过去与现在	S06		941	基生	dialogue	不会是，坏了吧……！	ch3_354 | 基生 | 怎么突然就……	ch3_356 | 基生 | 不是……骗人的吧……？	まさか、壊れたのか……！	draft	AI 批量翻译初稿，需人工校对角色口吻与专名。		24c279aa105d431f970ad31c27c7ee43a4aa9a0e287cedeb5bef38a8ee23fe2f	707ba1c82dcdb9307ae9b809b15746a0585a5bda61f67b7ba74149f40b97fa8f
ch3_356	chapter3	第三章 · 过去与现在	S06		942	基生	dialogue	不是……骗人的吧……？	ch3_355 | 基生 | 不会是，坏了吧……！	ch3_357 | 基生 | 消失……了吗……？	嘘……だろ……？	draft	AI 批量翻译初稿，需人工校对角色口吻与专名。		f2ef6e7f0fb664adcdc8ab4d41ab47cf5eb24ea11e744b541526dd7022470ebd	707ba1c82dcdb9307ae9b809b15746a0585a5bda61f67b7ba74149f40b97fa8f
ch3_357	chapter3	第三章 · 过去与现在	S06		943	基生	dialogue	消失……了吗……？	ch3_356 | 基生 | 不是……骗人的吧……？	ch3_358 | 基生 | 全部……	消えた……のか……？	draft	AI 批量翻译初稿，需人工校对角色口吻与专名。		d410edc90fb35fe4d347d0c1b6faa6a8cb77dc750a43f54a4fcb78675423fe86	707ba1c82dcdb9307ae9b809b15746a0585a5bda61f67b7ba74149f40b97fa8f
ch3_358	chapter3	第三章 · 过去与现在	S06		944	基生	dialogue	全部……	ch3_357 | 基生 | 消失……了吗……？	ch3_360 | 基生 | 怎么能有……这种事情……	全部……	draft	AI 批量翻译初稿，需人工校对角色口吻与专名。		050ac35b3db10121c3603001ae195c28e69cc99e7b6981c77849049c113df791	707ba1c82dcdb9307ae9b809b15746a0585a5bda61f67b7ba74149f40b97fa8f
ch3_360	chapter3	第三章 · 过去与现在	S06		945	基生	dialogue	怎么能有……这种事情……	ch3_358 | 基生 | 全部……	ch3_361 | 旁白 | 基生低声喊出那个名字。	そんな……そんなことって……	draft	AI 批量翻译初稿，需人工校对角色口吻与专名。		f18cb8dfefa50bf446a028d364f64bf2cf7b1d048ee769368c452f2122bcdb69	707ba1c82dcdb9307ae9b809b15746a0585a5bda61f67b7ba74149f40b97fa8f
ch3_362	chapter3	第三章 · 过去与现在	S06		947	基生	dialogue	爱理……	ch3_361 | 旁白 | 基生低声喊出那个名字。	ch3_363 | ？ | ……生	愛理……	draft	AI 批量翻译初稿，需人工校对角色口吻与专名。		177c72bf2d1fae450041629c2740d6ce0e3f103ba8b5ecb00f407ce4754f23dd	707ba1c82dcdb9307ae9b809b15746a0585a5bda61f67b7ba74149f40b97fa8f
ch3_363	chapter3	第三章 · 过去与现在	S06		948	？	dialogue	……生	ch3_362 | 基生 | 爱理……	ch3_364 | ？ | 基生……		untranslated			e91d495ed2847573fc3298a7280e8b9ffa990ae63b2cab6bb1255fb1a0c162e1	707ba1c82dcdb9307ae9b809b15746a0585a5bda61f67b7ba74149f40b97fa8f
ch3_364	chapter3	第三章 · 过去与现在	S06		949	？	dialogue	基生……	ch3_363 | ？ | ……生	ch3_365 | 基生 | 爱理！！		untranslated			86eccb29a05af5345d4bad6ace0ecc165a86eba85536201dde50f947c7916444	707ba1c82dcdb9307ae9b809b15746a0585a5bda61f67b7ba74149f40b97fa8f
ch3_365	chapter3	第三章 · 过去与现在	S06		950	基生	dialogue	爱理！！	ch3_364 | ？ | 基生……	ch3_366 | 基生 | 爱……	愛理！！	draft	AI 批量翻译初稿，需人工校对角色口吻与专名。		dd01bfbdcc9dad18dac50f388c4a85b192e44ed42246233b2f85d502fcb7f0e2	707ba1c82dcdb9307ae9b809b15746a0585a5bda61f67b7ba74149f40b97fa8f
ch3_366	chapter3	第三章 · 过去与现在	S06		951	基生	dialogue	爱……	ch3_365 | 基生 | 爱理！！	ch3_370 | 基生 | 爱理……她在哭泣……	あい……	draft	AI 批量翻译初稿，需人工校对角色口吻与专名。		6caadb3748c2355ba778b190c6bb0cbb0a0d5669c4f714fe37794f205c797bf2	707ba1c82dcdb9307ae9b809b15746a0585a5bda61f67b7ba74149f40b97fa8f
ch3_370	chapter3	第三章 · 过去与现在	S06		952	基生	dialogue	爱理……她在哭泣……	ch3_366 | 基生 | 爱……	ch3_371 | 基生 | 她在呼唤我……	愛理が……泣いてる……	draft	AI 批量翻译初稿，需人工校对角色口吻与专名。		62bdcedd1b30b2a92b3ec599c53efbb2fea6c1948563d15311f4759895e9e90c	707ba1c82dcdb9307ae9b809b15746a0585a5bda61f67b7ba74149f40b97fa8f
ch3_371	chapter3	第三章 · 过去与现在	S06		953	基生	dialogue	她在呼唤我……	ch3_370 | 基生 | 爱理……她在哭泣……	ch3_372 | 基生 | 我……	僕を呼んでる……	draft	AI 批量翻译初稿，需人工校对角色口吻与专名。		7ae632a4e5c02670faacc9b01a2fa02ce64382321f05960f1f2c67e14084fb48	707ba1c82dcdb9307ae9b809b15746a0585a5bda61f67b7ba74149f40b97fa8f
ch3_372	chapter3	第三章 · 过去与现在	S06		954	基生	dialogue	我……	ch3_371 | 基生 | 她在呼唤我……	ch3_373 | 基生 | 我得去见她……	僕は……	draft	AI 批量翻译初稿，需人工校对角色口吻与专名。		0fa8de24ea002484205f58fb660a8c9eea878e8d2af33a69fab1ab082d83de76	707ba1c82dcdb9307ae9b809b15746a0585a5bda61f67b7ba74149f40b97fa8f
ch3_373	chapter3	第三章 · 过去与现在	S06		955	基生	dialogue	我得去见她……	ch3_372 | 基生 | 我……	ch3_374 | 旁白 | 就在这时，新手机响起 LIME 消息提示。	会いに行かないと……	draft	AI 批量翻译初稿，需人工校对角色口吻与专名。		7d59fa8858bc3a3258df3e651e96007efd8d573a456e1a2f38be59e90e2f9b1e	707ba1c82dcdb9307ae9b809b15746a0585a5bda61f67b7ba74149f40b97fa8f
ch3_375	chapter3	第三章 · 过去与现在	S06		957	日日谷 陽	dialogue	成田先生，还醒着吗？我现在可以打电话给你吗？	ch3_374 | 旁白 | 就在这时，新手机响起 LIME 消息提示。	ch3_376 | 基生 | 日日谷小姐……		untranslated			75dd4d40638cb50f5336cc919d1819318ec2f37ca17a3f9c16a3ccc091946752	707ba1c82dcdb9307ae9b809b15746a0585a5bda61f67b7ba74149f40b97fa8f
ch3_376	chapter3	第三章 · 过去与现在	S06		958	基生	dialogue	日日谷小姐……	ch3_375 | 日日谷 陽 | 成田先生，还醒着吗？我现在可以打电话给你吗？	ch3_382 | 旁白 | 基生伸出手，捡起掉在地上的智能机。	日日谷さん……	draft	AI 批量翻译初稿，需人工校对角色口吻与专名。		2443ac672c31d50a5b34eda0ba514f0ea47e412e6a943dff080675f11a9de5c9	707ba1c82dcdb9307ae9b809b15746a0585a5bda61f67b7ba74149f40b97fa8f
ch3_395	chapter3	第三章 · 过去与现在	S07A		963	基生	dialogue	哈啊……哈啊……哈啊……哈啊……	ch3_s07a | 旁白 | 夜海 —— “我是被人制造出来的‘ILY 病毒’”	ch3_396 | 旁白 | 基生拿着没有反应的翻盖手机，在夜晚向着那个熟悉的海边跑去。	はあ……はあ……はあ……はあ……	draft	AI 批量翻译初稿，需人工校对角色口吻与专名。		b4cbf81fbda9764357364df092053a3e0083d60a348eaae73fd0f0b4013b1f1d	707ba1c82dcdb9307ae9b809b15746a0585a5bda61f67b7ba74149f40b97fa8f
ch3_397	chapter3	第三章 · 过去与现在	S07A		965	基生	dialogue	哈啊……哈啊……	ch3_396 | 旁白 | 基生拿着没有反应的翻盖手机，在夜晚向着那个熟悉的海边跑去。	ch3_398 | 旁白 | 终于，他来到了这里。就像一个月前独自一人看到“爱理”的来信而来那样，此刻他也一人独自看向海边。	はあ……はあ……	draft	AI 批量翻译初稿，需人工校对角色口吻与专名。		2cff5322acbb66c74c9d827cbcaa40e16dd805b769a9fc67b4d19c324e905efd	707ba1c82dcdb9307ae9b809b15746a0585a5bda61f67b7ba74149f40b97fa8f
ch3_404	chapter3	第三章 · 过去与现在	S07A		971	基生	dialogue	爱理……	ch3_402 | 旁白 | 海边。	ch3_405 | 旁白 | 爱理不在这里。她也不可能会在这里。	愛理……	draft	AI 批量翻译初稿，需人工校对角色口吻与专名。		aca1bdb4550feee709651e94e1826e13026ba9f25edf2ae75d2e1f64b52ab70e	707ba1c82dcdb9307ae9b809b15746a0585a5bda61f67b7ba74149f40b97fa8f
ch3_407	chapter3	第三章 · 过去与现在	S07A		974	基生	dialogue	爱理，听我说……	ch3_406 | 旁白 | 即使我很清楚这样的事实，但在我的头脑之中，却不断地浮现着爱理寂寞的背影。	ch3_408 | 基生 | 我无论怎样说服自己，都没有办法把你和我一起生活的日子，仅仅当成是我脑中的妄想。	愛理、聞いてくれ……	draft	AI 批量翻译初稿，需人工校对角色口吻与专名。		209a90755a703692ffe653d732ae6fca1f864e17a3a28d5f38ae1bc0a0783b8a	707ba1c82dcdb9307ae9b809b15746a0585a5bda61f67b7ba74149f40b97fa8f
ch3_408	chapter3	第三章 · 过去与现在	S07A		975	基生	dialogue	我无论怎样说服自己，都没有办法把你和我一起生活的日子，仅仅当成是我脑中的妄想。	ch3_407 | 基生 | 爱理，听我说……	ch3_409 | 基生 | 我在这里与你相遇、一起在家和你看电影、假日和你一起去水族馆、还有一起去江之岛约会……	どれだけ自分に言い聞かせても、君と一緒に暮らした日々を、ただの僕の妄想だったなんて思えない。	draft	AI 批量翻译初稿，需人工校对角色口吻与专名。		9d9bafafdfd36997bb3601e92b11c33c9dbb8d1f78c4a3562390b5cd3e93a827	707ba1c82dcdb9307ae9b809b15746a0585a5bda61f67b7ba74149f40b97fa8f
ch3_409	chapter3	第三章 · 过去与现在	S07A		976	基生	dialogue	我在这里与你相遇、一起在家和你看电影、假日和你一起去水族馆、还有一起去江之岛约会……	ch3_408 | 基生 | 我无论怎样说服自己，都没有办法把你和我一起生活的日子，仅仅当成是我脑中的妄想。	ch3_410 | 基生 | 我怎么样也不相信，这些全都是我的妄想……	ここで君と出会って、家で一緒に映画を見て、休みの日には水族館へ行って、江ノ島でデートもした……	draft	AI 批量翻译初稿，需人工校对角色口吻与专名。		35ad333fd09ba7d1c5d3afa7e18e15aa17010a4f00600e05a0e4594b4cce4813	707ba1c82dcdb9307ae9b809b15746a0585a5bda61f67b7ba74149f40b97fa8f
ch3_410	chapter3	第三章 · 过去与现在	S07A		977	基生	dialogue	我怎么样也不相信，这些全都是我的妄想……	ch3_409 | 基生 | 我在这里与你相遇、一起在家和你看电影、假日和你一起去水族馆、还有一起去江之岛约会……	ch3_411 | 基生 | 因为在我的心里，你的样子是那么的真实。	それが全部僕の妄想だったなんて、どうしても信じられない……	draft	AI 批量翻译初稿，需人工校对角色口吻与专名。		fcebd5e0fd82ff16c959f51120ed9034debdc229e4d594e8f0d81b4d166564af	707ba1c82dcdb9307ae9b809b15746a0585a5bda61f67b7ba74149f40b97fa8f
ch3_411	chapter3	第三章 · 过去与现在	S07A		978	基生	dialogue	因为在我的心里，你的样子是那么的真实。	ch3_410 | 基生 | 我怎么样也不相信，这些全都是我的妄想……	ch3_412 | 基生 | 爱理，你为什么会以十年前的样子，出现在我的面前……	僕の心の中では、君の姿があまりにも確かだったから。	draft	AI 批量翻译初稿，需人工校对角色口吻与专名。		3b9a23d424cbb25856a254379269ad489be64bcaf51b39551b8905bb6a3d7380	707ba1c82dcdb9307ae9b809b15746a0585a5bda61f67b7ba74149f40b97fa8f
ch3_412	chapter3	第三章 · 过去与现在	S07A		979	基生	dialogue	爱理，你为什么会以十年前的样子，出现在我的面前……	ch3_411 | 基生 | 因为在我的心里，你的样子是那么的真实。	ch3_413 | 基生 | 这到底是为什么……又是怎么做到的……虽然还有很多这类令我疑虑的问题……	愛理、どうして君は十年前の姿で、僕の前に現れたんだ……	draft	AI 批量翻译初稿，需人工校对角色口吻与专名。		e5567cacc285cbedec4829a014a9e0672f280c31a53ed9d1e193775a6b641712	707ba1c82dcdb9307ae9b809b15746a0585a5bda61f67b7ba74149f40b97fa8f
ch3_413	chapter3	第三章 · 过去与现在	S07A		980	基生	dialogue	这到底是为什么……又是怎么做到的……虽然还有很多这类令我疑虑的问题……	ch3_412 | 基生 | 爱理，你为什么会以十年前的样子，出现在我的面前……	ch3_414 | 基生 | ……但即便如此……	いったいなぜなのか……どうやってそんなことができたのか……まだ分からないことは、たくさんあるけど……	draft	AI 批量翻译初稿，需人工校对角色口吻与专名。		7466a8537dfd05c49415a6a688c0ca44a47a207e46d3d6cbaf3bf6f8c96018d0	707ba1c82dcdb9307ae9b809b15746a0585a5bda61f67b7ba74149f40b97fa8f
ch3_414	chapter3	第三章 · 过去与现在	S07A		981	基生	dialogue	……但即便如此……	ch3_413 | 基生 | 这到底是为什么……又是怎么做到的……虽然还有很多这类令我疑虑的问题……	ch3_415 | 基生 | 我还想再见你一面啊。	……それでも……	draft	AI 批量翻译初稿，需人工校对角色口吻与专名。		c3d6e0b8a3712f73e5bb88a0134a84a98d96832c3f8da206bf6f72a7ced7aaf4	707ba1c82dcdb9307ae9b809b15746a0585a5bda61f67b7ba74149f40b97fa8f
ch3_415	chapter3	第三章 · 过去与现在	S07A		982	基生	dialogue	我还想再见你一面啊。	ch3_414 | 基生 | ……但即便如此……	ch3_416 | 基生 | 那一天，把我从那间阴暗的房间中带出来的……	もう一度、君に会いたいんだ。	draft	AI 批量翻译初稿，需人工校对角色口吻与专名。		adf5706b8cdfc52eff57a4f0ae758ae5af28880f9d2286d2696214939d3a59ab	707ba1c82dcdb9307ae9b809b15746a0585a5bda61f67b7ba74149f40b97fa8f
ch3_416	chapter3	第三章 · 过去与现在	S07A		983	基生	dialogue	那一天，把我从那间阴暗的房间中带出来的……	ch3_415 | 基生 | 我还想再见你一面啊。	ch3_417 | 基生 | 爱理，你。	あの日、あの暗い部屋から僕を連れ出してくれた……	draft	AI 批量翻译初稿，需人工校对角色口吻与专名。		031a3e3fb76ebb41e3f83f24852df0fba2c9d787b1399e677b4e838179873da4	707ba1c82dcdb9307ae9b809b15746a0585a5bda61f67b7ba74149f40b97fa8f
ch3_417	chapter3	第三章 · 过去与现在	S07A		984	基生	dialogue	爱理，你。	ch3_416 | 基生 | 那一天，把我从那间阴暗的房间中带出来的……	ch3_418 | 基生 | ……	愛理、君に。	draft	AI 批量翻译初稿，需人工校对角色口吻与专名。		fb52dabbac74abc9f6c00b04ee83e783ed57f776e5710762790d3916315ddbff	707ba1c82dcdb9307ae9b809b15746a0585a5bda61f67b7ba74149f40b97fa8f
ch3_418	chapter3	第三章 · 过去与现在	S07A		985	基生	dialogue	……	ch3_417 | 基生 | 爱理，你。	ch3_419 | 基生 | ……	……	draft	AI 批量翻译初稿，需人工校对角色口吻与专名。		f5e08788329d59784a53c971a42244d964cbcf06796034e095eed4c90ca57d49	707ba1c82dcdb9307ae9b809b15746a0585a5bda61f67b7ba74149f40b97fa8f
ch3_419	chapter3	第三章 · 过去与现在	S07A		986	基生	dialogue	……	ch3_418 | 基生 | ……	ch3_420 | 基生 | ……	……	draft	AI 批量翻译初稿，需人工校对角色口吻与专名。		f5e08788329d59784a53c971a42244d964cbcf06796034e095eed4c90ca57d49	707ba1c82dcdb9307ae9b809b15746a0585a5bda61f67b7ba74149f40b97fa8f
ch3_420	chapter3	第三章 · 过去与现在	S07A		987	基生	dialogue	……	ch3_419 | 基生 | ……	ch3_421 | 旁白 | 回应他呐喊的，只有一遍又一遍海浪的轰鸣。	……	draft	AI 批量翻译初稿，需人工校对角色口吻与专名。		f5e08788329d59784a53c971a42244d964cbcf06796034e095eed4c90ca57d49	707ba1c82dcdb9307ae9b809b15746a0585a5bda61f67b7ba74149f40b97fa8f
ch3_423	chapter3	第三章 · 过去与现在	S07A		990	基生	dialogue	是啊……怎么可能……	ch3_422 | 旁白 | 基生低下头，自嘲着。	ch3_424 | 旁白 | 接着，他便转身，准备离开。	そうだ……そんなはず、ない……	draft	AI 批量翻译初稿，需人工校对角色口吻与专名。		2b0a587ccbdec81ca0ec580e11cffc42abfb73ec57804c51190633b7c7a84661	707ba1c82dcdb9307ae9b809b15746a0585a5bda61f67b7ba74149f40b97fa8f
ch3_425	chapter3	第三章 · 过去与现在	S07A		992	“爱理”	dialogue	基生。	ch3_424 | 旁白 | 接着，他便转身，准备离开。	ch3_426 | 基生 | 爱……！！	基生。	draft	AI 批量翻译初稿，需人工校对角色口吻与专名。		f102b47acfa45654456d6649c0bff9aab39894ad0b62d196955b7b72926d2744	707ba1c82dcdb9307ae9b809b15746a0585a5bda61f67b7ba74149f40b97fa8f
ch3_426	chapter3	第三章 · 过去与现在	S07A		993	基生	dialogue	爱……！！	ch3_425 | “爱理” | 基生。	ch3_427 | “爱理” | 求求你，	あい……！！	draft	AI 批量翻译初稿，需人工校对角色口吻与专名。		897a61ec63aa8c450018edcb3e96a2fccfc217a4c3a327fb4e912380cec3635f	707ba1c82dcdb9307ae9b809b15746a0585a5bda61f67b7ba74149f40b97fa8f
ch3_427	chapter3	第三章 · 过去与现在	S07A		994	“爱理”	dialogue	求求你，	ch3_426 | 基生 | 爱……！！	ch3_428 | “爱理” | 不要看这边，	お願い、	draft	AI 批量翻译初稿，需人工校对角色口吻与专名。		4117bb085ba5e4609ff36f87ee25f4d67ebf1ffc1de3a7149500a2f2383937a7	707ba1c82dcdb9307ae9b809b15746a0585a5bda61f67b7ba74149f40b97fa8f
ch3_428	chapter3	第三章 · 过去与现在	S07A		995	“爱理”	dialogue	不要看这边，	ch3_427 | “爱理” | 求求你，	ch3_429 | “爱理” | 我不想让你看到，我这副样子……	こっちを見ないで。	draft	AI 批量翻译初稿，需人工校对角色口吻与专名。		d970cd1f095e96568c34a641f4c8a934cb294f572697144b002d8d8b47a93049	707ba1c82dcdb9307ae9b809b15746a0585a5bda61f67b7ba74149f40b97fa8f
ch3_429	chapter3	第三章 · 过去与现在	S07A		996	“爱理”	dialogue	我不想让你看到，我这副样子……	ch3_428 | “爱理” | 不要看这边，	ch3_435 | “爱理” | ……其实我……	こんな姿、見られたくない……	draft	AI 批量翻译初稿，需人工校对角色口吻与专名。		e49bdbf173520855bc3acb6a7bd55df3399ae4b60e0c84f55c240dc632794972	707ba1c82dcdb9307ae9b809b15746a0585a5bda61f67b7ba74149f40b97fa8f
ch3_435	chapter3	第三章 · 过去与现在	S07A		997	“爱理”	dialogue	……其实我……	ch3_429 | “爱理” | 我不想让你看到，我这副样子……	ch3_436 | “爱理” | 原本根本没有打算，叫住基生的……	……本当は、私……	draft	AI 批量翻译初稿，需人工校对角色口吻与专名。		f6c520e607199b5e5afaeb0d89fef84e65919c35d874df21b9db5e35f81c7c2a	707ba1c82dcdb9307ae9b809b15746a0585a5bda61f67b7ba74149f40b97fa8f
ch3_436	chapter3	第三章 · 过去与现在	S07A		998	“爱理”	dialogue	原本根本没有打算，叫住基生的……	ch3_435 | “爱理” | ……其实我……	ch3_437 | “爱理” | 可是、	基生に声をかけるつもりなんて、なかったの……	draft	AI 批量翻译初稿，需人工校对角色口吻与专名。		88db9e72c2b21af6ba9f348fff7106d6b723500f085b5f855f8cab3b29ff0595	707ba1c82dcdb9307ae9b809b15746a0585a5bda61f67b7ba74149f40b97fa8f
ch3_437	chapter3	第三章 · 过去与现在	S07A		999	“爱理”	dialogue	可是、	ch3_436 | “爱理” | 原本根本没有打算，叫住基生的……	ch3_438 | “爱理” | 可是……	でも、	draft	AI 批量翻译初稿，需人工校对角色口吻与专名。		a063e1610f1eba3b504957f634e0b73ee478a8bbcf8249873aa87bd447a51d78	707ba1c82dcdb9307ae9b809b15746a0585a5bda61f67b7ba74149f40b97fa8f
ch3_438	chapter3	第三章 · 过去与现在	S07A		1000	“爱理”	dialogue	可是……	ch3_437 | “爱理” | 可是、	ch3_439 | “爱理” | 我太高兴了，呜呜……	でも……	draft	AI 批量翻译初稿，需人工校对角色口吻与专名。		28bd17a11c62326fb9aa055afbf903a163bfa0a9ea5253e2775a673ff3b30190	707ba1c82dcdb9307ae9b809b15746a0585a5bda61f67b7ba74149f40b97fa8f
ch3_439	chapter3	第三章 · 过去与现在	S07A		1001	“爱理”	dialogue	我太高兴了，呜呜……	ch3_438 | “爱理” | 可是……	ch3_440 | “爱理” | 基生，你再一次喊我的名字……	嬉しくて、うう……	draft	AI 批量翻译初稿，需人工校对角色口吻与专名。		43e7f366a04c1a8324fc5e5efcd8ab82952bec3fde10a92c42839959e28f8c6e	707ba1c82dcdb9307ae9b809b15746a0585a5bda61f67b7ba74149f40b97fa8f
ch3_440	chapter3	第三章 · 过去与现在	S07A		1002	“爱理”	dialogue	基生，你再一次喊我的名字……	ch3_439 | “爱理” | 我太高兴了，呜呜……	ch3_441 | “爱理” | 我真的很高兴……	基生が、もう一度、私の名前を呼んでくれて……	draft	AI 批量翻译初稿，需人工校对角色口吻与专名。		e634215d220861f7d99f0155eaee1d101e45f17e130c89c8e8f5e062f38f83d9	707ba1c82dcdb9307ae9b809b15746a0585a5bda61f67b7ba74149f40b97fa8f
ch3_441	chapter3	第三章 · 过去与现在	S07A		1003	“爱理”	dialogue	我真的很高兴……	ch3_440 | “爱理” | 基生，你再一次喊我的名字……	ch3_442 | “爱理” | 呜呜……	本当に、嬉しかったの……	draft	AI 批量翻译初稿，需人工校对角色口吻与专名。		d1c12074963a26dc398e72c1bdd887ec5128bb287abf0ab91dd49ac045284d14	707ba1c82dcdb9307ae9b809b15746a0585a5bda61f67b7ba74149f40b97fa8f
ch3_442	chapter3	第三章 · 过去与现在	S07A		1004	“爱理”	dialogue	呜呜……	ch3_441 | “爱理” | 我真的很高兴……	ch3_443 | “爱理” | 呜……	うう……	draft	AI 批量翻译初稿，需人工校对角色口吻与专名。		be2654eb118c17b13a34e8d919ef2b9a1a36c7cd0eef20201b5cbc01c207b3a8	707ba1c82dcdb9307ae9b809b15746a0585a5bda61f67b7ba74149f40b97fa8f
ch3_443	chapter3	第三章 · 过去与现在	S07A		1005	“爱理”	dialogue	呜……	ch3_442 | “爱理” | 呜呜……	ch3_444 | 基生 | 爱理……	うっ……	draft	AI 批量翻译初稿，需人工校对角色口吻与专名。		79b4ab0bbada0f2e378895ce78f083c2512caae647480c4b50ee876f4125b39a	707ba1c82dcdb9307ae9b809b15746a0585a5bda61f67b7ba74149f40b97fa8f
ch3_444	chapter3	第三章 · 过去与现在	S07A		1006	基生	dialogue	爱理……	ch3_443 | “爱理” | 呜……	ch3_445 | “爱理” | 呜呜啊啊！！	愛理……	draft	AI 批量翻译初稿，需人工校对角色口吻与专名。		aca1bdb4550feee709651e94e1826e13026ba9f25edf2ae75d2e1f64b52ab70e	707ba1c82dcdb9307ae9b809b15746a0585a5bda61f67b7ba74149f40b97fa8f
ch3_445	chapter3	第三章 · 过去与现在	S07A		1007	“爱理”	dialogue	呜呜啊啊！！	ch3_444 | 基生 | 爱理……	ch3_446 | 基生 | ！？	うう、ああっ！！	draft	AI 批量翻译初稿，需人工校对角色口吻与专名。		e71461ee44cf3c17ad6e7dc42c5750fa6e123c574f5d1fddbed5533ca18156d6	707ba1c82dcdb9307ae9b809b15746a0585a5bda61f67b7ba74149f40b97fa8f
ch3_446	chapter3	第三章 · 过去与现在	S07A		1008	基生	dialogue	！？	ch3_445 | “爱理” | 呜呜啊啊！！	ch3_447 | 旁白 | 抱住他的手突然抓紧。基生低头看时，发现那双手上，伸出了许多蠕虫般的电线……	！？	draft	AI 批量翻译初稿，需人工校对角色口吻与专名。		64b1cc417e4729f50e3732868bb6ea4943ceff05ed1c0d25050e0838bf21c5b8	707ba1c82dcdb9307ae9b809b15746a0585a5bda61f67b7ba74149f40b97fa8f
ch3_448	chapter3	第三章 · 过去与现在	S07A		1010	基生	dialogue	—什！！	ch3_447 | 旁白 | 抱住他的手突然抓紧。基生低头看时，发现那双手上，伸出了许多蠕虫般的电线……	ch3_449 | “爱理” | 对不起……对不起，基生……	——なっ！！	draft	AI 批量翻译初稿，需人工校对角色口吻与专名。		5beb859097c7c37cd369830123ef9135270622f6db280c8d1df10da4d5eef204	707ba1c82dcdb9307ae9b809b15746a0585a5bda61f67b7ba74149f40b97fa8f
ch3_449	chapter3	第三章 · 过去与现在	S07A		1011	“爱理”	dialogue	对不起……对不起，基生……	ch3_448 | 基生 | —什！！	ch3_450 | “爱理” | 让你感到害怕了吧……看到这样的身体，很恶心吧……	ごめん……ごめんね、基生……	draft	AI 批量翻译初稿，需人工校对角色口吻与专名。		dfbf2870df626320680abb8b91ce59e7094f68eec09691dbcbcce25d43c48ce6	707ba1c82dcdb9307ae9b809b15746a0585a5bda61f67b7ba74149f40b97fa8f
ch3_450	chapter3	第三章 · 过去与现在	S07A		1012	“爱理”	dialogue	让你感到害怕了吧……看到这样的身体，很恶心吧……	ch3_449 | “爱理” | 对不起……对不起，基生……	ch3_451 | “爱理” | 对不起，让你看到这样的身体……想要抑制住的，但已经……	怖かったよね……こんな体、気持ち悪いよね……	draft	AI 批量翻译初稿，需人工校对角色口吻与专名。		acd4a128b24e9160b40066cbae1e3e757a14ee500a737fcddb178f4229b77554	707ba1c82dcdb9307ae9b809b15746a0585a5bda61f67b7ba74149f40b97fa8f
ch3_451	chapter3	第三章 · 过去与现在	S07A		1013	“爱理”	dialogue	对不起，让你看到这样的身体……想要抑制住的，但已经……	ch3_450 | “爱理” | 让你感到害怕了吧……看到这样的身体，很恶心吧……	ch3_452 | “爱理” | 我，已经快要……	ごめんね、こんな体を見せちゃって……抑えようとしたけど、もう……	draft	AI 批量翻译初稿，需人工校对角色口吻与专名。		3b2e7bfa57b20ecdf1517624688295a88e2ede35c4729f3c7e7814564dab14b1	707ba1c82dcdb9307ae9b809b15746a0585a5bda61f67b7ba74149f40b97fa8f
ch3_452	chapter3	第三章 · 过去与现在	S07A		1014	“爱理”	dialogue	我，已经快要……	ch3_451 | “爱理” | 对不起，让你看到这样的身体……想要抑制住的，但已经……	ch3_453 | “爱理” | 没办法维持‘爱理’的身体了……	私、もうすぐ……	draft	AI 批量翻译初稿，需人工校对角色口吻与专名。		8b5cf50c947c9de8e9e9b23442dded99446265416d3da675debc060054285296	707ba1c82dcdb9307ae9b809b15746a0585a5bda61f67b7ba74149f40b97fa8f
ch3_453	chapter3	第三章 · 过去与现在	S07A		1015	“爱理”	dialogue	没办法维持‘爱理’的身体了……	ch3_452 | “爱理” | 我，已经快要……	ch3_455 | “爱理” | ……基生，请你……	『愛理』の体を、保てなくなる……	draft	AI 批量翻译初稿，需人工校对角色口吻与专名。		3a526dfea2e0f4e1a98077c91490fc2182df559fd2491668adc5fefaab780a83	707ba1c82dcdb9307ae9b809b15746a0585a5bda61f67b7ba74149f40b97fa8f
ch3_455	chapter3	第三章 · 过去与现在	S07A		1016	“爱理”	dialogue	……基生，请你……	ch3_453 | “爱理” | 没办法维持‘爱理’的身体了……	ch3_456 | “爱理” | 请你不要害怕，听我说。	……基生、お願い……	draft	AI 批量翻译初稿，需人工校对角色口吻与专名。		4e33d89aff2c930f9e5c25af0f9f794ec97b6bdf42b0fe4e353354b0cbe03580	707ba1c82dcdb9307ae9b809b15746a0585a5bda61f67b7ba74149f40b97fa8f
ch3_456	chapter3	第三章 · 过去与现在	S07A		1017	“爱理”	dialogue	请你不要害怕，听我说。	ch3_455 | “爱理” | ……基生，请你……	ch3_457 | ILY | 我是被人制造出来的‘ILY 病毒’……	怖がらないで、聞いて。	draft	AI 批量翻译初稿，需人工校对角色口吻与专名。		6ab49098c60c73f237475f92e69a38710907865609c7215245f5358bffcf62f1	707ba1c82dcdb9307ae9b809b15746a0585a5bda61f67b7ba74149f40b97fa8f
ch3_457	chapter3	第三章 · 过去与现在	S07A		1018	ILY	dialogue	我是被人制造出来的‘ILY 病毒’……	ch3_456 | “爱理” | 请你不要害怕，听我说。	ch3_458 | ILY | ‘ILY’。		untranslated			4cbce089612d020aba7f1ef87dc5cb9c38dc8fb2aef68f5980486cc0c5ca7d4c	707ba1c82dcdb9307ae9b809b15746a0585a5bda61f67b7ba74149f40b97fa8f
ch3_458	chapter3	第三章 · 过去与现在	S07A		1019	ILY	dialogue	‘ILY’。	ch3_457 | ILY | 我是被人制造出来的‘ILY 病毒’……	ch3_459 | 旁白 | 说完，“ILY”……“爱理”她，将关于她的、关于它们的事，告诉了我。		untranslated			8f5e4ed77886d0719224794307be51442bce4ec8768d7ba0f6865fdf3560ba8a	707ba1c82dcdb9307ae9b809b15746a0585a5bda61f67b7ba74149f40b97fa8f
ch3_463	chapter3	第三章 · 过去与现在	S07B		1024	？	dialogue	啊！！	ch3_462 | 旁白 | 十年前那个荒唐的“暑假”早已成为记忆。翻盖手机里也只剩下一封奇怪的、来自 ILY 的信，但印象里出现的蓝色链接早已不见踪影——可能是某个诈骗短信吧。	ch3_464 | 旁白 | 基生被这个稚嫩的童声吓了一跳。		untranslated			b72c667f966dc185785cda216a49dae351fc3f2b899e18bcd335a2e516710fb2	707ba1c82dcdb9307ae9b809b15746a0585a5bda61f67b7ba74149f40b97fa8f
ch3_465	chapter3	第三章 · 过去与现在	S07B		1026	基生的儿子	dialogue	爸爸！你好像很闲！！	ch3_464 | 旁白 | 基生被这个稚嫩的童声吓了一跳。	ch3_466 | 基生的儿子 | 闲的没事的话，带我去海边玩吧！海边海边海边！		untranslated			a60e3d6d6b9b9a0c288c124845dbc0bfd2fcdde7f3d366f3814d7b69c8c29635	707ba1c82dcdb9307ae9b809b15746a0585a5bda61f67b7ba74149f40b97fa8f
ch3_466	chapter3	第三章 · 过去与现在	S07B		1027	基生的儿子	dialogue	闲的没事的话，带我去海边玩吧！海边海边海边！	ch3_465 | 基生的儿子 | 爸爸！你好像很闲！！	ch3_467 | 基生的儿子 | 另外你要是不快点起床的话，妈妈又要骂你了哦？		untranslated			ec6e090addf1637cbf5d1db50dfb23e4c98a74e39a58241fd2c6e826f8fd3979	707ba1c82dcdb9307ae9b809b15746a0585a5bda61f67b7ba74149f40b97fa8f
ch3_467	chapter3	第三章 · 过去与现在	S07B		1028	基生的儿子	dialogue	另外你要是不快点起床的话，妈妈又要骂你了哦？	ch3_466 | 基生的儿子 | 闲的没事的话，带我去海边玩吧！海边海边海边！	ch3_468 | 基生 | 嗯——？嗯——。		untranslated			2563d3709b6ba10ef3bd23c5e50903116a84cf91b5c3e1c6002b59955019777a	707ba1c82dcdb9307ae9b809b15746a0585a5bda61f67b7ba74149f40b97fa8f
ch3_468	chapter3	第三章 · 过去与现在	S07B		1029	基生	dialogue	嗯——？嗯——。	ch3_467 | 基生的儿子 | 另外你要是不快点起床的话，妈妈又要骂你了哦？	ch3_469 | 基生的儿子 | 你刚才说“嗯”了吧！	んー？ んー。	draft	AI 批量翻译初稿，需人工校对角色口吻与专名。		92952f87adcc8eff2930ff5f9fd00096118915a4d552c053acb4c08b98bf2ff5	707ba1c82dcdb9307ae9b809b15746a0585a5bda61f67b7ba74149f40b97fa8f
ch3_469	chapter3	第三章 · 过去与现在	S07B		1030	基生的儿子	dialogue	你刚才说“嗯”了吧！	ch3_468 | 基生 | 嗯——？嗯——。	ch3_470 | 基生的儿子 | 太好了！		untranslated			0ce446ae2ae76f178a2c2659f05930f8f3a5198a90c6a0da4a68e17fc5038bb2	707ba1c82dcdb9307ae9b809b15746a0585a5bda61f67b7ba74149f40b97fa8f
ch3_470	chapter3	第三章 · 过去与现在	S07B		1031	基生的儿子	dialogue	太好了！	ch3_469 | 基生的儿子 | 你刚才说“嗯”了吧！	ch3_471 | 基生的儿子 | 妈妈！爸爸说要带我们去海边玩！！		untranslated			082a02bf663b0049689ce506693f2792f57ee5b380ee1deda509808fe78aaca2	707ba1c82dcdb9307ae9b809b15746a0585a5bda61f67b7ba74149f40b97fa8f
ch3_471	chapter3	第三章 · 过去与现在	S07B		1032	基生的儿子	dialogue	妈妈！爸爸说要带我们去海边玩！！	ch3_470 | 基生的儿子 | 太好了！	ch3_472 | 另一个房间的小男孩 | 我穿好泳衣了！出发吧——！！		untranslated			bb550243ba9a521ba58f02458fa3ee25970d3c69ff9a5cef4266a187cb59e24b	707ba1c82dcdb9307ae9b809b15746a0585a5bda61f67b7ba74149f40b97fa8f
ch3_472	chapter3	第三章 · 过去与现在	S07B		1033	另一个房间的小男孩	dialogue	我穿好泳衣了！出发吧——！！	ch3_471 | 基生的儿子 | 妈妈！爸爸说要带我们去海边玩！！	ch3_473 | 旁白 | 基生欣慰地叹了口气，收起翻盖手机。		untranslated			9b268219c6e0696e7b025de697c321fe9d59929121385626f9f99ee0d575b748	707ba1c82dcdb9307ae9b809b15746a0585a5bda61f67b7ba74149f40b97fa8f
her_0032	heroine	女主视角 · 青	01-01		1073	基生	dialogue	爱理 想吃哪个？	her_0030 | 旁白 | 货架前的两人隔着不到一臂的距离。基生随手从冷藏柜里拿出一盒布丁，又放回去，目光在五颜六色的包装之间来回游移。	her_0033 | ILY | 唔——嗯…看起来都很好吃	愛理、どれが食べたい？	draft	AI 批量翻译初稿，需人工校对角色口吻与专名。		f5ea6d02b70c2eb1faf26d7e74b1c27b57114a353805fcc6dce1269304bc5d99	707ba1c82dcdb9307ae9b809b15746a0585a5bda61f67b7ba74149f40b97fa8f
her_0033	heroine	女主视角 · 青	01-01		1074	ILY	dialogue	唔——嗯…看起来都很好吃	her_0032 | 基生 | 爱理 想吃哪个？	her_0034 | 基生 | 你还是那么选择障碍啊。		untranslated			55197b2a3e535f6a35e0f8b5fdc2f0ac780867101c10620209ccda223c0160f3	707ba1c82dcdb9307ae9b809b15746a0585a5bda61f67b7ba74149f40b97fa8f
her_0034	heroine	女主视角 · 青	01-01		1075	基生	dialogue	你还是那么选择障碍啊。	her_0033 | ILY | 唔——嗯…看起来都很好吃	her_0035 | 基生 | 这个怎么样？感觉你会喜欢。	相変わらず優柔不断だな。	draft	AI 批量翻译初稿，需人工校对角色口吻与专名。		8f2d9a6035b0f18e0553e25231cd81999184ab9fc7d39ee1dd04245c14faf7b9	707ba1c82dcdb9307ae9b809b15746a0585a5bda61f67b7ba74149f40b97fa8f
her_0035	heroine	女主视角 · 青	01-01		1076	基生	dialogue	这个怎么样？感觉你会喜欢。	her_0034 | 基生 | 你还是那么选择障碍啊。	her_0036 | ILY | 这个啊 好纠结啊	これはどう？ 愛理が好きそうだ。	draft	AI 批量翻译初稿，需人工校对角色口吻与专名。		c992b884a337034e5a5ee13532ec44b57371ec373b4dedada53894127b73751f	707ba1c82dcdb9307ae9b809b15746a0585a5bda61f67b7ba74149f40b97fa8f
her_0036	heroine	女主视角 · 青	01-01		1077	ILY	dialogue	这个啊 好纠结啊	her_0035 | 基生 | 这个怎么样？感觉你会喜欢。	her_scene_01_02 | heroine-card | 便利店		untranslated			1526d7953a035fcc411796224790fe3f23e40ab93879dfa43f961a0af36e2b22	707ba1c82dcdb9307ae9b809b15746a0585a5bda61f67b7ba74149f40b97fa8f
her_0037	heroine	女主视角 · 青	01-02		1079	基生	dialogue	爱理 想吃哪个？	her_scene_01_02 | heroine-card | 便利店	her_0038 | 旁白 | 他等了大约两秒，像是在等一个谁也听不见的回答。然后他点了点头，仿佛真的听见了什么。	愛理、どれが食べたい？	draft	AI 批量翻译初稿，需人工校对角色口吻与专名。		7b9cbe7f0b063ab3cb9c9abdb509f5e6869904d8af950af33efd4702bc0e37f4	707ba1c82dcdb9307ae9b809b15746a0585a5bda61f67b7ba74149f40b97fa8f
her_0039	heroine	女主视角 · 青	01-02		1081	基生	dialogue	你还是那么选择障碍啊。	her_0038 | 旁白 | 他等了大约两秒，像是在等一个谁也听不见的回答。然后他点了点头，仿佛真的听见了什么。	her_0040 | 基生 | 这个怎么样？感觉你会喜欢。	相変わらず優柔不断だな。	draft	AI 批量翻译初稿，需人工校对角色口吻与专名。		3c2c15795648edf78e60a50d80105adf2d76ca7725d41a3285872bb7b8a2095f	707ba1c82dcdb9307ae9b809b15746a0585a5bda61f67b7ba74149f40b97fa8f
her_0040	heroine	女主视角 · 青	01-02		1082	基生	dialogue	这个怎么样？感觉你会喜欢。	her_0039 | 基生 | 你还是那么选择障碍啊。	her_0041 | 蝶 | 呜哇	これはどう？ 愛理が好きそうだ。	draft	AI 批量翻译初稿，需人工校对角色口吻与专名。		271b1259272d4e3254682511e6e1e6e01d96d6900c62cdb745c9ae06440c3edc	707ba1c82dcdb9307ae9b809b15746a0585a5bda61f67b7ba74149f40b97fa8f
her_0041	heroine	女主视角 · 青	01-02		1083	蝶	dialogue	呜哇	her_0040 | 基生 | 这个怎么样？感觉你会喜欢。	her_0042 | 蝶 | 是变态吗？		untranslated			2b4ee4542d746fa22f41f09fe7b3f57cf5ae47bc3e78067d10a4308fcca929de	707ba1c82dcdb9307ae9b809b15746a0585a5bda61f67b7ba74149f40b97fa8f
her_0042	heroine	女主视角 · 青	01-02		1084	蝶	dialogue	是变态吗？	her_0041 | 蝶 | 呜哇	her_0043 | 优那 | 有点像		untranslated			78a93e46f66f01cd657285b23e481937a59f03bcc8934a7f25affad95e7c98a2	707ba1c82dcdb9307ae9b809b15746a0585a5bda61f67b7ba74149f40b97fa8f
her_0043	heroine	女主视角 · 青	01-02		1085	优那	dialogue	有点像	her_0042 | 蝶 | 是变态吗？	her_0044 | 蝶 | 呜——哇 好可怕啊		untranslated			d92e2c4eb85c976ff534473f5de2d246570c0bec066b33316a12f4d4bb89c595	707ba1c82dcdb9307ae9b809b15746a0585a5bda61f67b7ba74149f40b97fa8f
her_0044	heroine	女主视角 · 青	01-02		1086	蝶	dialogue	呜——哇 好可怕啊	her_0043 | 优那 | 有点像	her_0045 | 优那 | 你等下啦 他听得到的…		untranslated			d72d21b36242a796ba8db52780eb70e0202905c3e9348de56003b72a8be2e23a	707ba1c82dcdb9307ae9b809b15746a0585a5bda61f67b7ba74149f40b97fa8f
her_0045	heroine	女主视角 · 青	01-02		1087	优那	dialogue	你等下啦 他听得到的…	her_0044 | 蝶 | 呜——哇 好可怕啊	her_scene_01_03 | heroine-card | 基生的房间		untranslated			b826a5674860fba09c87944da748bb1ccc1ef835fa8c2cdc09a4c55aa2370b3d	707ba1c82dcdb9307ae9b809b15746a0585a5bda61f67b7ba74149f40b97fa8f
her_0047	heroine	女主视角 · 青	01-03		1090	基生	dialogue	但是，爱理，你是喜欢出门的吧...?	her_0046 | 旁白 | 窗外的光一点点变薄。ILY站在窗边，背影被夕阳压得很薄，像一张快要被风吹走的纸。	her_0048 | ILY | 虽...虽然是那样!可是...就像之前，在便利店里那样...基生，和我在一起的话，会被很多人看着，很讨厌的吧...？	でも、愛理は出かけるのが好きだっただろ……？	draft	AI 批量翻译初稿，需人工校对角色口吻与专名。		5a064c273698550f7cbe2eb65c982e1a62cd3c46ef5ff5f973630bc142cdfc05	707ba1c82dcdb9307ae9b809b15746a0585a5bda61f67b7ba74149f40b97fa8f
her_0048	heroine	女主视角 · 青	01-03		1091	ILY	dialogue	虽...虽然是那样!可是...就像之前，在便利店里那样...基生，和我在一起的话，会被很多人看着，很讨厌的吧...？	her_0047 | 基生 | 但是，爱理，你是喜欢出门的吧...?	her_0049 | 旁白 | 如果在大庭广众之下把人“吃掉”，肯定会引起骚乱的吧。		untranslated			9e9ed3bc23c1495d2a27d4dd06bdd2ec212affa5fac7576b9e22ad19d2c8c569	707ba1c82dcdb9307ae9b809b15746a0585a5bda61f67b7ba74149f40b97fa8f
her_0050	heroine	女主视角 · 青	01-03		1093	ILY	dialogue	因为我...只带了学校的制服，果然还是不想让基生感到...为难...	her_0049 | 旁白 | 如果在大庭广众之下把人“吃掉”，肯定会引起骚乱的吧。	her_0051 | 基生 | 衣服...去买衣服吧！！		untranslated			81eea115d90f8929e26ac150f9cd54757e1c77fd2833f5a5fb3417b8b1c2c58d	707ba1c82dcdb9307ae9b809b15746a0585a5bda61f67b7ba74149f40b97fa8f
her_0051	heroine	女主视角 · 青	01-03		1094	基生	dialogue	衣服...去买衣服吧！！	her_0050 | ILY | 因为我...只带了学校的制服，果然还是不想让基生感到...为难...	her_scene_01_04 | heroine-card | 黄昏的玄关	服……服を買いに行こう！！	draft	AI 批量翻译初稿，需人工校对角色口吻与专名。		6f77b366e08fac8174614cfe86809d5dfc3c4130707d4460ebe1a4f1fb0db8f0	707ba1c82dcdb9307ae9b809b15746a0585a5bda61f67b7ba74149f40b97fa8f
her_0053	heroine	女主视角 · 青	01-04		1097	基生	dialogue	一个人去，真的没问题？	her_0052 | 旁白 | 走廊的白炽灯接触不良，一闪一闪。ILY站在门槛上，像踩在两种颜色的分界线上。	her_0054 | ILY | 嗯！没事的！	一人で行って、本当に大丈夫か？	draft	AI 批量翻译初稿，需人工校对角色口吻与专名。		40c4313c25413e467fcf0342b18d4b58b1f4268fd58955ebcc3f752f6c32fa84	707ba1c82dcdb9307ae9b809b15746a0585a5bda61f67b7ba74149f40b97fa8f
her_0054	heroine	女主视角 · 青	01-04		1098	ILY	dialogue	嗯！没事的！	her_0053 | 基生 | 一个人去，真的没问题？	her_0055 | 基生 | 好吧...那么要是有什么事情，马上给我打电话。		untranslated			b9344a6e965c24e479bc424d00ab340dd9f74244fbbf8b0645c1bca639fa6248	707ba1c82dcdb9307ae9b809b15746a0585a5bda61f67b7ba74149f40b97fa8f
her_0055	heroine	女主视角 · 青	01-04		1099	基生	dialogue	好吧...那么要是有什么事情，马上给我打电话。	her_0054 | ILY | 嗯！没事的！	her_0056 | ILY | 嗯，那么我出门了。	分かった……じゃあ何かあったら、すぐ電話して。	draft	AI 批量翻译初稿，需人工校对角色口吻与专名。		9bd69c964a2cc11dffd6b0cd013ff43dfa32650c79692624f2c0b4fab6c88761	707ba1c82dcdb9307ae9b809b15746a0585a5bda61f67b7ba74149f40b97fa8f
her_0056	heroine	女主视角 · 青	01-04		1100	ILY	dialogue	嗯，那么我出门了。	her_0055 | 基生 | 好吧...那么要是有什么事情，马上给我打电话。	her_0057 | 基生 | 嗯，一路走好。		untranslated			0869bab9830dfa0d4843c1e58913be2b5d66002256f0e7680826846c23269374	707ba1c82dcdb9307ae9b809b15746a0585a5bda61f67b7ba74149f40b97fa8f
her_0057	heroine	女主视角 · 青	01-04		1101	基生	dialogue	嗯，一路走好。	her_0056 | ILY | 嗯，那么我出门了。	her_scene_01_05 | heroine-card | 门	うん、行ってらっしゃい。	draft	AI 批量翻译初稿，需人工校对角色口吻与专名。		fb1a4d45d99d0839f6ecda0c51ae26bed5f958f6495ec19636d5e273c5a9c2a5	707ba1c82dcdb9307ae9b809b15746a0585a5bda61f67b7ba74149f40b97fa8f
her_0064	heroine	女主视角 · 青	02-01		1107	春	dialogue	哟——很久不见了——最近还好吗？	her_0063 | 旁白 | 傍晚的风把桌上的纸巾吹得翻了个身。三个人已经很久没有这样坐在一起了。	her_0065 | 八重 | 还不错哦——		untranslated			23d754262cae3a917a2c5fcc4953ddc7d52135f56311c6777e6ab29e234d54fb	707ba1c82dcdb9307ae9b809b15746a0585a5bda61f67b7ba74149f40b97fa8f
her_0065	heroine	女主视角 · 青	02-01		1108	八重	dialogue	还不错哦——	her_0064 | 春 | 哟——很久不见了——最近还好吗？	her_0066 | 八重 | 我们三个人真是很久没聚在一起了呢		untranslated			c31454d788c546956d7117b6951da37593fe0bfc695704c9a370aed2f5a5c968	707ba1c82dcdb9307ae9b809b15746a0585a5bda61f67b7ba74149f40b97fa8f
her_0066	heroine	女主视角 · 青	02-01		1109	八重	dialogue	我们三个人真是很久没聚在一起了呢	her_0065 | 八重 | 还不错哦——	her_0067 | 若菜 | 是啊——！		untranslated			ae9dcfa7dc3e7fbe4dc79a6589ea27e93fd178e927aa97f638764c29bf6b0b27	707ba1c82dcdb9307ae9b809b15746a0585a5bda61f67b7ba74149f40b97fa8f
her_0067	heroine	女主视角 · 青	02-01		1110	若菜	dialogue	是啊——！	her_0066 | 八重 | 我们三个人真是很久没聚在一起了呢	her_0068 | 八重 | 啊——说起来春！那个帅哥前辈又联系你了！？那个前男友——！！		untranslated			cd390db84fdb6422f5b7214e0fe0d9cb1290f21b45325a80209ba99e42ba8bf7	707ba1c82dcdb9307ae9b809b15746a0585a5bda61f67b7ba74149f40b97fa8f
her_0068	heroine	女主视角 · 青	02-01		1111	八重	dialogue	啊——说起来春！那个帅哥前辈又联系你了！？那个前男友——！！	her_0067 | 若菜 | 是啊——！	her_0069 | 春 | 唔 嗯		untranslated			4eda8b8e26788c03abd701dc577f6a54aa41b1ff89f95018a837a89ca2435e3f	707ba1c82dcdb9307ae9b809b15746a0585a5bda61f67b7ba74149f40b97fa8f
her_0069	heroine	女主视角 · 青	02-01		1112	春	dialogue	唔 嗯	her_0068 | 八重 | 啊——说起来春！那个帅哥前辈又联系你了！？那个前男友——！！	her_0070 | 若菜 | 哎——！！都分了吗！？为啥啊为啥啊！？		untranslated			ae288bdc7f54158ae8fd45d74c6bbaaa695e55d9eb6cfb9e9eb4b20091843741	707ba1c82dcdb9307ae9b809b15746a0585a5bda61f67b7ba74149f40b97fa8f
her_0070	heroine	女主视角 · 青	02-01		1113	若菜	dialogue	哎——！！都分了吗！？为啥啊为啥啊！？	her_0069 | 春 | 唔 嗯	her_0071 | 春 | 那、那个、但是有点奇怪…		untranslated			3657e220d4359dadbcb6064593561dc84075194160314a7e528d607fa9064761	707ba1c82dcdb9307ae9b809b15746a0585a5bda61f67b7ba74149f40b97fa8f
her_0071	heroine	女主视角 · 青	02-01		1114	春	dialogue	那、那个、但是有点奇怪…	her_0070 | 若菜 | 哎——！！都分了吗！？为啥啊为啥啊！？	her_0072 | 若菜 | 什么奇怪？让我看看		untranslated			d45ebba547e25426ae25f33df489f61f14f034ad8d05147bb34be970c8fc6236	707ba1c82dcdb9307ae9b809b15746a0585a5bda61f67b7ba74149f40b97fa8f
her_0072	heroine	女主视角 · 青	02-01		1115	若菜	dialogue	什么奇怪？让我看看	her_0071 | 春 | 那、那个、但是有点奇怪…	her_0073 | 春 | 嗯、		untranslated			fea892924268fabe9f880053b900283001352e7f1f901e34c5433f103f052648	707ba1c82dcdb9307ae9b809b15746a0585a5bda61f67b7ba74149f40b97fa8f
her_0073	heroine	女主视角 · 青	02-01		1116	春	dialogue	嗯、	her_0072 | 若菜 | 什么奇怪？让我看看	her_0074 | 春 | 我找找…		untranslated			722f08e170b16fcd9788a01a92eac44a6b50d511fedf32c582953402dcb26938	707ba1c82dcdb9307ae9b809b15746a0585a5bda61f67b7ba74149f40b97fa8f
her_0074	heroine	女主视角 · 青	02-01		1117	春	dialogue	我找找…	her_0073 | 春 | 嗯、	her_0075 | 春 | 这个…		untranslated			0f4d08af4632de2608fc4b74e6ce2ec571d88c0cc651b9d43e2d9963c865461b	707ba1c82dcdb9307ae9b809b15746a0585a5bda61f67b7ba74149f40b97fa8f
her_0075	heroine	女主视角 · 青	02-01		1118	春	dialogue	这个…	her_0074 | 春 | 我找找…	her_0076 | 八重 | 呜哇…		untranslated			46671e31f76e4ebb285dc0bd4da09f66a7eb811c6cb8edbf0dc74b0ca0b3b812	707ba1c82dcdb9307ae9b809b15746a0585a5bda61f67b7ba74149f40b97fa8f
her_0076	heroine	女主视角 · 青	02-01		1119	八重	dialogue	呜哇…	her_0075 | 春 | 这个…	her_0077 | 若菜 | 呜哇…		untranslated			26362aa85978241ba56c7ae5cf167a4bf0d8d0ccf52f6cb7ee335de49c2a730b	707ba1c82dcdb9307ae9b809b15746a0585a5bda61f67b7ba74149f40b97fa8f
her_0077	heroine	女主视角 · 青	02-01		1120	若菜	dialogue	呜哇…	her_0076 | 八重 | 呜哇…	her_0078 | 若菜 | 那个…太奇怪了吧…虽然明白他还牵挂着春，但是——…还是算了吧		untranslated			fb27a9cf850982348aa4c1a5b93415ecc00fcf245820d713b526f2ee5769f86e	707ba1c82dcdb9307ae9b809b15746a0585a5bda61f67b7ba74149f40b97fa8f
her_0078	heroine	女主视角 · 青	02-01		1121	若菜	dialogue	那个…太奇怪了吧…虽然明白他还牵挂着春，但是——…还是算了吧	her_0077 | 若菜 | 呜哇…	her_0079 | 八重 | 什么啊？现在还有人会发这种东西？真的是拓马前辈？一般不会有吧		untranslated			9b0d5d5159a1ad8303fec10390c3ee9896fdc759b6d40ceb740dfafece51d2bb	707ba1c82dcdb9307ae9b809b15746a0585a5bda61f67b7ba74149f40b97fa8f
her_0079	heroine	女主视角 · 青	02-01		1122	八重	dialogue	什么啊？现在还有人会发这种东西？真的是拓马前辈？一般不会有吧	her_0078 | 若菜 | 那个…太奇怪了吧…虽然明白他还牵挂着春，但是——…还是算了吧	her_0080 | 春 | 啊啊		untranslated			9978812a863df2c195d0b4a164c7d4a59a20b9c959c27c41b8a038c8fada1dd4	707ba1c82dcdb9307ae9b809b15746a0585a5bda61f67b7ba74149f40b97fa8f
her_0080	heroine	女主视角 · 青	02-01		1123	春	dialogue	啊啊	her_0079 | 八重 | 什么啊？现在还有人会发这种东西？真的是拓马前辈？一般不会有吧	her_0081 | 春 | 就、就是说啊！！		untranslated			17fa964ce2abda46f802ca85602e9c2db79b1e2d175ce38264c877bf97cdf4d8	707ba1c82dcdb9307ae9b809b15746a0585a5bda61f67b7ba74149f40b97fa8f
her_0081	heroine	女主视角 · 青	02-01		1124	春	dialogue	就、就是说啊！！	her_0080 | 春 | 啊啊	her_0082 | 春 | 就是说嘛...		untranslated			8b787db45724f06964377ec441f4304c8f3db3a42120b8e4fc00421dfaa77a46	707ba1c82dcdb9307ae9b809b15746a0585a5bda61f67b7ba74149f40b97fa8f
her_0082	heroine	女主视角 · 青	02-01		1125	春	dialogue	就是说嘛...	her_0081 | 春 | 就、就是说啊！！	her_scene_02_02 | heroine-card | 智能手机屏幕		untranslated			377beddabd5ea22ad537c49ba3c8046300dfaaaedbd2e534138d898137d104b7	707ba1c82dcdb9307ae9b809b15746a0585a5bda61f67b7ba74149f40b97fa8f
her_0090	heroine	女主视角 · 青	02-03		1135	八重	dialogue	我说，去哪里吃饭，决定好了吗？	her_scene_02_03 | heroine-card | 咖啡店——续	her_0091 | 若菜 | 嗯，不知道呢...说来，你有想吃的东西吗？我是肉食系的！		untranslated			835b0f3e4e5010eb3df3680043008e324fb07781e31c9e06cc16490ee701c087	707ba1c82dcdb9307ae9b809b15746a0585a5bda61f67b7ba74149f40b97fa8f
her_0091	heroine	女主视角 · 青	02-03		1136	若菜	dialogue	嗯，不知道呢...说来，你有想吃的东西吗？我是肉食系的！	her_0090 | 八重 | 我说，去哪里吃饭，决定好了吗？	her_0095 | 旁白 | 春的手忽然脱力，手机从指缝间滑下去，砸在桌上，又滑落到膝盖上。		untranslated			2293e2137c100e24513c73499bf6b262ba9c44470b0536f482c76c486d4ca09d	707ba1c82dcdb9307ae9b809b15746a0585a5bda61f67b7ba74149f40b97fa8f
her_0097	heroine	女主视角 · 青	02-04		1138	？	dialogue	小春	her_0095 | 旁白 | 春的手忽然脱力，手机从指缝间滑下去，砸在桌上，又滑落到膝盖上。	her_0098 | 春 | 诶？		untranslated			e6887f8b157f88cbf5eb75c2b0f5fb462096dd4bb7439b45f5ab76bf6d94e909	707ba1c82dcdb9307ae9b809b15746a0585a5bda61f67b7ba74149f40b97fa8f
her_0098	heroine	女主视角 · 青	02-04		1139	春	dialogue	诶？	her_0097 | ？ | 小春	her_0099 | 旁白 | 她的面前站着“拓马”前辈。发型、身高、说话的语气，和记忆里一模一样。		untranslated			7542484464cd29eea6634e682856ceba774ba2118e5d4403d6b99070031498d1	707ba1c82dcdb9307ae9b809b15746a0585a5bda61f67b7ba74149f40b97fa8f
her_0101	heroine	女主视角 · 青	02-04		1142	春	dialogue	拓马前辈...为什么...	her_0100 | 旁白 | 只有眼睛不一样——那是一双蓝色的眼睛。	her_0102 | “拓马”前辈 | 我一直，都忘不掉小春你啊。我一直都很想见你哦。		untranslated			b0eaac35645b8ebad5409eacead90724e67077113da91a240a95d52b86ec91b6	707ba1c82dcdb9307ae9b809b15746a0585a5bda61f67b7ba74149f40b97fa8f
her_0102	heroine	女主视角 · 青	02-04		1143	“拓马”前辈	dialogue	我一直，都忘不掉小春你啊。我一直都很想见你哦。	her_0101 | 春 | 拓马前辈...为什么...	her_0103 | “拓马”前辈 | 最喜欢你了。小春。		untranslated			0b19740778379052231f304592d9ad642adb5f60062b426f7a7ddde3723b9ebe	707ba1c82dcdb9307ae9b809b15746a0585a5bda61f67b7ba74149f40b97fa8f
her_0103	heroine	女主视角 · 青	02-04		1144	“拓马”前辈	dialogue	最喜欢你了。小春。	her_0102 | “拓马”前辈 | 我一直，都忘不掉小春你啊。我一直都很想见你哦。	her_0104 | 春 | 拓马前辈...我也是...我也，最喜欢你了...		untranslated			caf8fb3270192098d37bf0bf0fb89d97b77a25d70c40199679c53b4c50389465	707ba1c82dcdb9307ae9b809b15746a0585a5bda61f67b7ba74149f40b97fa8f
her_0104	heroine	女主视角 · 青	02-04		1145	春	dialogue	拓马前辈...我也是...我也，最喜欢你了...	her_0103 | “拓马”前辈 | 最喜欢你了。小春。	her_scene_02_05 | heroine-card | 咖啡店		untranslated			d0e9e98018ce7313125032fbe428248d991d93e54295887287810997425ea234	707ba1c82dcdb9307ae9b809b15746a0585a5bda61f67b7ba74149f40b97fa8f
her_0105	heroine	女主视角 · 青	02-05		1147	八重	dialogue	啊，这边，或许不错...	her_scene_02_05 | heroine-card | 咖啡店	her_0106 | 若菜 | 不错呢！春觉得如何？		untranslated			c74def1295a7cedf657581dce55c5629867660c2a7a0e707d0da1f601f71dfb8	707ba1c82dcdb9307ae9b809b15746a0585a5bda61f67b7ba74149f40b97fa8f
her_0106	heroine	女主视角 · 青	02-05		1148	若菜	dialogue	不错呢！春觉得如何？	her_0105 | 八重 | 啊，这边，或许不错...	her_0107 | 八重 | 喂！春...哎？春呢？		untranslated			6ed41962066475f86c6f9ecce8a513aa3de7f82e0ed5236595de7d3752008450	707ba1c82dcdb9307ae9b809b15746a0585a5bda61f67b7ba74149f40b97fa8f
her_0107	heroine	女主视角 · 青	02-05		1149	八重	dialogue	喂！春...哎？春呢？	her_0106 | 若菜 | 不错呢！春觉得如何？	her_0108 | 若菜 | 诶？回去了？		untranslated			c2c4e171ebe989b8e5b24d20dbbbeb1faf7c215ade82de8bb2b6d4a44c48e74b	707ba1c82dcdb9307ae9b809b15746a0585a5bda61f67b7ba74149f40b97fa8f
her_0108	heroine	女主视角 · 青	02-05		1150	若菜	dialogue	诶？回去了？	her_0107 | 八重 | 喂！春...哎？春呢？	her_0109 | 八重 | 不是不是，这也太急了吧。		untranslated			a430c56aa24d6348ff9b54b37b3fbd0ff369958bca10cfcd7d43b45c563f5240	707ba1c82dcdb9307ae9b809b15746a0585a5bda61f67b7ba74149f40b97fa8f
her_0109	heroine	女主视角 · 青	02-05		1151	八重	dialogue	不是不是，这也太急了吧。	her_0108 | 若菜 | 诶？回去了？	her_0110 | 若菜 | 也是呢...诶——难不成是迷路了？		untranslated			ebeb98a5dd39593d56313ad884b588d555470f989bc58bdf63c27928455148cf	707ba1c82dcdb9307ae9b809b15746a0585a5bda61f67b7ba74149f40b97fa8f
her_0110	heroine	女主视角 · 青	02-05		1152	若菜	dialogue	也是呢...诶——难不成是迷路了？	her_0109 | 八重 | 不是不是，这也太急了吧。	her_0111 | 八重 | 不会吧...		untranslated			58d449f083a4d2488424339fd497d7108a49174fabff2ead6399e242e0665276	707ba1c82dcdb9307ae9b809b15746a0585a5bda61f67b7ba74149f40b97fa8f
her_0111	heroine	女主视角 · 青	02-05		1153	八重	dialogue	不会吧...	her_0110 | 若菜 | 也是呢...诶——难不成是迷路了？	her_chapter_03 | heroine-card | 第三章｜错乱		untranslated			6d60d5ab09f107174c9129875d20c226060903bc19a71a49255a1663dedb7681	707ba1c82dcdb9307ae9b809b15746a0585a5bda61f67b7ba74149f40b97fa8f
her_0115	heroine	女主视角 · 青	03-01		1159	基生	dialogue	爱理，欢迎回来。	her_0114 | 旁白 | 基生站在玄关的灯光下。他的下巴泛着青色，头发梳得整整齐齐，身上甚至换了件熨过的衬衫。	her_0116 | ILY | 嗯，我回来了。	愛理、おかえり。	draft	AI 批量翻译初稿，需人工校对角色口吻与专名。		8ce7bba8602394d70f2d3e15e0ea6ab2a552891876d3ada007e12d030d95bd09	707ba1c82dcdb9307ae9b809b15746a0585a5bda61f67b7ba74149f40b97fa8f
her_0116	heroine	女主视角 · 青	03-01		1160	ILY	dialogue	嗯，我回来了。	her_0115 | 基生 | 爱理，欢迎回来。	her_scene_03_02 | heroine-card | 水族馆·全景水槽前		untranslated			4601749a59424adf03e01a0e3c83d082688869016c41a719c6da6e947d33c5da	707ba1c82dcdb9307ae9b809b15746a0585a5bda61f67b7ba74149f40b97fa8f
her_0118	heroine	女主视角 · 青	03-02		1163	基生	dialogue	我也，对爱理，最，最喜...	her_0117 | 旁白 | 鱼群在两人背后无声地转了个弯，像一片突然翻面的镜子。基生的喉结上下动了一下。	her_0119 | 旁白 | 一个人的肩膀撞上了基生的背。	僕も、愛理のことが、だ、大好……	draft	AI 批量翻译初稿，需人工校对角色口吻与专名。		589b71e77985b492e5a2d4be7c5199aa265885eb5c07cc5fe8a76c3520115813	707ba1c82dcdb9307ae9b809b15746a0585a5bda61f67b7ba74149f40b97fa8f
her_0120	heroine	女主视角 · 青	03-02		1165	？	dialogue	哇对不起	her_0119 | 旁白 | 一个人的肩膀撞上了基生的背。	her_0121 | 旁白 | 她跑掉了。		untranslated			85f6c73c43e949648ef469eb7740b887bf91759bd6ac3bc51d71b7f1a654fded	707ba1c82dcdb9307ae9b809b15746a0585a5bda61f67b7ba74149f40b97fa8f
her_0122	heroine	女主视角 · 青	03-03		1168	基生	dialogue	...对不起，我失陪了！	her_scene_03_03 | heroine-card | 水族馆·通道	her_0123 | 十屋后辈 | 诶——	……ごめん、失礼する！	draft	AI 批量翻译初稿，需人工校对角色口吻与专名。		003062dfda5f27b3a4c1d4d4863fe329fc630b7c76b00cb58caed8510bae86bd	707ba1c82dcdb9307ae9b809b15746a0585a5bda61f67b7ba74149f40b97fa8f
her_0123	heroine	女主视角 · 青	03-03		1169	十屋后辈	dialogue	诶——	her_0122 | 基生 | ...对不起，我失陪了！	her_0124 | 十屋后辈 | 那么，请之后把小aili的照片发过来让我看一下哦——！		untranslated			faa0b367c339f017c4e228439854e339a6e47d373059f31ab6ca7012a046d38d	707ba1c82dcdb9307ae9b809b15746a0585a5bda61f67b7ba74149f40b97fa8f
her_0124	heroine	女主视角 · 青	03-03		1170	十屋后辈	dialogue	那么，请之后把小aili的照片发过来让我看一下哦——！	her_0123 | 十屋后辈 | 诶——	her_0125 | 基生 | 才不给你发啦...		untranslated			beb22d29f06d2c7158e9c09f7d28df6b14d0dcdbd89f7eb594e58aedb9b2a92e	707ba1c82dcdb9307ae9b809b15746a0585a5bda61f67b7ba74149f40b97fa8f
her_0125	heroine	女主视角 · 青	03-03		1171	基生	dialogue	才不给你发啦...	her_0124 | 十屋后辈 | 那么，请之后把小aili的照片发过来让我看一下哦——！	her_0126 | 十屋君 | 真是想要和成田前辈的小aili见一下呢！是吧，小泪！	送るわけないだろ……	draft	AI 批量翻译初稿，需人工校对角色口吻与专名。		0ef13590e94f03c5f0d23432edb9da8753a64a960e667c0daa59b6c3ee3fb3b6	707ba1c82dcdb9307ae9b809b15746a0585a5bda61f67b7ba74149f40b97fa8f
her_0126	heroine	女主视角 · 青	03-04		1172	十屋君	dialogue	真是想要和成田前辈的小aili见一下呢！是吧，小泪！	her_0125 | 基生 | 才不给你发啦...	her_0127 | 小泪 | 没。		untranslated			0baf1cfdab1a30c46e7a15b65d8d2e7576f5699fc596a3115cc800eb985e4acf	707ba1c82dcdb9307ae9b809b15746a0585a5bda61f67b7ba74149f40b97fa8f
her_0127	heroine	女主视角 · 青	03-04		1173	小泪	dialogue	没。	her_0126 | 十屋君 | 真是想要和成田前辈的小aili见一下呢！是吧，小泪！	her_0128 | 十屋君 | 说来啊，成田前辈居然变得那么阳光了啊！果然是因为交了女朋友所以改变了啊——！我超理解的！		untranslated			e5318e6b7ffd4e95267c1b3e0d99742a62df215b699de3c009c3b20326510e9c	707ba1c82dcdb9307ae9b809b15746a0585a5bda61f67b7ba74149f40b97fa8f
her_0128	heroine	女主视角 · 青	03-04		1174	十屋君	dialogue	说来啊，成田前辈居然变得那么阳光了啊！果然是因为交了女朋友所以改变了啊——！我超理解的！	her_0127 | 小泪 | 没。	her_0129 | 旁白 | 一条来自“成田前辈”的短信。		untranslated			146815c7a3eb40f29104a3beaeb1192dcc6a9fdaab82854ea69871b1e59b3699	707ba1c82dcdb9307ae9b809b15746a0585a5bda61f67b7ba74149f40b97fa8f
her_0133	heroine	女主视角 · 青	03-06		1180	十屋君	dialogue	这么快就发过来了啊！！成田前辈真是傲娇呢！！喂，小泪也一起来看吧！	her_0132 | 旁白 | http://ily/kcta/ll/cfme/fytx...	her_0134 | 小泪 | 没兴趣。		untranslated			8084cf085bd5c0d79cc4692db2210aac8fb6f1e8608f587dae940faf26b82ae0	707ba1c82dcdb9307ae9b809b15746a0585a5bda61f67b7ba74149f40b97fa8f
her_0134	heroine	女主视角 · 青	03-06		1181	小泪	dialogue	没兴趣。	her_0133 | 十屋君 | 这么快就发过来了啊！！成田前辈真是傲娇呢！！喂，小泪也一起来看吧！	her_0135 | 十屋君 | 诶，好冷淡啊~不想看就算了！我看看啊~		untranslated			b1adb205623b0b74f79ed8d65da3cd973bbf0bf8558c69a1934343c674becc22	707ba1c82dcdb9307ae9b809b15746a0585a5bda61f67b7ba74149f40b97fa8f
her_0135	heroine	女主视角 · 青	03-06		1182	十屋君	dialogue	诶，好冷淡啊~不想看就算了！我看看啊~	her_0134 | 小泪 | 没兴趣。	her_0136 | 小泪 | 我，去那边看看。		untranslated			3f6fbe8ce63f4baa63e49de4a783b415e12fb2d7d2c69d190959481f80ea0c14	707ba1c82dcdb9307ae9b809b15746a0585a5bda61f67b7ba74149f40b97fa8f
her_0136	heroine	女主视角 · 青	03-06		1183	小泪	dialogue	我，去那边看看。	her_0135 | 十屋君 | 诶，好冷淡啊~不想看就算了！我看看啊~	her_0137 | 十屋君 | 知道了——		untranslated			6680afc4bf8daa9d439cd367b48aa00de3959a6e43be69e1382370dca58b9894	707ba1c82dcdb9307ae9b809b15746a0585a5bda61f67b7ba74149f40b97fa8f
her_0137	heroine	女主视角 · 青	03-06		1184	十屋君	dialogue	知道了——	her_0136 | 小泪 | 我，去那边看看。	her_0138 | 旁白 | 画面上，是一个少女的照片。		untranslated			d4de26e04a1a1e7dc9d6ee024dd00899e3b0f360f1ce28c2905b36f183b77dc8	707ba1c82dcdb9307ae9b809b15746a0585a5bda61f67b7ba74149f40b97fa8f
her_0140	heroine	女主视角 · 青	03-08		1187	十屋君	dialogue	哇啊啊啊啊啊啊——！！！	her_0139 | 旁白 | 但是她的脸上、脖子上、手臂上，到处钻出蠕虫般的电线。那些电线在照片里缓慢地扭动。	her_0141 | 小泪 | 匡门？		untranslated			9aa4ba5a02e11b9fe2a6d84e52d5aedcccb05b4202942fbb31e20e6405ba3d88	707ba1c82dcdb9307ae9b809b15746a0585a5bda61f67b7ba74149f40b97fa8f
her_0141	heroine	女主视角 · 青	03-08		1188	小泪	dialogue	匡门？	her_0140 | 十屋君 | 哇啊啊啊啊啊啊——！！！	her_0142 | 小泪 | 怎么了！？发生什么事情了！？		untranslated			dc4e6c917fbec9aec94c723b61250e36125d70a56d8fc89f56b7805e187ce76e	707ba1c82dcdb9307ae9b809b15746a0585a5bda61f67b7ba74149f40b97fa8f
her_0142	heroine	女主视角 · 青	03-08		1189	小泪	dialogue	怎么了！？发生什么事情了！？	her_0141 | 小泪 | 匡门？	her_0143 | 十屋君 | 啊，小，小泪...		untranslated			6c0c81d07711566f9f04ea3d04620bc7feac7b7ec5863c2899759ea43476e339	707ba1c82dcdb9307ae9b809b15746a0585a5bda61f67b7ba74149f40b97fa8f
her_0143	heroine	女主视角 · 青	03-08		1190	十屋君	dialogue	啊，小，小泪...	her_0142 | 小泪 | 怎么了！？发生什么事情了！？	her_0144 | 小泪 | 没事吧？		untranslated			536d92b0c9547985a460f4dc426159e768e42ab796c24b84b81ea4180f8d5b3b	707ba1c82dcdb9307ae9b809b15746a0585a5bda61f67b7ba74149f40b97fa8f
her_0144	heroine	女主视角 · 青	03-08		1191	小泪	dialogue	没事吧？	her_0143 | 十屋君 | 啊，小，小泪...	her_0145 | 旁白 | 十屋的双眼里映出蓝光。恐惧让他满脸冷汗，一句话也说不出来。		untranslated			78c25470db85684db8bab449b09798ec24cb3ed706a81511c41516ce9af98f36	707ba1c82dcdb9307ae9b809b15746a0585a5bda61f67b7ba74149f40b97fa8f
her_0146	heroine	女主视角 · 青	03-08		1193	小泪	dialogue	匡门？别吓我啊...发生什么了？	her_0145 | 旁白 | 十屋的双眼里映出蓝光。恐惧让他满脸冷汗，一句话也说不出来。	her_0147 | 十屋君 | 哇啊啊啊啊啊啊——！！！		untranslated			a576793eb927b27399b2fbe3186b6d89c18923011bf82c2bd4480eb9f35f08b9	707ba1c82dcdb9307ae9b809b15746a0585a5bda61f67b7ba74149f40b97fa8f
her_0147	heroine	女主视角 · 青	03-08		1194	十屋君	dialogue	哇啊啊啊啊啊啊——！！！	her_0146 | 小泪 | 匡门？别吓我啊...发生什么了？	her_0148 | 小泪 | 匡门！？		untranslated			9aa4ba5a02e11b9fe2a6d84e52d5aedcccb05b4202942fbb31e20e6405ba3d88	707ba1c82dcdb9307ae9b809b15746a0585a5bda61f67b7ba74149f40b97fa8f
her_0148	heroine	女主视角 · 青	03-08		1195	小泪	dialogue	匡门！？	her_0147 | 十屋君 | 哇啊啊啊啊啊啊——！！！	her_chapter_04 | heroine-card | 第四章｜「喜欢」是什么		untranslated			839084243113dea8e41e1839f5b200461f2d666d5384d5f151743cfa528b41f8	707ba1c82dcdb9307ae9b809b15746a0585a5bda61f67b7ba74149f40b97fa8f
her_0150	heroine	女主视角 · 青	04-01		1198	ILY	dialogue	基生你，不是只想着我的事情吗？基生的‘想’到底是什么？	her_scene_04_01 | heroine-card | 水族馆·空水槽前	her_0151 | ILY | 基生的‘想’就是丢下我独自一个人待着吗？就连一句我想听的话都说不出来。这就是基生的‘想’吗？		untranslated			e4e8c7ef711e19431720f6ea14c5c68e192b0923f6a5654f04c5633aa05ea6af	707ba1c82dcdb9307ae9b809b15746a0585a5bda61f67b7ba74149f40b97fa8f
her_0151	heroine	女主视角 · 青	04-01		1199	ILY	dialogue	基生的‘想’就是丢下我独自一个人待着吗？就连一句我想听的话都说不出来。这就是基生的‘想’吗？	her_0150 | ILY | 基生你，不是只想着我的事情吗？基生的‘想’到底是什么？	her_0152 | 基生 | 什么啊...这算...		untranslated			38e2c1ffbd8ed42c57a1a972b02b567661f02733756d940d650831352c61f9de	707ba1c82dcdb9307ae9b809b15746a0585a5bda61f67b7ba74149f40b97fa8f
her_0152	heroine	女主视角 · 青	04-01		1200	基生	dialogue	什么啊...这算...	her_0151 | ILY | 基生的‘想’就是丢下我独自一个人待着吗？就连一句我想听的话都说不出来。这就是基生的‘想’吗？	her_0153 | 基生 | 说出来，说出来...就非得全都说出来吗？什么都不说的话，爱理就真的不明白吗！？	何だよ……それ……	draft	AI 批量翻译初稿，需人工校对角色口吻与专名。		e2ea7879a820ad31d124b4f404c3a3feb68be69ac254d5ca40fd20e592343396	707ba1c82dcdb9307ae9b809b15746a0585a5bda61f67b7ba74149f40b97fa8f
her_0153	heroine	女主视角 · 青	04-01		1201	基生	dialogue	说出来，说出来...就非得全都说出来吗？什么都不说的话，爱理就真的不明白吗！？	her_0152 | 基生 | 什么啊...这算...	her_0154 | 基生 | 为什么爱理你这么拘泥于说出来呢！？我的‘想’就是丢下你独自一个人待着...这算什么啊？	言葉にして、言葉にしてって……全部言わなきゃいけないのか？ 何も言わなかったら、愛理には本当に何も分からないのか！？	draft	AI 批量翻译初稿，需人工校对角色口吻与专名。		0fa4a2bd6ece39dbc5bf97132572f42c572e3256706a8b733d3753a97fb6700b	707ba1c82dcdb9307ae9b809b15746a0585a5bda61f67b7ba74149f40b97fa8f
her_0154	heroine	女主视角 · 青	04-01		1202	基生	dialogue	为什么爱理你这么拘泥于说出来呢！？我的‘想’就是丢下你独自一个人待着...这算什么啊？	her_0153 | 基生 | 说出来，说出来...就非得全都说出来吗？什么都不说的话，爱理就真的不明白吗！？	her_0155 | 基生 | 一直一直...一直独自一人的不是我吗...？	どうして愛理は、そんなに言葉にすることにこだわるんだ！？ 僕の気持ちが、君を置いて一人にすることだって……何だよ、それ。	draft	AI 批量翻译初稿，需人工校对角色口吻与专名。		94c799497010038c95b9bc059535fc65b83857ddccd63bb7839c3cd35c7146f2	707ba1c82dcdb9307ae9b809b15746a0585a5bda61f67b7ba74149f40b97fa8f
her_0155	heroine	女主视角 · 青	04-01		1203	基生	dialogue	一直一直...一直独自一人的不是我吗...？	her_0154 | 基生 | 为什么爱理你这么拘泥于说出来呢！？我的‘想’就是丢下你独自一个人待着...这算什么啊？	her_0156 | 基生 | 忽然从我面前消失，又忽然出现，还说着‘最喜欢你了’，‘最喜欢你了’，我才搞不懂爱理所说的‘最喜欢了’到底算什么啊...	ずっと、ずっと……ずっと一人だったのは、僕のほうじゃないか……？	draft	AI 批量翻译初稿，需人工校对角色口吻与专名。		9ec4743debac89daf17771a0a159b6c15418a4e46acecf87119eb71233a15efa	707ba1c82dcdb9307ae9b809b15746a0585a5bda61f67b7ba74149f40b97fa8f
her_0156	heroine	女主视角 · 青	04-01		1204	基生	dialogue	忽然从我面前消失，又忽然出现，还说着‘最喜欢你了’，‘最喜欢你了’，我才搞不懂爱理所说的‘最喜欢了’到底算什么啊...	her_0155 | 基生 | 一直一直...一直独自一人的不是我吗...？	her_0157 | 基生 | 爱理说的‘最喜欢你了’算什么啊！？	突然僕の前から消えて、また突然現れて、『大好き』『大好き』って……僕には、愛理の言う『大好き』が何なのか分からないんだ……	draft	AI 批量翻译初稿，需人工校对角色口吻与专名。		f230e2dc98bbf0bae04befeeaad7f97e7f6491ccbdc0f79cffc569d9ff523924	707ba1c82dcdb9307ae9b809b15746a0585a5bda61f67b7ba74149f40b97fa8f
her_0157	heroine	女主视角 · 青	04-01		1205	基生	dialogue	爱理说的‘最喜欢你了’算什么啊！？	her_0156 | 基生 | 忽然从我面前消失，又忽然出现，还说着‘最喜欢你了’，‘最喜欢你了’，我才搞不懂爱理所说的‘最喜欢了’到底算什么啊...	her_0158 | ILY | 什...说是什么...	愛理の『大好き』って、何なんだよ！？	draft	AI 批量翻译初稿，需人工校对角色口吻与专名。		ea079ab60c5af343850e5ca8bc389e947a2ee45a2ec4cbd84b49c517fb7f5918	707ba1c82dcdb9307ae9b809b15746a0585a5bda61f67b7ba74149f40b97fa8f
her_0158	heroine	女主视角 · 青	04-01		1206	ILY	dialogue	什...说是什么...	her_0157 | 基生 | 爱理说的‘最喜欢你了’算什么啊！？	her_scene_04_02 | heroine-card | 程序错乱		untranslated			58046148c44ea8cb3a27ed468099c5eccb853f469b0a65161e268b6e00b1ac6f	707ba1c82dcdb9307ae9b809b15746a0585a5bda61f67b7ba74149f40b97fa8f
her_0162	heroine	女主视角 · 青	04-02		1211	基生	dialogue	...爱理？	her_0161 | 旁白 | 什么？为什么？最喜欢你就是最喜欢你吧？为什么要问这种事？什么？最喜欢你了，最喜欢你了，最喜欢，你想听我说最喜欢你的吧？听到我说最喜欢你了不是很开心吗？为什么？什么？最喜欢你了	her_0163 | 旁白 | “最喜欢你了”是什么	……愛理？	draft	AI 批量翻译初稿，需人工校对角色口吻与专名。		7395e97f4cca05af361e89c48e228ccd662bc2aef7531c425b509a882626460a	707ba1c82dcdb9307ae9b809b15746a0585a5bda61f67b7ba74149f40b97fa8f
her_0164	heroine	女主视角 · 青	04-02		1213	基生	dialogue	爱理？	her_0163 | 旁白 | “最喜欢你了”是什么	her_0165 | 基生 | 没事吧...？	愛理？	draft	AI 批量翻译初稿，需人工校对角色口吻与专名。		e2069e1d631aae9d1aabde6c8929a71e173aa6e73763f96d82634977b1e61660	707ba1c82dcdb9307ae9b809b15746a0585a5bda61f67b7ba74149f40b97fa8f
her_0165	heroine	女主视角 · 青	04-02		1214	基生	dialogue	没事吧...？	her_0164 | 基生 | 爱理？	her_scene_04_03 | heroine-card | 梦	大丈夫か……？	draft	AI 批量翻译初稿，需人工校对角色口吻与专名。		4d9fdc172d9e0de063a3f9f0a62ed69d98dae9235ce63d47140c8d79c74c5c9b	707ba1c82dcdb9307ae9b809b15746a0585a5bda61f67b7ba74149f40b97fa8f
her_0168	heroine	女主视角 · 青	04-03		1217	ILY	dialogue	最喜欢你了哦，基生	her_0167 | 旁白 | “我”成为了“爱理”，做了一切我能做的，企图去引诱他说出那句话。	her_0169 | 旁白 | 来吧，用你的声音		untranslated			6bf4ed1a040ac4c3febe57e22a0e4f8554ada990be1a1f9b9b1210f2e5c9c3c0	707ba1c82dcdb9307ae9b809b15746a0585a5bda61f67b7ba74149f40b97fa8f
her_0170	heroine	女主视角 · 青	04-03		1219	ILY	dialogue	那么，基生呢？	her_0169 | 旁白 | 来吧，用你的声音	her_0171 | 旁白 | 快一点，快一点		untranslated			56e931d1e34cc5852bcb4e6123d8381f2a92fc29ed6e33d3f9f0f98f274b6fa5	707ba1c82dcdb9307ae9b809b15746a0585a5bda61f67b7ba74149f40b97fa8f
her_0172	heroine	女主视角 · 青	04-03		1221	基生	dialogue	最...	her_0171 | 旁白 | 快一点，快一点	her_0173 | 旁白 | 向我说出那句话...	だい……	draft	AI 批量翻译初稿，需人工校对角色口吻与专名。		f7d1d524ff8133964092fc7030205e2f68e3c9798c53bcc2c31f2d36d0dca706	707ba1c82dcdb9307ae9b809b15746a0585a5bda61f67b7ba74149f40b97fa8f
her_0178	heroine	女主视角 · 青	04-04		1227	基生	dialogue	啊，爱理	her_0177 | 旁白 | 这就意味着...	her_0179 | 基生 | 太好了……你醒了啊……	あ、愛理。	draft	AI 批量翻译初稿，需人工校对角色口吻与专名。		ecf262b4347c53caeee83e1e9b6912b6b13108bbb4ed89638db31db9944ab132	707ba1c82dcdb9307ae9b809b15746a0585a5bda61f67b7ba74149f40b97fa8f
her_0179	heroine	女主视角 · 青	04-04		1228	基生	dialogue	太好了……你醒了啊……	her_0178 | 基生 | 啊，爱理	her_0180 | 基生 | 没事儿吧？身体没问题了吗？	よかった……目が覚めたんだな……	draft	AI 批量翻译初稿，需人工校对角色口吻与专名。		adb50332e31c25870fda78449f0fb491620e9f1ab3771b156a18078829255791	707ba1c82dcdb9307ae9b809b15746a0585a5bda61f67b7ba74149f40b97fa8f
her_0180	heroine	女主视角 · 青	04-04		1229	基生	dialogue	没事儿吧？身体没问题了吗？	her_0179 | 基生 | 太好了……你醒了啊……	her_0181 | ILY | 嗯……嗯嗯！可能是有点……贫血的样子。	大丈夫か？ もう身体は平気なのか？	draft	AI 批量翻译初稿，需人工校对角色口吻与专名。		aed5879a878cb58c26860244916b9cd11800b7df4df1740808a2df0609aa47ba	707ba1c82dcdb9307ae9b809b15746a0585a5bda61f67b7ba74149f40b97fa8f
her_0181	heroine	女主视角 · 青	04-04		1230	ILY	dialogue	嗯……嗯嗯！可能是有点……贫血的样子。	her_0180 | 基生 | 没事儿吧？身体没问题了吗？	her_0182 | 基生 | 贫血吗……		untranslated			c7fee3a68e885e969ebcc2ee12c2d0e056970664734833588f6a41a38165f411	707ba1c82dcdb9307ae9b809b15746a0585a5bda61f67b7ba74149f40b97fa8f
her_0182	heroine	女主视角 · 青	04-04		1231	基生	dialogue	贫血吗……	her_0181 | ILY | 嗯……嗯嗯！可能是有点……贫血的样子。	her_0183 | 基生 | 你别勉强，还是躺着比较好吧……	貧血か……	draft	AI 批量翻译初稿，需人工校对角色口吻与专名。		af7669b3b68a0356ac5e4594a66d387d93ac6bdf9b4685cce3b28aeb1dd0e737	707ba1c82dcdb9307ae9b809b15746a0585a5bda61f67b7ba74149f40b97fa8f
her_0183	heroine	女主视角 · 青	04-04		1232	基生	dialogue	你别勉强，还是躺着比较好吧……	her_0182 | 基生 | 贫血吗……	her_scene_04_05 | heroine-card | 床边	無理しないで、まだ横になってたほうがいいんじゃないか……	draft	AI 批量翻译初稿，需人工校对角色口吻与专名。		869c5d6fa8ea8f004ebd4457c2b04ef120b1bcc8c42722e3328b6a87a8e6a8a7	707ba1c82dcdb9307ae9b809b15746a0585a5bda61f67b7ba74149f40b97fa8f
her_0185	heroine	女主视角 · 青	04-05		1235	ILY	dialogue	没问题，没问题！	her_0184 | 旁白 | ILY坐在床沿，双手拘谨地并拢在膝前。她低着头，头发遮住了双眼，十分紧张。	her_0186 | ILY | 比起这个，那个……我……		untranslated			61586dae976e1b198092045a242f3a01958368f908ca96479b0b5b035551816a	707ba1c82dcdb9307ae9b809b15746a0585a5bda61f67b7ba74149f40b97fa8f
her_0186	heroine	女主视角 · 青	04-05		1236	ILY	dialogue	比起这个，那个……我……	her_0185 | ILY | 没问题，没问题！	her_0187 | ILY | 我……		untranslated			10b7d5d33780930211493195d0e45d5fbcbc7fc8e89d5c227f6ccf1be796b454	707ba1c82dcdb9307ae9b809b15746a0585a5bda61f67b7ba74149f40b97fa8f
her_0187	heroine	女主视角 · 青	04-05		1237	ILY	dialogue	我……	her_0186 | ILY | 比起这个，那个……我……	her_0191 | 基生 | 爱理，		untranslated			6fce69187b5acb783437e498134d10c9016198926a6b3008e4fd44c1448f05dc	707ba1c82dcdb9307ae9b809b15746a0585a5bda61f67b7ba74149f40b97fa8f
her_0191	heroine	女主视角 · 青	04-05		1238	基生	dialogue	爱理，	her_0187 | ILY | 我……	her_scene_04_06 | heroine-card | 拥抱	愛理、	draft	AI 批量翻译初稿，需人工校对角色口吻与专名。		7f1a0c21caa1ec300ffb5a5c765c63894edb9d5d06f032a78cfa7f76f1e03c06	707ba1c82dcdb9307ae9b809b15746a0585a5bda61f67b7ba74149f40b97fa8f
her_0193	heroine	女主视角 · 青	04-06		1241	基生	dialogue	对不起……	her_0192 | 旁白 | 这个拥抱来得十分突然。爱理睁大双眼，身体僵在原地，显然没有预料到基生会这样回应。基生低下头，将脸埋在她的肩旁，双臂紧紧环住她。	her_0194 | 基生 | 那时候，我不该让爱理一个人待着……	ごめん……	draft	AI 批量翻译初稿，需人工校对角色口吻与专名。		ff1dc1713fab95007834915beeae0ac18fa73bc5ff8108915246353bd1328ca9	707ba1c82dcdb9307ae9b809b15746a0585a5bda61f67b7ba74149f40b97fa8f
her_0194	heroine	女主视角 · 青	04-06		1242	基生	dialogue	那时候，我不该让爱理一个人待着……	her_0193 | 基生 | 对不起……	her_0195 | 基生 | 明明知道你心里十分不安，我却……	あの時、愛理を一人にするべきじゃなかった……	draft	AI 批量翻译初稿，需人工校对角色口吻与专名。		85709508f38758a4d7b375126d2c9e897b569fd3d3fd479327c6b5505212f062	707ba1c82dcdb9307ae9b809b15746a0585a5bda61f67b7ba74149f40b97fa8f
her_0195	heroine	女主视角 · 青	04-06		1243	基生	dialogue	明明知道你心里十分不安，我却……	her_0194 | 基生 | 那时候，我不该让爱理一个人待着……	her_0196 | 基生 | 一个劲儿地只顾说自己的事情。	君がすごく不安だったって分かってたのに、僕は……	draft	AI 批量翻译初稿，需人工校对角色口吻与专名。		620601e70f8927acfc9aa9ed7ced07c0c41b492516937a23231b72bbd89436d6	707ba1c82dcdb9307ae9b809b15746a0585a5bda61f67b7ba74149f40b97fa8f
her_0196	heroine	女主视角 · 青	04-06		1244	基生	dialogue	一个劲儿地只顾说自己的事情。	her_0195 | 基生 | 明明知道你心里十分不安，我却……	her_0197 | 基生 | 真的非常对不起……	自分のことばかり、一方的に話してた。	draft	AI 批量翻译初稿，需人工校对角色口吻与专名。		b0a7cdb8e3fbba9d2ad01de8d2c517475f2284aa7619701de6e4643442715195	707ba1c82dcdb9307ae9b809b15746a0585a5bda61f67b7ba74149f40b97fa8f
her_0197	heroine	女主视角 · 青	04-06		1245	基生	dialogue	真的非常对不起……	her_0196 | 基生 | 一个劲儿地只顾说自己的事情。	her_0198 | ILY | ……基生。	本当にごめん……	draft	AI 批量翻译初稿，需人工校对角色口吻与专名。		8bfa9ccb6509dc7d89638a0bf91efd914a334db0024e6b2e49e3de9f723b7c7b	707ba1c82dcdb9307ae9b809b15746a0585a5bda61f67b7ba74149f40b97fa8f
her_0198	heroine	女主视角 · 青	04-06		1246	ILY	dialogue	……基生。	her_0197 | 基生 | 真的非常对不起……	her_0199 | ILY | 放开我。		untranslated			7d6ae607f1778064b1509d4b53e6ad6fffbf9806e61d6431abd949097ab11fbd	707ba1c82dcdb9307ae9b809b15746a0585a5bda61f67b7ba74149f40b97fa8f
her_0199	heroine	女主视角 · 青	04-06		1247	ILY	dialogue	放开我。	her_0198 | ILY | ……基生。	her_0200 | 基生 | 诶，那个……对不起！我……！		untranslated			644f1e56b7ec721a9fc9b0794bc2ea54922e1ed1feaabff163315f8be816da74	707ba1c82dcdb9307ae9b809b15746a0585a5bda61f67b7ba74149f40b97fa8f
her_0200	heroine	女主视角 · 青	04-06		1248	基生	dialogue	诶，那个……对不起！我……！	her_0199 | ILY | 放开我。	her_0201 | 基生 | 难道是那时候，身上有哪里受伤了吗……！？	え、あの……ごめん！ 僕……！	draft	AI 批量翻译初稿，需人工校对角色口吻与专名。		76f70cbd63f8097acdddbf0b536da3c1100b4f1251518a3026458269db934582	707ba1c82dcdb9307ae9b809b15746a0585a5bda61f67b7ba74149f40b97fa8f
her_0201	heroine	女主视角 · 青	04-06		1249	基生	dialogue	难道是那时候，身上有哪里受伤了吗……！？	her_0200 | 基生 | 诶，那个……对不起！我……！	her_0202 | ILY | ……不，不是那样。	まさか、あの時どこか怪我したのか……！？	draft	AI 批量翻译初稿，需人工校对角色口吻与专名。		4caaf0bba341d6fe48eddab8c9acb3b6bb80a320b6311d4db3e027fde7349e47	707ba1c82dcdb9307ae9b809b15746a0585a5bda61f67b7ba74149f40b97fa8f
her_0202	heroine	女主视角 · 青	04-06		1250	ILY	dialogue	……不，不是那样。	her_0201 | 基生 | 难道是那时候，身上有哪里受伤了吗……！？	her_0203 | 旁白 | 她脸颊通红，神情慌乱。基生看到她的异常反应，凑近了些。		untranslated			35fbdfdca79cd588b03eab1a534777df2614178c9d8b97a0bfff11d924fca806	707ba1c82dcdb9307ae9b809b15746a0585a5bda61f67b7ba74149f40b97fa8f
her_0204	heroine	女主视角 · 青	04-06		1252	基生	dialogue	发、发烧了……！？	her_0203 | 旁白 | 她脸颊通红，神情慌乱。基生看到她的异常反应，凑近了些。	her_0205 | ILY | 不、不是哦！我没事的！	ね、熱があるのか……！？	draft	AI 批量翻译初稿，需人工校对角色口吻与专名。		4ae85ec498880d0e4ebc1635d0f03def62ce3249cd8fa58422fcce34e848bf54	707ba1c82dcdb9307ae9b809b15746a0585a5bda61f67b7ba74149f40b97fa8f
her_0205	heroine	女主视角 · 青	04-06		1253	ILY	dialogue	不、不是哦！我没事的！	her_0204 | 基生 | 发、发烧了……！？	her_0206 | ILY | 我也不知道自己怎么了！？		untranslated			422d678503219c16d24ba725bea94674f2b4a5c949aef2cc34fc96551b3148b3	707ba1c82dcdb9307ae9b809b15746a0585a5bda61f67b7ba74149f40b97fa8f
her_0206	heroine	女主视角 · 青	04-06		1254	ILY	dialogue	我也不知道自己怎么了！？	her_0205 | ILY | 不、不是哦！我没事的！	her_0208 | ILY | 为什么呢...		untranslated			77b60985e715029b88363aed2f9b2ddde7793b3bcd613aaf8c2f84812317cb3a	707ba1c82dcdb9307ae9b809b15746a0585a5bda61f67b7ba74149f40b97fa8f
her_0208	heroine	女主视角 · 青	04-06		1255	ILY	dialogue	为什么呢...	her_0206 | ILY | 我也不知道自己怎么了！？	her_scene_04_07 | heroine-card | 未遂的告白		untranslated			1729d9f6cdf6fa0419859591c7bc70a87350f79fd141b452721eb03dcb165b99	707ba1c82dcdb9307ae9b809b15746a0585a5bda61f67b7ba74149f40b97fa8f
her_0211	heroine	女主视角 · 青	04-07		1257	基生	dialogue	爱理，我啊……	her_scene_04_07 | heroine-card | 未遂的告白	her_0212 | 基生 | 再也不会让你一个人待着了。	愛理、僕は……	draft	AI 批量翻译初稿，需人工校对角色口吻与专名。		a0115024ee218c608885262b744072418c3badb3e435a18a0e70e42ea5514cff	707ba1c82dcdb9307ae9b809b15746a0585a5bda61f67b7ba74149f40b97fa8f
her_0212	heroine	女主视角 · 青	04-07		1258	基生	dialogue	再也不会让你一个人待着了。	her_0211 | 基生 | 爱理，我啊……	her_0213 | 基生 | 我发誓，因为在我眼里，爱理你真的非常重要。	もう二度と、君を一人にしない。	draft	AI 批量翻译初稿，需人工校对角色口吻与专名。		787bb754fb8e58ed3e3e4c2937eb253b3b4c8420279d6b4b5d1551de5a95d279	707ba1c82dcdb9307ae9b809b15746a0585a5bda61f67b7ba74149f40b97fa8f
her_0213	heroine	女主视角 · 青	04-07		1259	基生	dialogue	我发誓，因为在我眼里，爱理你真的非常重要。	her_0212 | 基生 | 再也不会让你一个人待着了。	her_0215 | 基生 | 所以……爱理你要是对我没有言语上的表示而感到不安的话，那么，我现在就传达给你。	誓うよ。僕にとって、愛理は本当に大切だから。	draft	AI 批量翻译初稿，需人工校对角色口吻与专名。		67d9fe9515f9ab4ade84c2c4d4274326249a04db965674209d6d8574b2dfcb68	707ba1c82dcdb9307ae9b809b15746a0585a5bda61f67b7ba74149f40b97fa8f
her_0215	heroine	女主视角 · 青	04-07		1260	基生	dialogue	所以……爱理你要是对我没有言语上的表示而感到不安的话，那么，我现在就传达给你。	her_0213 | 基生 | 我发誓，因为在我眼里，爱理你真的非常重要。	her_0217 | 旁白 | 基生红着脸，准备完成告白。	だから……僕が言葉にしないことで愛理が不安になるなら、今、ちゃんと伝えるよ。	draft	AI 批量翻译初稿，需人工校对角色口吻与专名。		3f40fd6acd15c661862e0d9d7ddad173e7e653e29fc4888198e90db22093a58b	707ba1c82dcdb9307ae9b809b15746a0585a5bda61f67b7ba74149f40b97fa8f
her_0218	heroine	女主视角 · 青	04-07		1262	基生	dialogue	我也……对爱理你……	her_0217 | 旁白 | 基生红着脸，准备完成告白。	her_0220 | 基生 | 最喜……	僕も……愛理のことが……	draft	AI 批量翻译初稿，需人工校对角色口吻与专名。		1aa546aa488639f2d834bcd82f1b9ae99fe3eff15c53ceb7781b089ef1d176f7	707ba1c82dcdb9307ae9b809b15746a0585a5bda61f67b7ba74149f40b97fa8f
her_0220	heroine	女主视角 · 青	04-07		1263	基生	dialogue	最喜……	her_0218 | 基生 | 我也……对爱理你……	her_0221 | ILY | 不行！！	大好……	draft	AI 批量翻译初稿，需人工校对角色口吻与专名。		3a243fdf8d4533802d5f02495861c5608a56d33c106abbc224027c901a359437	707ba1c82dcdb9307ae9b809b15746a0585a5bda61f67b7ba74149f40b97fa8f
her_0221	heroine	女主视角 · 青	04-08		1264	ILY	dialogue	不行！！	her_0220 | 基生 | 最喜……	her_0222 | ILY | 不能说……！		untranslated			a9bc5ca60c70fa9aefd0b134fdad240fef245be4dc24d655c570994da79b86a4	707ba1c82dcdb9307ae9b809b15746a0585a5bda61f67b7ba74149f40b97fa8f
her_0222	heroine	女主视角 · 青	04-08		1265	ILY	dialogue	不能说……！	her_0221 | ILY | 不行！！	her_0223 | ILY | 啊...我……我现在已经没事啦！		untranslated			7ee183939dfd00f9a4137fee49ac9dd979574b2fbdc91349774baaa2a3298c26	707ba1c82dcdb9307ae9b809b15746a0585a5bda61f67b7ba74149f40b97fa8f
her_0223	heroine	女主视角 · 青	04-08		1266	ILY	dialogue	啊...我……我现在已经没事啦！	her_0222 | ILY | 不能说……！	her_0224 | ILY | 所以，我稍微，去外面！呼吸一下空气！！		untranslated			5b7d4852aabcc94eb12d8a085b2cf960c845102cf3098cd9861793e519f090c9	707ba1c82dcdb9307ae9b809b15746a0585a5bda61f67b7ba74149f40b97fa8f
her_0224	heroine	女主视角 · 青	04-08		1267	ILY	dialogue	所以，我稍微，去外面！呼吸一下空气！！	her_0223 | ILY | 啊...我……我现在已经没事啦！	her_0225 | 基生 | 诶？爱……爱理？		untranslated			f558a5ba8819bc127cc8d67a1b8d5ed4a7bcaf0fc11c5cf31a3a5a21de764f1a	707ba1c82dcdb9307ae9b809b15746a0585a5bda61f67b7ba74149f40b97fa8f
her_0225	heroine	女主视角 · 青	04-08		1268	基生	dialogue	诶？爱……爱理？	her_0224 | ILY | 所以，我稍微，去外面！呼吸一下空气！！	her_0226 | ILY | 唔~~~看那边！！	え？ あ……愛理？	draft	AI 批量翻译初稿，需人工校对角色口吻与专名。		2ad4d77ab7ca6d73a2568d9653621c31d0cfa7f259ec22c4e494e843d3cf91bc	707ba1c82dcdb9307ae9b809b15746a0585a5bda61f67b7ba74149f40b97fa8f
her_0226	heroine	女主视角 · 青	04-08		1269	ILY	dialogue	唔~~~看那边！！	her_0225 | 基生 | 诶？爱……爱理？	her_0227 | 旁白 | 房间里只剩下他自己，和那扇被风轻轻吹动的窗帘。		untranslated			a1b15c7d8176a74bfd34e92ba068c07666dff9ed2d481a626d2a67f7d5732772	707ba1c82dcdb9307ae9b809b15746a0585a5bda61f67b7ba74149f40b97fa8f
her_0229	heroine	女主视角 · 青	04-09		1273	ILY	dialogue	果然，我变不回去了...	her_0228 | 旁白 | ILY来到了第一次见面的蓝色海边，沉默良久，然后自言自语道。	her_0235 | 旁白 | ILY的手指轻轻点在自己的嘴边。		untranslated			1e48a9303e5073a9c0763a1cb24850b94b47807614f29afd7182d9460a0f3bc7	707ba1c82dcdb9307ae9b809b15746a0585a5bda61f67b7ba74149f40b97fa8f
her_0239	heroine	女主视角 · 青	04-09		1275	ILY	dialogue	我...到底是怎么了呢...	her_0235 | 旁白 | ILY的手指轻轻点在自己的嘴边。	her_chapter_05 | heroine-card | 第五章｜江之岛		untranslated			095a2ae5a89ff79f7901f40489d86164936cb2454240ac466a526b7e6cdee97e	707ba1c82dcdb9307ae9b809b15746a0585a5bda61f67b7ba74149f40b97fa8f
her_0241	heroine	女主视角 · 青	05-01		1279	基生	dialogue	江之岛……很久没来了啊。	her_0240 | 旁白 | 两人背着随身物品，沿着通往岛上的道路前进。	her_0242 | 基生 | 今天是个晴天，真不错呢。	江ノ島……久しぶりだな。	draft	AI 批量翻译初稿，需人工校对角色口吻与专名。		418d05577932903c1bd27764b4586a69547cc9c3f5d958dab4b675058bf5fed4	707ba1c82dcdb9307ae9b809b15746a0585a5bda61f67b7ba74149f40b97fa8f
her_0242	heroine	女主视角 · 青	05-01		1280	基生	dialogue	今天是个晴天，真不错呢。	her_0241 | 基生 | 江之岛……很久没来了啊。	her_0243 | ILY | 嗯……是呢。	今日は晴れてよかったな。	draft	AI 批量翻译初稿，需人工校对角色口吻与专名。		b8e06afbdaa89ce11db3c536473d218adae97ff7e19fc8605450057cbafb1c46	707ba1c82dcdb9307ae9b809b15746a0585a5bda61f67b7ba74149f40b97fa8f
her_0243	heroine	女主视角 · 青	05-01		1281	ILY	dialogue	嗯……是呢。	her_0242 | 基生 | 今天是个晴天，真不错呢。	her_0244 | 基生 | 走吧，爱理。		untranslated			7b02eea336e5b71c152baf5c74a70dcaf06c6b23a6519e0e4d6fd7f1e027da29	707ba1c82dcdb9307ae9b809b15746a0585a5bda61f67b7ba74149f40b97fa8f
her_0244	heroine	女主视角 · 青	05-01		1282	基生	dialogue	走吧，爱理。	her_0243 | ILY | 嗯……是呢。	her_0245 | ILY | 嗯！	行こう、愛理。	draft	AI 批量翻译初稿，需人工校对角色口吻与专名。		46f563d27bb9b5242a05b6c79001e472e810d6d02e9a1052293cdd150415a1b7	707ba1c82dcdb9307ae9b809b15746a0585a5bda61f67b7ba74149f40b97fa8f
her_0245	heroine	女主视角 · 青	05-01		1283	ILY	dialogue	嗯！	her_0244 | 基生 | 走吧，爱理。	her_scene_05_02 | heroine-card | 紫阳花小路		untranslated			d551292c6c701f889324e75f99b05b3b8aaedf2874e4c2b3e9ad7b253032575d	707ba1c82dcdb9307ae9b809b15746a0585a5bda61f67b7ba74149f40b97fa8f
her_0247	heroine	女主视角 · 青	05-02		1286	ILY	dialogue	基生、这里……	her_0246 | 旁白 | ILY停下脚步，看着周围的花木。	her_0248 | 基生 | 啊啊……好怀念啊。		untranslated			2bfa09242eff26e4f13a64e5344bab2cb289ce0cdd20aff5a1152d6e7c9e6129	707ba1c82dcdb9307ae9b809b15746a0585a5bda61f67b7ba74149f40b97fa8f
her_0248	heroine	女主视角 · 青	05-02		1287	基生	dialogue	啊啊……好怀念啊。	her_0247 | ILY | 基生、这里……	her_0249 | 基生 | 之前是高中的时候……6月份来的吧。	ああ……懐かしいな。	draft	AI 批量翻译初稿，需人工校对角色口吻与专名。		060cc5f0c3627a4a504a5af89bf6f872f97f7d2a3476af8468ad790a1f8d840b	707ba1c82dcdb9307ae9b809b15746a0585a5bda61f67b7ba74149f40b97fa8f
her_0249	heroine	女主视角 · 青	05-02		1288	基生	dialogue	之前是高中的时候……6月份来的吧。	her_0248 | 基生 | 啊啊……好怀念啊。	her_0250 | 基生 | 紫阳花还大片大片的开着。	前に来たのは高校生の時……六月だったよな。	draft	AI 批量翻译初稿，需人工校对角色口吻与专名。		61d8e0e7f3fbbcadb962f5fb02313a233c465be948b270110eab238189f7ed5c	707ba1c82dcdb9307ae9b809b15746a0585a5bda61f67b7ba74149f40b97fa8f
her_0250	heroine	女主视角 · 青	05-02		1289	基生	dialogue	紫阳花还大片大片的开着。	her_0249 | 基生 | 之前是高中的时候……6月份来的吧。	her_0251 | 旁白 | 现在已经进入八月，花期即将结束，只剩下一部分花朵仍然开放。	紫陽花が一面に咲いてた。	draft	AI 批量翻译初稿，需人工校对角色口吻与专名。		1dc8a4a2e881e992a0f50e00b8d27a429769d16c1ddc4a480a19aedebef387bd	707ba1c82dcdb9307ae9b809b15746a0585a5bda61f67b7ba74149f40b97fa8f
her_0252	heroine	女主视角 · 青	05-02		1291	基生	dialogue	现在已经是八月份了呢—	her_0251 | 旁白 | 现在已经进入八月，花期即将结束，只剩下一部分花朵仍然开放。	her_0253 | 基生 | 啊、还有一些呢。	今はもう八月だからな——	draft	AI 批量翻译初稿，需人工校对角色口吻与专名。		76a2cd967772bed6d6a2a275556843c83a27fac05adb11a610d290d529775090	707ba1c82dcdb9307ae9b809b15746a0585a5bda61f67b7ba74149f40b97fa8f
her_0253	heroine	女主视角 · 青	05-02		1292	基生	dialogue	啊、还有一些呢。	her_0252 | 基生 | 现在已经是八月份了呢—	her_0254 | 旁白 | ILY脑中闪过基生手机相册里的照片，是他高中时代拍下的。照片里的爱理站在同一个地方，面带笑容。	あ、まだ少し咲いてる。	draft	AI 批量翻译初稿，需人工校对角色口吻与专名。		a3054c7fc33aebc573f9713e4fbcd5c3b03511b41713c5e5352daf1d760082d6	707ba1c82dcdb9307ae9b809b15746a0585a5bda61f67b7ba74149f40b97fa8f
her_0256	heroine	女主视角 · 青	05-02		1294	ILY	dialogue	这样啊……	her_0254 | 旁白 | ILY脑中闪过基生手机相册里的照片，是他高中时代拍下的。照片里的爱理站在同一个地方，面带笑容。	her_0257 | 基生 | ……明年、再一起来吧。		untranslated			8b4343af396b51073cca3adf0c673889ec0fcfef82c8bf45d7ed4617d3a909cc	707ba1c82dcdb9307ae9b809b15746a0585a5bda61f67b7ba74149f40b97fa8f
her_0257	heroine	女主视角 · 青	05-02		1295	基生	dialogue	……明年、再一起来吧。	her_0256 | ILY | 这样啊……	her_0258 | 基生 | 明年6月份的时候。	……来年、また一緒に来よう。	draft	AI 批量翻译初稿，需人工校对角色口吻与专名。		64339f8646b457d7b2c65516366896b6fb56d4f301a8c4f9a70a95ab40527a42	707ba1c82dcdb9307ae9b809b15746a0585a5bda61f67b7ba74149f40b97fa8f
her_0258	heroine	女主视角 · 青	05-02		1296	基生	dialogue	明年6月份的时候。	her_0257 | 基生 | ……明年、再一起来吧。	her_0259 | ILY | 嗯……	来年の六月に。	draft	AI 批量翻译初稿，需人工校对角色口吻与专名。		fccb7b7c28300abbac1060bc98c74cf871812cbc68d038872577438142537ace	707ba1c82dcdb9307ae9b809b15746a0585a5bda61f67b7ba74149f40b97fa8f
her_0259	heroine	女主视角 · 青	05-02		1297	ILY	dialogue	嗯……	her_0258 | 基生 | 明年6月份的时候。	her_0260 | ILY | 嗯！		untranslated			a345277ca0f15b0b625a94cd53671bc50a7b154efa1ef6b22960ae9fc4a1d375	707ba1c82dcdb9307ae9b809b15746a0585a5bda61f67b7ba74149f40b97fa8f
her_0260	heroine	女主视角 · 青	05-02		1298	ILY	dialogue	嗯！	her_0259 | ILY | 嗯……	her_0261 | ILY | 约好了呢！		untranslated			e84bbef72dccee53895bb15e232c8d919865cca7ead732e74018b5f15c0d684b	707ba1c82dcdb9307ae9b809b15746a0585a5bda61f67b7ba74149f40b97fa8f
her_0261	heroine	女主视角 · 青	05-02		1299	ILY	dialogue	约好了呢！	her_0260 | ILY | 嗯！	her_scene_05_03 | heroine-card | 石板路		untranslated			37dbdcfe160aa15acff5b67880298af49930014216fd5a60991a2f2ba0fed23b	707ba1c82dcdb9307ae9b809b15746a0585a5bda61f67b7ba74149f40b97fa8f
her_0268	heroine	女主视角 · 青	05-03		1302	ILY	dialogue	基生、	her_0262 | 旁白 | ILY走在基生身旁，两人的手再次牵在一起，在石板路上走了一会儿。	her_0269 | ILY | 我呢、想和基生一直在一起。		untranslated			7dc0f37509c766bccbe3c2a78fcaadedf324242dba29bf4e93f544f5f6b20b89	707ba1c82dcdb9307ae9b809b15746a0585a5bda61f67b7ba74149f40b97fa8f
her_0269	heroine	女主视角 · 青	05-03		1303	ILY	dialogue	我呢、想和基生一直在一起。	her_0268 | ILY | 基生、	her_0270 | ILY | 是、		untranslated			83f046b628a715dd1499563e4a44e8f35f35156598f09fccaebbd7587919c085	707ba1c82dcdb9307ae9b809b15746a0585a5bda61f67b7ba74149f40b97fa8f
her_0270	heroine	女主视角 · 青	05-03		1304	ILY	dialogue	是、	her_0269 | ILY | 我呢、想和基生一直在一起。	her_0271 | ILY | 这、		untranslated			f485e5d040c1aa2fa26535199ac26b20bb55c1fd7614df04cb9dd266ceb6c6cf	707ba1c82dcdb9307ae9b809b15746a0585a5bda61f67b7ba74149f40b97fa8f
her_0271	heroine	女主视角 · 青	05-03		1305	ILY	dialogue	这、	her_0270 | ILY | 是、	her_0272 | ILY | 这么想的……		untranslated			24c6c4c1e74385c175c91f48ac5fe7b775f926e02a63d9c647fa0cdf12914b02	707ba1c82dcdb9307ae9b809b15746a0585a5bda61f67b7ba74149f40b97fa8f
her_0272	heroine	女主视角 · 青	05-03		1306	ILY	dialogue	这么想的……	her_0271 | ILY | 这、	her_0274 | 基生 | 怎么了，忽然这么说……		untranslated			d3bdb325f43f806d82a07c8dc852e1633efb04c5b30dbbe2cd3e60da81eea36c	707ba1c82dcdb9307ae9b809b15746a0585a5bda61f67b7ba74149f40b97fa8f
her_0274	heroine	女主视角 · 青	05-03		1307	基生	dialogue	怎么了，忽然这么说……	her_0272 | ILY | 这么想的……	her_0275 | 基生 | 嗯、	どうしたんだ、急にそんなこと言って……	draft	AI 批量翻译初稿，需人工校对角色口吻与专名。		00c4b17f0502e5722b5b3dc9ecedf9d88df2636aa5343cbd39fb3934dd5a05ce	707ba1c82dcdb9307ae9b809b15746a0585a5bda61f67b7ba74149f40b97fa8f
her_0275	heroine	女主视角 · 青	05-03		1308	基生	dialogue	嗯、	her_0274 | 基生 | 怎么了，忽然这么说……	her_0276 | 基生 | 我也想和爱理一直在一起。	うん、	draft	AI 批量翻译初稿，需人工校对角色口吻与专名。		e2a845cf9f41293695f9d7343a0e48c3a0203558c33e8e7881d9d02657d848d7	707ba1c82dcdb9307ae9b809b15746a0585a5bda61f67b7ba74149f40b97fa8f
her_0276	heroine	女主视角 · 青	05-03		1309	基生	dialogue	我也想和爱理一直在一起。	her_0275 | 基生 | 嗯、	her_scene_05_04 | heroine-card | 江之岛·最后一站	僕も、ずっと愛理と一緒にいたい。	draft	AI 批量翻译初稿，需人工校对角色口吻与专名。		ef127facbbdb8bf3122792ef9ebc0fa758edb4e1903023a70f9a509154548118	707ba1c82dcdb9307ae9b809b15746a0585a5bda61f67b7ba74149f40b97fa8f
her_0279	heroine	女主视角 · 青	05-04		1311	基生	dialogue	这里是最后一站了……差不多该回去了吧？	her_scene_05_04 | heroine-card | 江之岛·最后一站	her_0280 | ILY | 啊……	ここで最後だ……そろそろ帰ろうか？	draft	AI 批量翻译初稿，需人工校对角色口吻与专名。		ff87eb41254298ce7b6e664f6c16581825060b9b307156f66ca702cd08c23977	707ba1c82dcdb9307ae9b809b15746a0585a5bda61f67b7ba74149f40b97fa8f
her_0280	heroine	女主视角 · 青	05-04		1312	ILY	dialogue	啊……	her_0279 | 基生 | 这里是最后一站了……差不多该回去了吧？	her_0281 | ILY | ……嗯、		untranslated			e9cabd0cbf0c49159688e1e766aad3e67b37c5cb106799dccb7bccd4fd0fac4e	707ba1c82dcdb9307ae9b809b15746a0585a5bda61f67b7ba74149f40b97fa8f
her_0281	heroine	女主视角 · 青	05-04		1313	ILY	dialogue	……嗯、	her_0280 | ILY | 啊……	her_0282 | 基生 | ……对了！		untranslated			650bfe1217d16bec1cfecc1f609fa139c09a608de70ab2bd6085451f8c6cbe44	707ba1c82dcdb9307ae9b809b15746a0585a5bda61f67b7ba74149f40b97fa8f
her_0282	heroine	女主视角 · 青	05-04		1314	基生	dialogue	……对了！	her_0281 | ILY | ……嗯、	her_0283 | 基生 | ……这里、可以看到很漂亮的夕阳呢。	……そうだ！	draft	AI 批量翻译初稿，需人工校对角色口吻与专名。		c7583e36e9daf176db47fc900b1cdffffc942df1fc9362f3adcb2ff5921842ac	707ba1c82dcdb9307ae9b809b15746a0585a5bda61f67b7ba74149f40b97fa8f
her_0283	heroine	女主视角 · 青	05-04		1315	基生	dialogue	……这里、可以看到很漂亮的夕阳呢。	her_0282 | 基生 | ……对了！	her_0284 | 基生 | 我昨天、调查过了。怎么说、也是约会……	……ここ、すごくきれいな夕日が見えるんだ。	draft	AI 批量翻译初稿，需人工校对角色口吻与专名。		e1fc48feeef702816fda92bf1723cba2d520810bf037674b4f3532a3ca532eaa	707ba1c82dcdb9307ae9b809b15746a0585a5bda61f67b7ba74149f40b97fa8f
her_0284	heroine	女主视角 · 青	05-04		1316	基生	dialogue	我昨天、调查过了。怎么说、也是约会……	her_0283 | 基生 | ……这里、可以看到很漂亮的夕阳呢。	her_0285 | 基生 | 所以……	昨日、調べたんだ。いちおう、デートだから……	draft	AI 批量翻译初稿，需人工校对角色口吻与专名。		a6404228add086747fa84084b775cafaafd99407e7f8c301494f4949abd3869f	707ba1c82dcdb9307ae9b809b15746a0585a5bda61f67b7ba74149f40b97fa8f
her_0285	heroine	女主视角 · 青	05-04		1317	基生	dialogue	所以……	her_0284 | 基生 | 我昨天、调查过了。怎么说、也是约会……	her_0286 | 基生 | 还有一些时间……要一起看夕阳吗？	だから……	draft	AI 批量翻译初稿，需人工校对角色口吻与专名。		a057ad0a7d1a20eb29fd27176645d40a4a8b73d6950f0d2a261e0b4d6e548709	707ba1c82dcdb9307ae9b809b15746a0585a5bda61f67b7ba74149f40b97fa8f
her_0286	heroine	女主视角 · 青	05-04		1318	基生	dialogue	还有一些时间……要一起看夕阳吗？	her_0285 | 基生 | 所以……	her_0287 | ILY | ！	まだ少し時間があるし……一緒に夕日を見ないか？	draft	AI 批量翻译初稿，需人工校对角色口吻与专名。		3deadecb0c47b07765a066e105c8f4756f2bfc1df1845fcc0d47b7682eecf774	707ba1c82dcdb9307ae9b809b15746a0585a5bda61f67b7ba74149f40b97fa8f
her_0287	heroine	女主视角 · 青	05-04		1319	ILY	dialogue	！	her_0286 | 基生 | 还有一些时间……要一起看夕阳吗？	her_0288 | ILY | 嗯！我想看！		untranslated			469519587fdbc230e3ba19d277c9dfc054bcee2b95bc4483f5eeff7a98019d79	707ba1c82dcdb9307ae9b809b15746a0585a5bda61f67b7ba74149f40b97fa8f
her_0288	heroine	女主视角 · 青	05-04		1320	ILY	dialogue	嗯！我想看！	her_0287 | ILY | ！	her_0289 | 基生 | ……嗯、那么我们在这里等一会儿吧。		untranslated			f99e13c93dabdd4d462f3ad1236735a4efaf8475d1c4254563c0ed85014a1981	707ba1c82dcdb9307ae9b809b15746a0585a5bda61f67b7ba74149f40b97fa8f
her_0289	heroine	女主视角 · 青	05-04		1321	基生	dialogue	……嗯、那么我们在这里等一会儿吧。	her_0288 | ILY | 嗯！我想看！	her_0290 | ILY | 嗯！	……うん、じゃあここで少し待とう。	draft	AI 批量翻译初稿，需人工校对角色口吻与专名。		2d130a6b84aa96734d87f983d370f107aa5ad7ea2243cf6ecb6ade89ee6b4cfd	707ba1c82dcdb9307ae9b809b15746a0585a5bda61f67b7ba74149f40b97fa8f
her_0290	heroine	女主视角 · 青	05-04		1322	ILY	dialogue	嗯！	her_0289 | 基生 | ……嗯、那么我们在这里等一会儿吧。	her_0291 | 基生 | 那么、我		untranslated			426bc1e89048710fe1c748541393fd6b0a7ded58a02c83addb430682f172ab08	707ba1c82dcdb9307ae9b809b15746a0585a5bda61f67b7ba74149f40b97fa8f
her_0291	heroine	女主视角 · 青	05-04		1323	基生	dialogue	那么、我	her_0290 | ILY | 嗯！	her_0292 | 基生 | 去买点喝的吧。爱理你想喝什么呢？	じゃあ、僕は——	draft	AI 批量翻译初稿，需人工校对角色口吻与专名。		61e0709f3378793b5efe8bcf297b1647260de50d928abeb3b5be29ad160d3bc4	707ba1c82dcdb9307ae9b809b15746a0585a5bda61f67b7ba74149f40b97fa8f
her_0292	heroine	女主视角 · 青	05-04		1324	基生	dialogue	去买点喝的吧。爱理你想喝什么呢？	her_0291 | 基生 | 那么、我	her_0293 | ILY | 啊，我就不用了！	飲み物を買ってくるよ。愛理は何が飲みたい？	draft	AI 批量翻译初稿，需人工校对角色口吻与专名。		7dd21ae16101b9b1e17756022c6da24b601d13978bd60e4c74e9852b8078dbda	707ba1c82dcdb9307ae9b809b15746a0585a5bda61f67b7ba74149f40b97fa8f
her_0293	heroine	女主视角 · 青	05-04		1325	ILY	dialogue	啊，我就不用了！	her_0292 | 基生 | 去买点喝的吧。爱理你想喝什么呢？	her_0294 | 基生 | 知道了。那么稍等我一下。		untranslated			197073ccb5d40c0be1e0b73ea722f73147da212552c3360dc5efc308128e1fb0	707ba1c82dcdb9307ae9b809b15746a0585a5bda61f67b7ba74149f40b97fa8f
her_0294	heroine	女主视角 · 青	05-04		1326	基生	dialogue	知道了。那么稍等我一下。	her_0293 | ILY | 啊，我就不用了！	her_0295 | ILY | 我也想一起去！	分かった。じゃあ少し待ってて。	draft	AI 批量翻译初稿，需人工校对角色口吻与专名。		83e55fa94c271fa083cd77915b771c3a19d46b41342cf3d526e48ed61b534ae1	707ba1c82dcdb9307ae9b809b15746a0585a5bda61f67b7ba74149f40b97fa8f
her_0295	heroine	女主视角 · 青	05-04		1327	ILY	dialogue	我也想一起去！	her_0294 | 基生 | 知道了。那么稍等我一下。	her_0296 | 基生 | 不用了不用了。因为还要爬楼梯，很累的。		untranslated			977c57a339c3d752e3b16e80e1b1f6b1f5542c955ca76fbc14b7fbaf1dd498d6	707ba1c82dcdb9307ae9b809b15746a0585a5bda61f67b7ba74149f40b97fa8f
her_0296	heroine	女主视角 · 青	05-04		1328	基生	dialogue	不用了不用了。因为还要爬楼梯，很累的。	her_0295 | ILY | 我也想一起去！	her_0297 | ILY | 是、是吗？那……嗯、我等你回来哦。	いいよ、いいよ。このあと階段も上るし、疲れるだろ。	draft	AI 批量翻译初稿，需人工校对角色口吻与专名。		588ae7b6bd34abb550820cb9d415c12ab65a7e4bc33053db125eb388ea6cacf5	707ba1c82dcdb9307ae9b809b15746a0585a5bda61f67b7ba74149f40b97fa8f
her_0297	heroine	女主视角 · 青	05-04		1329	ILY	dialogue	是、是吗？那……嗯、我等你回来哦。	her_0296 | 基生 | 不用了不用了。因为还要爬楼梯，很累的。	her_0298 | 基生 | 嗯。		untranslated			109b7d14beea494daef1f698b20ca0944caec66389adf58dc4647c843c0ead11	707ba1c82dcdb9307ae9b809b15746a0585a5bda61f67b7ba74149f40b97fa8f
her_0298	heroine	女主视角 · 青	05-04		1330	基生	dialogue	嗯。	her_0297 | ILY | 是、是吗？那……嗯、我等你回来哦。	her_0299 | 基生 | ……不会掉进海里去的吧？	うん。	draft	AI 批量翻译初稿，需人工校对角色口吻与专名。		bad05871955cb415dcd38b9af41b6cde408f0502aec4cd9571153bba903aca20	707ba1c82dcdb9307ae9b809b15746a0585a5bda61f67b7ba74149f40b97fa8f
her_0299	heroine	女主视角 · 青	05-04		1331	基生	dialogue	……不会掉进海里去的吧？	her_0298 | 基生 | 嗯。	her_0300 | ILY | 才不会啦！！	……海に落ちたりしないよな？	draft	AI 批量翻译初稿，需人工校对角色口吻与专名。		7be416c4609c84a6d859248fee430c53f103c0d88bea1989494abd75bbffcb5f	707ba1c82dcdb9307ae9b809b15746a0585a5bda61f67b7ba74149f40b97fa8f
her_0300	heroine	女主视角 · 青	05-04		1332	ILY	dialogue	才不会啦！！	her_0299 | 基生 | ……不会掉进海里去的吧？	her_0301 | ILY | 基生...		untranslated			0e1d22214065a7db7f687d7aa09a92462f5363157704e13a9123e873f31ce4fc	707ba1c82dcdb9307ae9b809b15746a0585a5bda61f67b7ba74149f40b97fa8f
her_0301	heroine	女主视角 · 青	05-05		1333	ILY	dialogue	基生...	her_0300 | ILY | 才不会啦！！	her_0306 | ILY | 那就是，“喜欢”...？		untranslated			47b04796f794a2a5f2e7ebd93b9b88e53278ca31e05432d1a3d2479d2f893b95	707ba1c82dcdb9307ae9b809b15746a0585a5bda61f67b7ba74149f40b97fa8f
her_0306	heroine	女主视角 · 青	05-05		1334	ILY	dialogue	那就是，“喜欢”...？	her_0301 | ILY | 基生...	her_0314 | ILY | 那么我就干脆，成为“爱理”不就好了...		untranslated			72bc73e1e90da6f89820bfcf64442b60bb6a9bac4ab47f06d5b77f7824cf0159	707ba1c82dcdb9307ae9b809b15746a0585a5bda61f67b7ba74149f40b97fa8f
her_0314	heroine	女主视角 · 青	05-05		1335	ILY	dialogue	那么我就干脆，成为“爱理”不就好了...	her_0306 | ILY | 那就是，“喜欢”...？	her_0315 | ILY | 啊，晚霞...好漂亮。		untranslated			78dd76e92360a019605ba32833086fabd6a3ab8f6a12717275befbafbe36d4ad	707ba1c82dcdb9307ae9b809b15746a0585a5bda61f67b7ba74149f40b97fa8f
her_0315	heroine	女主视角 · 青	05-05		1336	ILY	dialogue	啊，晚霞...好漂亮。	her_0314 | ILY | 那么我就干脆，成为“爱理”不就好了...	her_0319 | ILY | 去接他一下吧...		untranslated			7fbee2a4a31d711d23413be429f6355b7952879b03aeb9e0db7a7246e5db8449	707ba1c82dcdb9307ae9b809b15746a0585a5bda61f67b7ba74149f40b97fa8f
her_0319	heroine	女主视角 · 青	05-05		1337	ILY	dialogue	去接他一下吧...	her_0315 | ILY | 啊，晚霞...好漂亮。	her_0321 | ILY | 基生！！		untranslated			c7f9ea4bc1ff82be44c000abd9c5a5268381e5e82e1e0b82d2037e31f161fbab	707ba1c82dcdb9307ae9b809b15746a0585a5bda61f67b7ba74149f40b97fa8f
her_0321	heroine	女主视角 · 青	05-06		1338	ILY	dialogue	基生！！	her_0319 | ILY | 去接他一下吧...	her_0322 | ILY | 基生？你怎么站在这里啊？		untranslated			2dcdc6d98419e7aa3774e200c90446966902da2cd7c3ad4fb1ee4ab9d4c43f0a	707ba1c82dcdb9307ae9b809b15746a0585a5bda61f67b7ba74149f40b97fa8f
her_0322	heroine	女主视角 · 青	05-06		1339	ILY	dialogue	基生？你怎么站在这里啊？	her_0321 | ILY | 基生！！	her_0323 | ILY | 哇！是冰激淋！难不成是给我买的吗？		untranslated			fa06bcf520e467ded64812b07bad9414e9b0437491c8cb79c6aa16e4c78d7922	707ba1c82dcdb9307ae9b809b15746a0585a5bda61f67b7ba74149f40b97fa8f
her_0323	heroine	女主视角 · 青	05-06		1340	ILY	dialogue	哇！是冰激淋！难不成是给我买的吗？	her_0322 | ILY | 基生？你怎么站在这里啊？	her_0324 | ILY | 我现在，刚好想吃...		untranslated			a3d7dcf84a6dd53851b7c505ca06948b7cf9ad77d6d236675a888c23a2fd5c63	707ba1c82dcdb9307ae9b809b15746a0585a5bda61f67b7ba74149f40b97fa8f
her_0324	heroine	女主视角 · 青	05-06		1341	ILY	dialogue	我现在，刚好想吃...	her_0323 | ILY | 哇！是冰激淋！难不成是给我买的吗？	her_0325 | ILY | 冰激淋...		untranslated			e5d15028e115d4f1f9ca1c62d73b04dbce014df82af3fe0991a1173d70da8dcd	707ba1c82dcdb9307ae9b809b15746a0585a5bda61f67b7ba74149f40b97fa8f
her_0325	heroine	女主视角 · 青	05-06		1342	ILY	dialogue	冰激淋...	her_0324 | ILY | 我现在，刚好想吃...	her_0326 | ILY | 呢...		untranslated			5bc8f0e32019cda3536150162abf5f8407aea0d998691bb2b66fdd53217513da	707ba1c82dcdb9307ae9b809b15746a0585a5bda61f67b7ba74149f40b97fa8f
her_0326	heroine	女主视角 · 青	05-06		1343	ILY	dialogue	呢...	her_0325 | ILY | 冰激淋...	her_0327 | 基生 | 爱理...？		untranslated			7aa8d04a42f13a3a8cad86b4882915fe72512cfc3773fe58bab0d07aec53e2c5	707ba1c82dcdb9307ae9b809b15746a0585a5bda61f67b7ba74149f40b97fa8f
her_0327	heroine	女主视角 · 青	05-06		1344	基生	dialogue	爱理...？	her_0326 | ILY | 呢...	her_0328 | 旁白 | 夕阳下，一位留着长发、拥有成年女性身形的人。她与爱理极为相似，却又不是ILY在基生记忆里看到的模样。	愛理……？	draft	AI 批量翻译初稿，需人工校对角色口吻与专名。		414371e645949117b4009dc5c2deaadb6585b84ca66f28703328ca3faa9731a4	707ba1c82dcdb9307ae9b809b15746a0585a5bda61f67b7ba74149f40b97fa8f
her_0331	heroine	女主视角 · 青	05-06		1348	成年爱理	dialogue	那...个...难道你是...	her_0330 | 旁白 | 毫无疑问，她，就是，爱理。	her_0332 | 成年爱理 | 基生...君...？		untranslated			b0a719b46c2262eee4dcc9d41d8ada34f813533df4e637ff61d32943291336df	707ba1c82dcdb9307ae9b809b15746a0585a5bda61f67b7ba74149f40b97fa8f
her_0332	heroine	女主视角 · 青	05-06		1349	成年爱理	dialogue	基生...君...？	her_0331 | 成年爱理 | 那...个...难道你是...	her_0333 | 成年爱理 | 很……很久不见了呢，基生君。		untranslated			b4ad2db481bb624cb43ea1c4daed8c78c9e92fb185d27127abddcde93fcf136a	707ba1c82dcdb9307ae9b809b15746a0585a5bda61f67b7ba74149f40b97fa8f
her_0333	heroine	女主视角 · 青	05-07		1350	成年爱理	dialogue	很……很久不见了呢，基生君。	her_0332 | 成年爱理 | 基生...君...？	her_0334 | 成年爱理 | 居然在这种地方碰到，真是吓了我一跳呢。		untranslated			8d990dadba084c691eb0b9fc02cc653526824d044b01b05a29fd8d711ad3db4f	707ba1c82dcdb9307ae9b809b15746a0585a5bda61f67b7ba74149f40b97fa8f
her_0334	heroine	女主视角 · 青	05-07		1351	成年爱理	dialogue	居然在这种地方碰到，真是吓了我一跳呢。	her_0333 | 成年爱理 | 很……很久不见了呢，基生君。	her_0338 | 成年爱理 | 我今天是和小野乃一起来的……你还记得吗？小野乃。		untranslated			0395a4172d0f69cfd1c9917785aed56ce9806fef5347db4ccfeb774c6f96d4ec	707ba1c82dcdb9307ae9b809b15746a0585a5bda61f67b7ba74149f40b97fa8f
her_0338	heroine	女主视角 · 青	05-07		1352	成年爱理	dialogue	我今天是和小野乃一起来的……你还记得吗？小野乃。	her_0334 | 成年爱理 | 居然在这种地方碰到，真是吓了我一跳呢。	her_0339 | 成年爱理 | 因为小野乃问我要不要一起去看海，所以我就跟着来了……		untranslated			4f44c87d365f0aa5cc4fbd300cc58e75bb879a162f0f6849c084034176ad6997	707ba1c82dcdb9307ae9b809b15746a0585a5bda61f67b7ba74149f40b97fa8f
her_0339	heroine	女主视角 · 青	05-07		1353	成年爱理	dialogue	因为小野乃问我要不要一起去看海，所以我就跟着来了……	her_0338 | 成年爱理 | 我今天是和小野乃一起来的……你还记得吗？小野乃。	her_0343 | ILY | 我说，基...		untranslated			7a297529f66249e862f93b255e61ea143e10ca717bf4aa53bc028ee7e0b5b3cd	707ba1c82dcdb9307ae9b809b15746a0585a5bda61f67b7ba74149f40b97fa8f
her_0343	heroine	女主视角 · 青	05-07		1354	ILY	dialogue	我说，基...	her_0339 | 成年爱理 | 因为小野乃问我要不要一起去看海，所以我就跟着来了……	her_0344 | 成年爱理 | 啊，对了。小野乃说要去对面那个地方拍照，结果倒是到现在都还没有回来啦？		untranslated			60cc11f95802966077666fd564a21af1ebd4c4def183a114a18d6ea2545bd902	707ba1c82dcdb9307ae9b809b15746a0585a5bda61f67b7ba74149f40b97fa8f
her_0344	heroine	女主视角 · 青	05-07		1355	成年爱理	dialogue	啊，对了。小野乃说要去对面那个地方拍照，结果倒是到现在都还没有回来啦？	her_0343 | ILY | 我说，基...	her_0345 | 成年爱理 | 呵呵...她还是和以前一样呢。		untranslated			b67468a44703c20e3fe157ab5c12be07364e9912cdb3982ab8bcaa81ee6f0287	707ba1c82dcdb9307ae9b809b15746a0585a5bda61f67b7ba74149f40b97fa8f
her_0345	heroine	女主视角 · 青	05-07		1356	成年爱理	dialogue	呵呵...她还是和以前一样呢。	her_0344 | 成年爱理 | 啊，对了。小野乃说要去对面那个地方拍照，结果倒是到现在都还没有回来啦？	her_0346 | ILY | 基生...		untranslated			6f51d3f4c6fea42a0ae745cbc4a320ba2bd543dd82f7d34f79bfe4b173277d89	707ba1c82dcdb9307ae9b809b15746a0585a5bda61f67b7ba74149f40b97fa8f
her_0346	heroine	女主视角 · 青	05-07		1357	ILY	dialogue	基生...	her_0345 | 成年爱理 | 呵呵...她还是和以前一样呢。	her_0347 | ？ | 这是...？什么情况...		untranslated			6cff2bd1aa4ba53d0ef405992a7df2fd3c8370d8c0aa04b1c51cb9a5fe4456f1	707ba1c82dcdb9307ae9b809b15746a0585a5bda61f67b7ba74149f40b97fa8f
her_0347	heroine	女主视角 · 青	05-07		1358	？	dialogue	这是...？什么情况...	her_0346 | ILY | 基生...	her_0348 | ILY | ！？		untranslated			c23196b486e6733c886b32e3475c160f2f35bcc52bf0b67c8ca31c4bf5127935	707ba1c82dcdb9307ae9b809b15746a0585a5bda61f67b7ba74149f40b97fa8f
her_0348	heroine	女主视角 · 青	05-07		1359	ILY	dialogue	！？	her_0347 | ？ | 这是...？什么情况...	her_0356 | 成年爱理 | 话说回来，能遇见你真是太巧了呢！没想到真的会有这么巧的事呢。		untranslated			3824b1d3ea6e294f090295d8d1b66ae605024961691fd620c47b84281095ac56	707ba1c82dcdb9307ae9b809b15746a0585a5bda61f67b7ba74149f40b97fa8f
her_0356	heroine	女主视角 · 青	05-07		1360	成年爱理	dialogue	话说回来，能遇见你真是太巧了呢！没想到真的会有这么巧的事呢。	her_0348 | ILY | ！？	her_0357 | 成年爱理 | ……说起来啊。		untranslated			dcbd9e10942928ce7794f391b48eb89918351a719b72ffc7229739c97113250f	707ba1c82dcdb9307ae9b809b15746a0585a5bda61f67b7ba74149f40b97fa8f
her_0357	heroine	女主视角 · 青	05-07		1361	成年爱理	dialogue	……说起来啊。	her_0356 | 成年爱理 | 话说回来，能遇见你真是太巧了呢！没想到真的会有这么巧的事呢。	her_0358 | 成年爱理 | 基生君你，是跟人一起来的吗？		untranslated			43eafb2696b64b53a15d063205ca4a0b055d788385db561e4cc73315a84a42e2	707ba1c82dcdb9307ae9b809b15746a0585a5bda61f67b7ba74149f40b97fa8f
her_0358	heroine	女主视角 · 青	05-07		1362	成年爱理	dialogue	基生君你，是跟人一起来的吗？	her_0357 | 成年爱理 | ……说起来啊。	her_0359 | 旁白 | 记忆的错乱感让他的大脑仿佛一片空白般的麻木，仿佛这里只有他才是不该出现的人，一切都像黑洞般吞噬着他的意识。		untranslated			92d328c4b57f9c8e74afb1b0feaf30c2db028c1ea6af84b30a0727bbd948917a	707ba1c82dcdb9307ae9b809b15746a0585a5bda61f67b7ba74149f40b97fa8f
her_0360	heroine	女主视角 · 青	05-08		1364	ILY	dialogue	基生！基生！	her_0359 | 旁白 | 记忆的错乱感让他的大脑仿佛一片空白般的麻木，仿佛这里只有他才是不该出现的人，一切都像黑洞般吞噬着他的意识。	her_0361 | 基生 | 我...和...？		untranslated			2c355ec62d48d4ef2a586c7f3e51f68d94e85b5ea155592a46fd3f315763a0b6	707ba1c82dcdb9307ae9b809b15746a0585a5bda61f67b7ba74149f40b97fa8f
her_0361	heroine	女主视角 · 青	05-08		1365	基生	dialogue	我...和...？	her_0360 | ILY | 基生！基生！	her_0362 | ILY | 请看看我这边啊！听听我的声音啊！求你了！	僕……と……？	draft	AI 批量翻译初稿，需人工校对角色口吻与专名。		3047aa5c35c7ae357a1cea60e37a1ee6385473c6c1499c29e70414d3e82b5678	707ba1c82dcdb9307ae9b809b15746a0585a5bda61f67b7ba74149f40b97fa8f
her_0362	heroine	女主视角 · 青	05-08		1366	ILY	dialogue	请看看我这边啊！听听我的声音啊！求你了！	her_0361 | 基生 | 我...和...？	her_0364 | ILY | 基生！		untranslated			fef9708f8c3e1d43d3cfb1dedb8dadf35edbd549314455a4e42c25be57e39329	707ba1c82dcdb9307ae9b809b15746a0585a5bda61f67b7ba74149f40b97fa8f
her_0364	heroine	女主视角 · 青	05-08		1367	ILY	dialogue	基生！	her_0362 | ILY | 请看看我这边啊！听听我的声音啊！求你了！	her_0366 | ILY | 基生！！		untranslated			9cc41fcf4ece4985caf5e7cbf1934943fe54294ce8125bb407fff325355a4687	707ba1c82dcdb9307ae9b809b15746a0585a5bda61f67b7ba74149f40b97fa8f
her_0366	heroine	女主视角 · 青	05-08		1368	ILY	dialogue	基生！！	her_0364 | ILY | 基生！	her_0370 | ILY | 等等啊！基生！		untranslated			a4f82fa884ff5f315665d598ca1326ec5bbd42bb4c7d354c809eedaf9480350c	707ba1c82dcdb9307ae9b809b15746a0585a5bda61f67b7ba74149f40b97fa8f
her_0370	heroine	女主视角 · 青	05-08		1369	ILY	dialogue	等等啊！基生！	her_0366 | ILY | 基生！！	her_0371 | ILY | 我就在这里啊！		untranslated			9856dcbba0a4bbc44216e4ece42836cf2c1e2fcb598f7be8a418e3984227fcd7	707ba1c82dcdb9307ae9b809b15746a0585a5bda61f67b7ba74149f40b97fa8f
her_0371	heroine	女主视角 · 青	05-08		1370	ILY	dialogue	我就在这里啊！	her_0370 | ILY | 等等啊！基生！	her_0373 | ILY | 不是的！不是的啊！		untranslated			c4a68fe7f5cc15a33f3bc518f52f7784151f49410aba56d5f2fdf0a7250016f7	707ba1c82dcdb9307ae9b809b15746a0585a5bda61f67b7ba74149f40b97fa8f
her_0373	heroine	女主视角 · 青	05-08		1371	ILY	dialogue	不是的！不是的啊！	her_0371 | ILY | 我就在这里啊！	her_0374 | ILY | 听我说！！求求你了！		untranslated			793616b96dddb03875f93e0a72d629f9592e788a93235179eaa6e5c18cac1652	707ba1c82dcdb9307ae9b809b15746a0585a5bda61f67b7ba74149f40b97fa8f
her_0374	heroine	女主视角 · 青	05-08		1372	ILY	dialogue	听我说！！求求你了！	her_0373 | ILY | 不是的！不是的啊！	her_0375 | ILY | 基生！！不要！		untranslated			8ec3847a190f1ed4456494e56aafdf0353288aa1a495f13e0d75e6705667e75c	707ba1c82dcdb9307ae9b809b15746a0585a5bda61f67b7ba74149f40b97fa8f
her_0375	heroine	女主视角 · 青	05-08		1373	ILY	dialogue	基生！！不要！	her_0374 | ILY | 听我说！！求求你了！	her_0377 | ILY | 等一下！基生！不要...！		untranslated			40d0ecd74213e5af1e9d2a474167701372e641e1229e065adab5c21cd5b776b5	707ba1c82dcdb9307ae9b809b15746a0585a5bda61f67b7ba74149f40b97fa8f
her_0377	heroine	女主视角 · 青	05-08		1374	ILY	dialogue	等一下！基生！不要...！	her_0375 | ILY | 基生！！不要！	her_0378 | ILY | 我还，不想消失...		untranslated			5dc6c4c0b6e01028ce1d02af4a1ec08dcd0c795f41062c22db9da602f55d1c1a	707ba1c82dcdb9307ae9b809b15746a0585a5bda61f67b7ba74149f40b97fa8f
her_0378	heroine	女主视角 · 青	05-08		1375	ILY	dialogue	我还，不想消失...	her_0377 | ILY | 等一下！基生！不要...！	her_0379 | 成年爱理 | 基生？		untranslated			5818a00f46e9fd38cd4bd7acf095486283e04fda416e21e233f0840ec64c55c8	707ba1c82dcdb9307ae9b809b15746a0585a5bda61f67b7ba74149f40b97fa8f
her_0379	heroine	女主视角 · 青	05-08		1376	成年爱理	dialogue	基生？	her_0378 | ILY | 我还，不想消失...	her_0381 | ILY | 不要...		untranslated			d177f4aef0a57a6e16e0b89cf345607e2cc98a99b261bd0462cc9b1e14e69d51	707ba1c82dcdb9307ae9b809b15746a0585a5bda61f67b7ba74149f40b97fa8f
her_0381	heroine	女主视角 · 青	05-08		1377	ILY	dialogue	不要...	her_0379 | 成年爱理 | 基生？	her_0382 | ILY | 基生...		untranslated			b6db11ebc2886085934f8c2540584d8b6df0be4ab3b65fa3c72c14529113842a	707ba1c82dcdb9307ae9b809b15746a0585a5bda61f67b7ba74149f40b97fa8f
her_0382	heroine	女主视角 · 青	05-08		1378	ILY	dialogue	基生...	her_0381 | ILY | 不要...	her_0383 | 旁白 | 无人可见的蓝色消失在海边傍晚美丽的晚霞中。		untranslated			106235ffc4289b4e879e14956d8e5845a4a02fdd0cfd6f5ac386dea87f24f969	707ba1c82dcdb9307ae9b809b15746a0585a5bda61f67b7ba74149f40b97fa8f
her_0384	heroine	女主视角 · 青	06-01		1382	基生	dialogue	你好，我是成田。	her_scene_06_01 | heroine-card | 深夜，基生的房间	her_0385 | 主管 | 成田君！对不起啊，在你休息的时候还打扰你。	もしもし、成田です。	draft	AI 批量翻译初稿，需人工校对角色口吻与专名。		a56b2115d87b02b9312e3484a3296b3fae9a2979b4484748a7af696f1fc5d454	707ba1c82dcdb9307ae9b809b15746a0585a5bda61f67b7ba74149f40b97fa8f
her_0385	heroine	女主视角 · 青	06-01		1383	主管	dialogue	成田君！对不起啊，在你休息的时候还打扰你。	her_0384 | 基生 | 你好，我是成田。	her_0386 | 基生 | 不...没关系的。		untranslated			405442b1747b3bd67d7c380f21cf20105394e47bda37913c4351f852bbc6498a	707ba1c82dcdb9307ae9b809b15746a0585a5bda61f67b7ba74149f40b97fa8f
her_0386	heroine	女主视角 · 青	06-01		1384	基生	dialogue	不...没关系的。	her_0385 | 主管 | 成田君！对不起啊，在你休息的时候还打扰你。	her_0387 | 主管 | 其实今天要上班的那个孩子忽然身体不舒服，所以没办法来了。	いえ……大丈夫です。	draft	AI 批量翻译初稿，需人工校对角色口吻与专名。		3c09096d1612f9c5447a22137f5031955c3b54ad8abf52283eabcf57e59289db	707ba1c82dcdb9307ae9b809b15746a0585a5bda61f67b7ba74149f40b97fa8f
her_0387	heroine	女主视角 · 青	06-01		1385	主管	dialogue	其实今天要上班的那个孩子忽然身体不舒服，所以没办法来了。	her_0386 | 基生 | 不...没关系的。	her_0388 | 主管 | 所以想问一下，成田君你能不能来救个急……		untranslated			3da8aee6680e54e34dc8609381485480a5b9b38b8e71e3a3e9d4cce0cfda4c30	707ba1c82dcdb9307ae9b809b15746a0585a5bda61f67b7ba74149f40b97fa8f
her_0388	heroine	女主视角 · 青	06-01		1386	主管	dialogue	所以想问一下，成田君你能不能来救个急……	her_0387 | 主管 | 其实今天要上班的那个孩子忽然身体不舒服，所以没办法来了。	her_0389 | 基生 | 啊……可以啊。我去。		untranslated			53efae832398253e7255bff6403008cd9ecaa5b5915dd0530cf7d50c7ace007e	707ba1c82dcdb9307ae9b809b15746a0585a5bda61f67b7ba74149f40b97fa8f
her_0389	heroine	女主视角 · 青	06-01		1387	基生	dialogue	啊……可以啊。我去。	her_0388 | 主管 | 所以想问一下，成田君你能不能来救个急……	her_0390 | 主管 | 真的吗！？太谢谢你了！让你连续着工作两天，真是不好意思。	あ……いいですよ。行きます。	draft	AI 批量翻译初稿，需人工校对角色口吻与专名。		90fbbb9b4716af6bd06c9a82b59771e539f2babb2c6cdb9f81fe9625c1d14848	707ba1c82dcdb9307ae9b809b15746a0585a5bda61f67b7ba74149f40b97fa8f
her_0390	heroine	女主视角 · 青	06-01		1388	主管	dialogue	真的吗！？太谢谢你了！让你连续着工作两天，真是不好意思。	her_0389 | 基生 | 啊……可以啊。我去。	her_0391 | 基生 | 没什么……		untranslated			801dd0087e74d52b7696e2be119083bcb04b87091f63d8f53f7ab62f23aa7096	707ba1c82dcdb9307ae9b809b15746a0585a5bda61f67b7ba74149f40b97fa8f
her_0391	heroine	女主视角 · 青	06-01		1389	基生	dialogue	没什么……	her_0390 | 主管 | 真的吗！？太谢谢你了！让你连续着工作两天，真是不好意思。	her_0392 | 基生 | 那个……我该什么时候去呢？	何でもないです……	draft	AI 批量翻译初稿，需人工校对角色口吻与专名。		1d60c8cb40064fe2a1f535821dab05f3ff26f0f11750df6b2a9c93c0e7f7d564	707ba1c82dcdb9307ae9b809b15746a0585a5bda61f67b7ba74149f40b97fa8f
her_0392	heroine	女主视角 · 青	06-01		1390	基生	dialogue	那个……我该什么时候去呢？	her_0391 | 基生 | 没什么……	her_0393 | 主管 | 那你就来上B班吧——	あの……いつ伺えばいいですか？	draft	AI 批量翻译初稿，需人工校对角色口吻与专名。		48bb63eafcf08d164d1723081979f47ff01912c615f46991557d708b929e557c	707ba1c82dcdb9307ae9b809b15746a0585a5bda61f67b7ba74149f40b97fa8f
her_0393	heroine	女主视角 · 青	06-01		1391	主管	dialogue	那你就来上B班吧——	her_0392 | 基生 | 那个……我该什么时候去呢？	her_0394 | 旁白 | 电量即将耗尽。手机即将关机，请您立刻充电或者更换充电完成的手机电池。		untranslated			02a432a4d6e096b9fe0b9644dd397bdf2f7d6a94c80afdf6aadeb02627a747b2	707ba1c82dcdb9307ae9b809b15746a0585a5bda61f67b7ba74149f40b97fa8f
her_0396	heroine	女主视角 · 青	06-01		1393	基生	dialogue	……算了，不充了……差不多也该把它丢掉了……	her_0394 | 旁白 | 电量即将耗尽。手机即将关机，请您立刻充电或者更换充电完成的手机电池。	her_0397 | ？ | 基生——！	……もういい、充電しなくて……そろそろ捨てないとな……	draft	AI 批量翻译初稿，需人工校对角色口吻与专名。		791cbbba48b8299ea8634654ffcb5389de2d38e076ea05bc4f87ea0391a9f801	707ba1c82dcdb9307ae9b809b15746a0585a5bda61f67b7ba74149f40b97fa8f
her_0397	heroine	女主视角 · 青	06-01		1394	？	dialogue	基生——！	her_0396 | 基生 | ……算了，不充了……差不多也该把它丢掉了……	her_0398 | 旁白 | 房间里只有床铺、窗帘和昏暗的室内环境，他的眼神中流露出惊讶与疑惑。		untranslated			943d4d22cdd6cb8f365402890747f6b6a6187756205ca15fd05ba330c5418c7f	707ba1c82dcdb9307ae9b809b15746a0585a5bda61f67b7ba74149f40b97fa8f
her_0399	heroine	女主视角 · 青	06-01		1396	基生	dialogue	!!	her_0398 | 旁白 | 房间里只有床铺、窗帘和昏暗的室内环境，他的眼神中流露出惊讶与疑惑。	her_0400 | 基生 | ...所以说……那个只是幻想而已……	！！	draft	AI 批量翻译初稿，需人工校对角色口吻与专名。		d6fa5693406e7651270fc468aabf9cc63225636eac204b5a9d106dd843d52e54	707ba1c82dcdb9307ae9b809b15746a0585a5bda61f67b7ba74149f40b97fa8f
her_0400	heroine	女主视角 · 青	06-01		1397	基生	dialogue	...所以说……那个只是幻想而已……	her_0399 | 基生 | !!	her_0401 | 基生 | 那种事情还是快点忘了吧……	……だから……あれはただの幻だったんだ……	draft	AI 批量翻译初稿，需人工校对角色口吻与专名。		19ab5a9e937a352391e76b590abb00b2d34603111a03947d6f1b0aca992a2b16	707ba1c82dcdb9307ae9b809b15746a0585a5bda61f67b7ba74149f40b97fa8f
her_0401	heroine	女主视角 · 青	06-01		1398	基生	dialogue	那种事情还是快点忘了吧……	her_0400 | 基生 | ...所以说……那个只是幻想而已……	her_0402 | ILY | 基生...	そんなこと、早く忘れたほうがいい……	draft	AI 批量翻译初稿，需人工校对角色口吻与专名。		3623d8af00cc794b5c7dde7476fec76a82be9402686187c5a6d215e80165c126	707ba1c82dcdb9307ae9b809b15746a0585a5bda61f67b7ba74149f40b97fa8f
her_0402	heroine	女主视角 · 青	06-01		1399	ILY	dialogue	基生...	her_0401 | 基生 | 那种事情还是快点忘了吧……	her_scene_06_02 | heroine-card | 基生的房间——又一个夜里		untranslated			9d6dfe6e3aeba0f4c47096419d9d9a2da24f8a44a8d2f6ba8bcc4e3d27eb0229	707ba1c82dcdb9307ae9b809b15746a0585a5bda61f67b7ba74149f40b97fa8f
her_0403	heroine	女主视角 · 青	06-02		1401	ILY	dialogue	！	her_scene_06_02 | heroine-card | 基生的房间——又一个夜里	her_0404 | ILY | 欢，欢迎回来！		untranslated			f77f446a3456520c44d86ee1b8b99a08ab2bebf8976a27c31f5dec1dd6c2cd03	707ba1c82dcdb9307ae9b809b15746a0585a5bda61f67b7ba74149f40b97fa8f
her_0404	heroine	女主视角 · 青	06-02		1402	ILY	dialogue	欢，欢迎回来！	her_0403 | ILY | ！	her_0405 | ILY | 基...		untranslated			08296327627aae6a9244b53df5168a23e8cf19d86538c02873eae6125e31e0a4	707ba1c82dcdb9307ae9b809b15746a0585a5bda61f67b7ba74149f40b97fa8f
her_0405	heroine	女主视角 · 青	06-02		1403	ILY	dialogue	基...	her_0404 | ILY | 欢，欢迎回来！	her_0406 | ILY | 生...		untranslated			f517a51976f1341e7b84cf1b64e62c59ad8b00c6bbd8b26fde60c3b9be6a29b8	707ba1c82dcdb9307ae9b809b15746a0585a5bda61f67b7ba74149f40b97fa8f
her_0406	heroine	女主视角 · 青	06-02		1404	ILY	dialogue	生...	her_0405 | ILY | 基...	her_0407 | ILY | 那个...今天也去打工了吗？		untranslated			9f0b0209c1a911c542edf5e4cff3de4773b55eca9841dff4d00f3eaa0289a08d	707ba1c82dcdb9307ae9b809b15746a0585a5bda61f67b7ba74149f40b97fa8f
her_0407	heroine	女主视角 · 青	06-02		1405	ILY	dialogue	那个...今天也去打工了吗？	her_0406 | ILY | 生...	her_0408 | ILY | 打工怎么样啊？		untranslated			91c0bf2dda266740436364ce3251d4df224f4b5e6aa122df9092fa1549b295ee	707ba1c82dcdb9307ae9b809b15746a0585a5bda61f67b7ba74149f40b97fa8f
her_0408	heroine	女主视角 · 青	06-02		1406	ILY	dialogue	打工怎么样啊？	her_0407 | ILY | 那个...今天也去打工了吗？	her_0409 | ILY | 很忙吗？		untranslated			817ffa0e01c66a2bbbf2dbb38df73862679cf77f433d134d7d4b3179736adc77	707ba1c82dcdb9307ae9b809b15746a0585a5bda61f67b7ba74149f40b97fa8f
her_0409	heroine	女主视角 · 青	06-02		1407	ILY	dialogue	很忙吗？	her_0408 | ILY | 打工怎么样啊？	her_0410 | ILY | 基生你在打工的地方做什么呢？我也想跟着过去看看呢...		untranslated			1979a7c355aa256e272a7c1e6417918c0edb3efb9ac321c810e7d520d862ad3e	707ba1c82dcdb9307ae9b809b15746a0585a5bda61f67b7ba74149f40b97fa8f
her_0410	heroine	女主视角 · 青	06-02		1408	ILY	dialogue	基生你在打工的地方做什么呢？我也想跟着过去看看呢...	her_0409 | ILY | 很忙吗？	her_0411 | ILY | 我说...		untranslated			a7c4431b518db4d433e0ae857be92b84403e1cc3b6882ca52d1387fe8b3ec672	707ba1c82dcdb9307ae9b809b15746a0585a5bda61f67b7ba74149f40b97fa8f
her_0411	heroine	女主视角 · 青	06-02		1409	ILY	dialogue	我说...	her_0410 | ILY | 基生你在打工的地方做什么呢？我也想跟着过去看看呢...	her_0412 | ILY | 基生...		untranslated			060ade34ebaa76404ca2f03fb7491ef15ba04415b530c8fb119cb0fa214e83a6	707ba1c82dcdb9307ae9b809b15746a0585a5bda61f67b7ba74149f40b97fa8f
her_0412	heroine	女主视角 · 青	06-02		1410	ILY	dialogue	基生...	her_0411 | ILY | 我说...	her_0413 | ILY | 啊，那个，对不起，我没事的！		untranslated			7989125830f1f207bf65cefe0195dc3620f00ddae35522dd09d1bbe32457f2cc	707ba1c82dcdb9307ae9b809b15746a0585a5bda61f67b7ba74149f40b97fa8f
her_0413	heroine	女主视角 · 青	06-02		1411	ILY	dialogue	啊，那个，对不起，我没事的！	her_0412 | ILY | 基生...	her_0414 | ILY | 不用在意我，基生你今天的晚饭还没吃吧？		untranslated			9a9b1bb383b89e96a584653a3d1fb7985d650bf119d04a67d66ae756f0e1c342	707ba1c82dcdb9307ae9b809b15746a0585a5bda61f67b7ba74149f40b97fa8f
her_0414	heroine	女主视角 · 青	06-02		1412	ILY	dialogue	不用在意我，基生你今天的晚饭还没吃吧？	her_0413 | ILY | 啊，那个，对不起，我没事的！	her_0415 | ILY | 我虽然没问题，但是基生你不饿吗？		untranslated			370bf4e694e332a90561391ca944344c18113614340da38de02b3e6a5ec4c2dd	707ba1c82dcdb9307ae9b809b15746a0585a5bda61f67b7ba74149f40b97fa8f
her_0415	heroine	女主视角 · 青	06-02		1413	ILY	dialogue	我虽然没问题，但是基生你不饿吗？	her_0414 | ILY | 不用在意我，基生你今天的晚饭还没吃吧？	her_0416 | ILY | 要是不好好吃饭的话，会容易感冒的！基生...		untranslated			f8e5f6e03de09b6e84daed0bdc94362404042b913ead5acd18f14c040b72bfcb	707ba1c82dcdb9307ae9b809b15746a0585a5bda61f67b7ba74149f40b97fa8f
her_0416	heroine	女主视角 · 青	06-02		1414	ILY	dialogue	要是不好好吃饭的话，会容易感冒的！基生...	her_0415 | ILY | 我虽然没问题，但是基生你不饿吗？	her_0417 | ILY | 基生...		untranslated			b9b8e9c5cdfc94008e416e8de654fa83320e0ed358adcd3d4236c28d07015b6d	707ba1c82dcdb9307ae9b809b15746a0585a5bda61f67b7ba74149f40b97fa8f
her_0417	heroine	女主视角 · 青	06-02		1415	ILY	dialogue	基生...	her_0416 | ILY | 要是不好好吃饭的话，会容易感冒的！基生...	her_0418 | ILY | ...我，我啊，想吃冰激淋了		untranslated			7989125830f1f207bf65cefe0195dc3620f00ddae35522dd09d1bbe32457f2cc	707ba1c82dcdb9307ae9b809b15746a0585a5bda61f67b7ba74149f40b97fa8f
her_0418	heroine	女主视角 · 青	06-02		1416	ILY	dialogue	...我，我啊，想吃冰激淋了	her_0417 | ILY | 基生...	her_0419 | ILY | 我们一起去便利店买好不好，基生...		untranslated			14deb20875dcaa980dcf775cd8d2ea40b746de42a337ebbc1b4d5494b4f991fb	707ba1c82dcdb9307ae9b809b15746a0585a5bda61f67b7ba74149f40b97fa8f
her_0419	heroine	女主视角 · 青	06-02		1417	ILY	dialogue	我们一起去便利店买好不好，基生...	her_0418 | ILY | ...我，我啊，想吃冰激淋了	her_0420 | ILY | 基生...		untranslated			20fdcb8ee4d3ef9dfe34a2db10eb30c1fba61e91e9e4a6b51a25bef49083d932	707ba1c82dcdb9307ae9b809b15746a0585a5bda61f67b7ba74149f40b97fa8f
her_0420	heroine	女主视角 · 青	06-02		1418	ILY	dialogue	基生...	her_0419 | ILY | 我们一起去便利店买好不好，基生...	her_0422 | ILY | 基生...那个...		untranslated			7989125830f1f207bf65cefe0195dc3620f00ddae35522dd09d1bbe32457f2cc	707ba1c82dcdb9307ae9b809b15746a0585a5bda61f67b7ba74149f40b97fa8f
her_0422	heroine	女主视角 · 青	06-02		1419	ILY	dialogue	基生...那个...	her_0420 | ILY | 基生...	her_0423 | 旁白 | 基生正躺在床上睡觉，突然感觉有什么虫子爬过他的肩膀。		untranslated			41658b9cad975560ab23c55e28ae680b9c638752d0f291fd70360a4acd7e3dd6	707ba1c82dcdb9307ae9b809b15746a0585a5bda61f67b7ba74149f40b97fa8f
her_0424	heroine	女主视角 · 青	06-03		1421	基生	dialogue	哇啊！	her_0423 | 旁白 | 基生正躺在床上睡觉，突然感觉有什么虫子爬过他的肩膀。	her_0425 | ILY | 啊...	うわっ！	draft	AI 批量翻译初稿，需人工校对角色口吻与专名。		0eebe50920016745e3d85fdc4e21a6f64c6f5897ae68713e8a2a0da481fb8111	707ba1c82dcdb9307ae9b809b15746a0585a5bda61f67b7ba74149f40b97fa8f
her_0425	heroine	女主视角 · 青	06-03		1422	ILY	dialogue	啊...	her_0424 | 基生 | 哇啊！	her_0426 | ILY | 对不起...		untranslated			24f501299a4d2449656507823d923a17dc80222a0d5c36c3970636840ad1a1a9	707ba1c82dcdb9307ae9b809b15746a0585a5bda61f67b7ba74149f40b97fa8f
her_0426	heroine	女主视角 · 青	06-03		1423	ILY	dialogue	对不起...	her_0425 | ILY | 啊...	her_0427 | 基生 | 刚才是怎么回事……！		untranslated			0311019f6dc8f7fc84884147289003ea492dfff6ef75abb550877a07eeef5f70	707ba1c82dcdb9307ae9b809b15746a0585a5bda61f67b7ba74149f40b97fa8f
her_0427	heroine	女主视角 · 青	06-03		1424	基生	dialogue	刚才是怎么回事……！	her_0426 | ILY | 对不起...	her_0428 | 基生 | 虫子吗……!?	今のは何だったんだ……！	draft	AI 批量翻译初稿，需人工校对角色口吻与专名。		cc9975f51b7d7bb231d97295a38710cdf446bc1d5824fa3c4ae2efbd0a53ea05	707ba1c82dcdb9307ae9b809b15746a0585a5bda61f67b7ba74149f40b97fa8f
her_0428	heroine	女主视角 · 青	06-03		1425	基生	dialogue	虫子吗……!?	her_0427 | 基生 | 刚才是怎么回事……！	her_0429 | ILY | 基生...那个...	虫か……！？	draft	AI 批量翻译初稿，需人工校对角色口吻与专名。		ef71813c9d556db1f121298263f1789da2d1f84330e91cf3f91f3f8f78672f52	707ba1c82dcdb9307ae9b809b15746a0585a5bda61f67b7ba74149f40b97fa8f
her_0429	heroine	女主视角 · 青	06-03		1426	ILY	dialogue	基生...那个...	her_0428 | 基生 | 虫子吗……!?	her_0430 | 基生 | 哈……		untranslated			904d4d823e84965a9ebc9e2d2c59ca101afcb793e6eb11cc12961d4a9cb25b69	707ba1c82dcdb9307ae9b809b15746a0585a5bda61f67b7ba74149f40b97fa8f
her_0430	heroine	女主视角 · 青	06-03		1427	基生	dialogue	哈……	her_0429 | ILY | 基生...那个...	her_0431 | 基生 | 什么东西啊……	はあ……	draft	AI 批量翻译初稿，需人工校对角色口吻与专名。		1abba6a0177853708873717e087a9bb85d5f64c13e36ae71b5cca0f09e688cda	707ba1c82dcdb9307ae9b809b15746a0585a5bda61f67b7ba74149f40b97fa8f
her_0431	heroine	女主视角 · 青	06-03		1428	基生	dialogue	什么东西啊……	her_0430 | 基生 | 哈……	her_0432 | 基生 | 真是不舒服……	何なんだよ……	draft	AI 批量翻译初稿，需人工校对角色口吻与专名。		aeef47cec3437a3c2dee25b16e2514c6a54c822f05d4d2f44ce42a6f1ed9bd77	707ba1c82dcdb9307ae9b809b15746a0585a5bda61f67b7ba74149f40b97fa8f
her_0432	heroine	女主视角 · 青	06-03		1429	基生	dialogue	真是不舒服……	her_0431 | 基生 | 什么东西啊……	her_0433 | ILY | ...！	気持ち悪い……	draft	AI 批量翻译初稿，需人工校对角色口吻与专名。		8196059e073ced7ac25d381221e63854c64d3e8afd62d934af4b08c1b01a0046	707ba1c82dcdb9307ae9b809b15746a0585a5bda61f67b7ba74149f40b97fa8f
her_0433	heroine	女主视角 · 青	06-03		1430	ILY	dialogue	...！	her_0432 | 基生 | 真是不舒服……	her_0434 | ILY | ...对不起...基生...		untranslated			9c3784b479dbc38cf8756296f4f5af7ccf7fc8e75ce0a2b109ab7132cabffe6d	707ba1c82dcdb9307ae9b809b15746a0585a5bda61f67b7ba74149f40b97fa8f
her_0434	heroine	女主视角 · 青	06-03		1431	ILY	dialogue	...对不起...基生...	her_0433 | ILY | ...！	her_scene_06_05 | heroine-card | 告别		untranslated			34de4faed4b9aba9cc6adbe9ad497850b2d27f6a47f479c77afab20521648d42	707ba1c82dcdb9307ae9b809b15746a0585a5bda61f67b7ba74149f40b97fa8f
her_0447	heroine	女主视角 · 青	06-05		1433	ILY	dialogue	基生...	her_scene_06_05 | heroine-card | 告别	her_0448 | ILY | 我呢，真的		untranslated			ee33cd0dc5ab3c5beda851ca849f3fed53d758e60882233f30777f63cf1ca287	707ba1c82dcdb9307ae9b809b15746a0585a5bda61f67b7ba74149f40b97fa8f
her_0448	heroine	女主视角 · 青	06-05		1434	ILY	dialogue	我呢，真的	her_0447 | ILY | 基生...	her_0449 | ILY | 最最最喜欢，基生了...		untranslated			049bae695418ff346f88c63563e033ef768c56518bec8333e38fa6c957ef2ad1	707ba1c82dcdb9307ae9b809b15746a0585a5bda61f67b7ba74149f40b97fa8f
her_0449	heroine	女主视角 · 青	06-05		1435	ILY	dialogue	最最最喜欢，基生了...	her_0448 | ILY | 我呢，真的	her_0450 | ILY | ...		untranslated			dc3b39a70f29c215dafcc6d9e6c106743fcbf47f3b38baa44d10f1bfc129e249	707ba1c82dcdb9307ae9b809b15746a0585a5bda61f67b7ba74149f40b97fa8f
her_0450	heroine	女主视角 · 青	06-05		1436	ILY	dialogue	...	her_0449 | ILY | 最最最喜欢，基生了...	her_0451 | ILY | ...你听不见我的声音，真是太好了...		untranslated			2ee3beec0ddd9319f2857c3b30b4626feab78d33fba8bf3706639bf7568b247f	707ba1c82dcdb9307ae9b809b15746a0585a5bda61f67b7ba74149f40b97fa8f
her_0451	heroine	女主视角 · 青	06-05		1437	ILY	dialogue	...你听不见我的声音，真是太好了...	her_0450 | ILY | ...	her_0452 | ILY | ...也看不见这幅残破的身体，真是太好了...		untranslated			40770e439df1ebd86691b007d14ec9828b8ddba9c8a135e72d3153a0a4ff21c6	707ba1c82dcdb9307ae9b809b15746a0585a5bda61f67b7ba74149f40b97fa8f
her_0452	heroine	女主视角 · 青	06-05		1438	ILY	dialogue	...也看不见这幅残破的身体，真是太好了...	her_0451 | ILY | ...你听不见我的声音，真是太好了...	her_0453 | 旁白 | 映入眼帘的，是一只残破不堪的手。本应是少女的手上，钻出蠕虫般的电线。		untranslated			9999c63645cd3ce6781d0ce74ab6b06b6c301307bc86b4fa357384680c371f37	707ba1c82dcdb9307ae9b809b15746a0585a5bda61f67b7ba74149f40b97fa8f
her_0454	heroine	女主视角 · 青	06-05		1440	ILY	dialogue	那么...	her_0453 | 旁白 | 映入眼帘的，是一只残破不堪的手。本应是少女的手上，钻出蠕虫般的电线。	her_0455 | ILY | 真的，再见了...		untranslated			1c2c2a0c1710f828ffd50cc4968230cf41cf5d3c01cb2e2147d797f7e1a1c84d	707ba1c82dcdb9307ae9b809b15746a0585a5bda61f67b7ba74149f40b97fa8f
her_0455	heroine	女主视角 · 青	06-05		1441	ILY	dialogue	真的，再见了...	her_0454 | ILY | 那么...	her_0456 | ILY | 基生...		untranslated			9bd558ebcd62320913d8ecaa7890b52dd2d16847133e0e03d45c3218735fb042	707ba1c82dcdb9307ae9b809b15746a0585a5bda61f67b7ba74149f40b97fa8f
her_0456	heroine	女主视角 · 青	06-05		1442	ILY	dialogue	基生...	her_0455 | ILY | 真的，再见了...	her_chapter_07 | heroine-card | 终章前｜尘土		untranslated			ee33cd0dc5ab3c5beda851ca849f3fed53d758e60882233f30777f63cf1ca287	707ba1c82dcdb9307ae9b809b15746a0585a5bda61f67b7ba74149f40b97fa8f
her_0460	heroine	女主视角 · 青	07-01		1448	ILY	dialogue	基生...	her_0459 | 旁白 | 但心里仍记着一个人的名字，和有关于他的回忆。	her_0461 | ？ | 爱理！！		untranslated			a198e2f4d2dc9f4ac85f22e0164a117527713159a22271bd151c587baada8537	707ba1c82dcdb9307ae9b809b15746a0585a5bda61f67b7ba74149f40b97fa8f
her_0461	heroine	女主视角 · 青	07-01		1449	？	dialogue	爱理！！	her_0460 | ILY | 基生...	fin_s01 | 旁白 | 月下的自白 —— “ILY 病毒”的真相		untranslated			b183dcd3206905b145aa055302494864863512d2425b766d3dfd51414b98b101	707ba1c82dcdb9307ae9b809b15746a0585a5bda61f67b7ba74149f40b97fa8f
fin_010	final	最终章 · One Last Kiss	S01		1457	ILY	dialogue	……其实	fin_006 | 旁白 | 无一不是仿佛在虚构世界里发生的故事般，令我费解、难以置信。	fin_011 | ILY | 在那天、		untranslated			652ee3bb41f2becbcddafae782b1bd20b65f707e3136f57102d7b0fa55cebfa6	707ba1c82dcdb9307ae9b809b15746a0585a5bda61f67b7ba74149f40b97fa8f
fin_011	final	最终章 · One Last Kiss	S01		1458	ILY	dialogue	在那天、	fin_010 | ILY | ……其实	fin_012 | ILY | 最开始，在海边遇到基生那天，我本来打算，立刻把基生吃掉的。一切本该就此结束。		untranslated			02ac98161bddf67538bb890fb501e7cbfd0ea5448f95da259475d4d80b37adec	707ba1c82dcdb9307ae9b809b15746a0585a5bda61f67b7ba74149f40b97fa8f
fin_012	final	最终章 · One Last Kiss	S01		1459	ILY	dialogue	最开始，在海边遇到基生那天，我本来打算，立刻把基生吃掉的。一切本该就此结束。	fin_011 | ILY | 在那天、	fin_013 | ILY | 如果把基生，也就是人类吃掉的话，那个人就会变成所有‘ILY’的食粮。		untranslated			e5da831547925d33193cb37b12ae800aafbc5b6279c0f48899b78fdfdc4da7de	707ba1c82dcdb9307ae9b809b15746a0585a5bda61f67b7ba74149f40b97fa8f
fin_013	final	最终章 · One Last Kiss	S01		1460	ILY	dialogue	如果把基生，也就是人类吃掉的话，那个人就会变成所有‘ILY’的食粮。	fin_012 | ILY | 最开始，在海边遇到基生那天，我本来打算，立刻把基生吃掉的。一切本该就此结束。	fin_014 | ILY | 然后我们就会去寻找下一个感染者，再将他吃掉……		untranslated			3a5fbfe682f8fda1eb9efc11b1bb0dc04afba470f872802732a507f790d00c76	707ba1c82dcdb9307ae9b809b15746a0585a5bda61f67b7ba74149f40b97fa8f
fin_014	final	最终章 · One Last Kiss	S01		1461	ILY	dialogue	然后我们就会去寻找下一个感染者，再将他吃掉……	fin_013 | ILY | 如果把基生，也就是人类吃掉的话，那个人就会变成所有‘ILY’的食粮。	fin_015 | ILY | 我们就是这样生存下来的。		untranslated			3eaacbe572783a97b84be818ea25da95140ead7ed708026993e6add97057adc6	707ba1c82dcdb9307ae9b809b15746a0585a5bda61f67b7ba74149f40b97fa8f
fin_015	final	最终章 · One Last Kiss	S01		1462	ILY	dialogue	我们就是这样生存下来的。	fin_014 | ILY | 然后我们就会去寻找下一个感染者，再将他吃掉……	fin_016 | ILY | 一切本该只是这个过程的一次重复。		untranslated			dccbd2ad77f4c3ac18ff9a37d301af82965a520b6d0eb335ea733d37ac4a8655	707ba1c82dcdb9307ae9b809b15746a0585a5bda61f67b7ba74149f40b97fa8f
fin_016	final	最终章 · One Last Kiss	S01		1463	ILY	dialogue	一切本该只是这个过程的一次重复。	fin_015 | ILY | 我们就是这样生存下来的。	fin_017 | ILY | ……		untranslated			c2d378a8f08adf1476f9b6524c6cb338840a241c108ca03f21a4cf3cd40be19e	707ba1c82dcdb9307ae9b809b15746a0585a5bda61f67b7ba74149f40b97fa8f
fin_017	final	最终章 · One Last Kiss	S01		1464	ILY	dialogue	……	fin_016 | ILY | 一切本该只是这个过程的一次重复。	fin_018 | ILY | 可是，在基生问我‘喜欢’是什么的时候……		untranslated			4eff13d4784332e8bf29821fac475a735e457d1f35a0f735e64388d54a36133c	707ba1c82dcdb9307ae9b809b15746a0585a5bda61f67b7ba74149f40b97fa8f
fin_018	final	最终章 · One Last Kiss	S01		1465	ILY	dialogue	可是，在基生问我‘喜欢’是什么的时候……	fin_017 | ILY | ……	fin_019 | ILY | 我自己，一句话都说不出来。		untranslated			d99c5523d2864c94f5c9f809b38f1633edd42baa493ca92f3771dcc82a792dca	707ba1c82dcdb9307ae9b809b15746a0585a5bda61f67b7ba74149f40b97fa8f
fin_019	final	最终章 · One Last Kiss	S01		1466	ILY	dialogue	我自己，一句话都说不出来。	fin_018 | ILY | 可是，在基生问我‘喜欢’是什么的时候……	fin_020 | ILY | 因为我对这种感情，一无所知。		untranslated			64070634973e06197444078fb2d118a238114512386cccf94b16f11a1f32f940	707ba1c82dcdb9307ae9b809b15746a0585a5bda61f67b7ba74149f40b97fa8f
fin_020	final	最终章 · One Last Kiss	S01		1467	ILY	dialogue	因为我对这种感情，一无所知。	fin_019 | ILY | 我自己，一句话都说不出来。	fin_021 | ILY | 所以……		untranslated			10e859086eff0fc5693752af08084db825000c93ab685c18b9693e108915949f	707ba1c82dcdb9307ae9b809b15746a0585a5bda61f67b7ba74149f40b97fa8f
fin_021	final	最终章 · One Last Kiss	S01		1468	ILY	dialogue	所以……	fin_020 | ILY | 因为我对这种感情，一无所知。	"fin_022 | ILY | 到那时为止，我想，我还只是""作为 ILY 病毒""而存在着。"		untranslated			70325e6f14532a8bf91b971fb500cedba6b2d229626672281551de107022d4d3	707ba1c82dcdb9307ae9b809b15746a0585a5bda61f67b7ba74149f40b97fa8f
fin_022	final	最终章 · One Last Kiss	S01		1469	ILY	dialogue	"到那时为止，我想，我还只是""作为 ILY 病毒""而存在着。"	fin_021 | ILY | 所以……	fin_023 | ILY | 但也只到那时为止……		untranslated			ed941e5c13adf4c36331a099367fcce20a2221b7143e155ed17f0dd62fbad22c	707ba1c82dcdb9307ae9b809b15746a0585a5bda61f67b7ba74149f40b97fa8f
fin_023	final	最终章 · One Last Kiss	S01		1470	ILY	dialogue	但也只到那时为止……	"fin_022 | ILY | 到那时为止，我想，我还只是""作为 ILY 病毒""而存在着。"	fin_024 | ILY | 因为，一旦明白了‘喜欢’……原来是那么温暖、又那么珍贵的心情……		untranslated			ee84139c99fc56b6eb57ba452331600776dd46a1e51f107df4a802cbef7b5483	707ba1c82dcdb9307ae9b809b15746a0585a5bda61f67b7ba74149f40b97fa8f
fin_024	final	最终章 · One Last Kiss	S01		1471	ILY	dialogue	因为，一旦明白了‘喜欢’……原来是那么温暖、又那么珍贵的心情……	fin_023 | ILY | 但也只到那时为止……	fin_025 | ILY | 我怎么可能，去吃下抱着这种心情的人啊……！		untranslated			f6f1d214e103d1da0107230c779ca8b5d09a9d6b66078575bbe833351cd4e6be	707ba1c82dcdb9307ae9b809b15746a0585a5bda61f67b7ba74149f40b97fa8f
fin_025	final	最终章 · One Last Kiss	S01		1472	ILY	dialogue	我怎么可能，去吃下抱着这种心情的人啊……！	fin_024 | ILY | 因为，一旦明白了‘喜欢’……原来是那么温暖、又那么珍贵的心情……	fin_026 | 基生 | ……！		untranslated			ad4190b804606ba4116ba5085ba8f1fbdd3bc1fa34898ad0d45ebfcddd0d5221	707ba1c82dcdb9307ae9b809b15746a0585a5bda61f67b7ba74149f40b97fa8f
fin_026	final	最终章 · One Last Kiss	S01		1473	基生	dialogue	……！	fin_025 | ILY | 我怎么可能，去吃下抱着这种心情的人啊……！	"fin_027 | ILY | 我啊，从那之后，在和基生一起的生活中，完全理解了基生你对""爱理""的那份思念。"	……！	draft	AI 批量翻译初稿，需人工校对角色口吻与专名。		33cc94cdb6338e42ba98fa023cd0ba0f9934c6597a1bdf1c344b7064d1f89035	707ba1c82dcdb9307ae9b809b15746a0585a5bda61f67b7ba74149f40b97fa8f
fin_027	final	最终章 · One Last Kiss	S01		1474	ILY	dialogue	"我啊，从那之后，在和基生一起的生活中，完全理解了基生你对""爱理""的那份思念。"	fin_026 | 基生 | ……！	fin_028 | ILY | 基生的言语……也是，那些无法用言语表达的东西也是，都传递到了我的心里。		untranslated			c304003b1496067a72bea5f1b735656d9d9d655824d10696d9b07bbe5fd0ae64	707ba1c82dcdb9307ae9b809b15746a0585a5bda61f67b7ba74149f40b97fa8f
fin_028	final	最终章 · One Last Kiss	S01		1475	ILY	dialogue	基生的言语……也是，那些无法用言语表达的东西也是，都传递到了我的心里。	"fin_027 | ILY | 我啊，从那之后，在和基生一起的生活中，完全理解了基生你对""爱理""的那份思念。"	fin_029 | ILY | 基生的眼神、声音，全部都是那么地温暖，好像要溢出来一样，让我十分舒服……		untranslated			f4a684d741325b09aa11f99f959169bb08f3c49277e775e2d064634a31395c9a	707ba1c82dcdb9307ae9b809b15746a0585a5bda61f67b7ba74149f40b97fa8f
fin_029	final	最终章 · One Last Kiss	S01		1476	ILY	dialogue	基生的眼神、声音，全部都是那么地温暖，好像要溢出来一样，让我十分舒服……	fin_028 | ILY | 基生的言语……也是，那些无法用言语表达的东西也是，都传递到了我的心里。	"fin_030 | ILY | 我非常地羡慕""爱理""。"		untranslated			8bbd0875a15340a00f2e668468b50f430926ac3b0c5327ba067577dd1dad41b0	707ba1c82dcdb9307ae9b809b15746a0585a5bda61f67b7ba74149f40b97fa8f
fin_030	final	最终章 · One Last Kiss	S01		1477	ILY	dialogue	"我非常地羡慕""爱理""。"	fin_029 | ILY | 基生的眼神、声音，全部都是那么地温暖，好像要溢出来一样，让我十分舒服……	fin_031 | ILY | 她竟然被基生这样珍惜、这样思念，真好啊……		untranslated			49f6117c5c448d0dcb263ebb650a5b56c09a96d2b0508acd84460c300e0615ef	707ba1c82dcdb9307ae9b809b15746a0585a5bda61f67b7ba74149f40b97fa8f
fin_031	final	最终章 · One Last Kiss	S01		1478	ILY	dialogue	她竟然被基生这样珍惜、这样思念，真好啊……	"fin_030 | ILY | 我非常地羡慕""爱理""。"	"fin_032 | ILY | 要是能变成真正的""爱理""就好了，我无数次地这么想……"		untranslated			5ee94b3ceac7b64b01e93a3990d378d5251d9c9346b8a7e70758f8de95075eb6	707ba1c82dcdb9307ae9b809b15746a0585a5bda61f67b7ba74149f40b97fa8f
fin_032	final	最终章 · One Last Kiss	S01		1479	ILY	dialogue	"要是能变成真正的""爱理""就好了，我无数次地这么想……"	fin_031 | ILY | 她竟然被基生这样珍惜、这样思念，真好啊……	fin_033 | ILY | 但是这种事情，是不可能的……		untranslated			4b918d2abe76fe4ea4af7ca27efea8ff3a6679679fee0b45936e1b1b49b7f5a2	707ba1c82dcdb9307ae9b809b15746a0585a5bda61f67b7ba74149f40b97fa8f
fin_033	final	最终章 · One Last Kiss	S01		1480	ILY	dialogue	但是这种事情，是不可能的……	"fin_032 | ILY | 要是能变成真正的""爱理""就好了，我无数次地这么想……"	fin_034 | ILY | 因为我……就是这样的……		untranslated			8ed38cbe7e0659974edd7a61896976c10f9c6092e94c7d700077f971f7731a9f	707ba1c82dcdb9307ae9b809b15746a0585a5bda61f67b7ba74149f40b97fa8f
fin_034	final	最终章 · One Last Kiss	S01		1481	ILY	dialogue	因为我……就是这样的……	fin_033 | ILY | 但是这种事情，是不可能的……	fin_035 | ILY | 这样的，让人害怕的生物……		untranslated			0d75e89dc6a2ee5c12338e96244d152c949a5c7f1d1e5430f4ba807ae68c5ce3	707ba1c82dcdb9307ae9b809b15746a0585a5bda61f67b7ba74149f40b97fa8f
fin_035	final	最终章 · One Last Kiss	S01		1482	ILY	dialogue	这样的，让人害怕的生物……	fin_034 | ILY | 因为我……就是这样的……	fin_036 | ILY | 我明明知道这件事，但我还……		untranslated			d9cbbefb9fc94caa9400665736b707dba177372b8dd682ec39d57a108004b555	707ba1c82dcdb9307ae9b809b15746a0585a5bda61f67b7ba74149f40b97fa8f
fin_036	final	最终章 · One Last Kiss	S01		1483	ILY	dialogue	我明明知道这件事，但我还……	fin_035 | ILY | 这样的，让人害怕的生物……	fin_037 | 基生 | ILY……		untranslated			7fd091d14fbe1be20e99376371507ab8c6fb70c430cdd7648eb1ca6bd015d679	707ba1c82dcdb9307ae9b809b15746a0585a5bda61f67b7ba74149f40b97fa8f
fin_037	final	最终章 · One Last Kiss	S01		1484	基生	dialogue	ILY……	fin_036 | ILY | 我明明知道这件事，但我还……	fin_038 | 基生 | 我啊……	ILY……	draft	AI 批量翻译初稿，需人工校对角色口吻与专名。		28394ec40bf5a8422f73d370300862606d5039caafbdc1c7c94ff950e6b45723	707ba1c82dcdb9307ae9b809b15746a0585a5bda61f67b7ba74149f40b97fa8f
fin_038	final	最终章 · One Last Kiss	S01		1485	基生	dialogue	我啊……	fin_037 | 基生 | ILY……	fin_039 | 基生 | 我的确是一直、一直在想着爱理的事情。	僕は……	draft	AI 批量翻译初稿，需人工校对角色口吻与专名。		42be23ae1e2597d3d23b8791c6ed1101307bd9ecaa040c06ef2d15767c6a003a	707ba1c82dcdb9307ae9b809b15746a0585a5bda61f67b7ba74149f40b97fa8f
fin_039	final	最终章 · One Last Kiss	S01		1486	基生	dialogue	我的确是一直、一直在想着爱理的事情。	fin_038 | 基生 | 我啊……	fin_040 | 基生 | 这十年间，我无时无刻都只牵挂着爱理……我自以为是这样。	確かに僕は、ずっと、ずっと愛理のことを思っていた。	draft	AI 批量翻译初稿，需人工校对角色口吻与专名。		44b15b97acf0b11e5d6f552c1c5de593af8176cbf905294482dd64a842a8cbf9	707ba1c82dcdb9307ae9b809b15746a0585a5bda61f67b7ba74149f40b97fa8f
fin_040	final	最终章 · One Last Kiss	S01		1487	基生	dialogue	这十年间，我无时无刻都只牵挂着爱理……我自以为是这样。	fin_039 | 基生 | 我的确是一直、一直在想着爱理的事情。	fin_041 | 基生 | 但是，我所牵挂的，不过是那个存在于我手机中、存在于我记忆里、对我极尽顺遂之能事的爱理而已。	この十年間、いつだって愛理のことだけを思い続けていた……自分では、そう思っていた。	draft	AI 批量翻译初稿，需人工校对角色口吻与专名。		6db466a3e7f63488a575f714a7432f7403a5ce57ddd5ebc9cfe30fdfc64d13d5	707ba1c82dcdb9307ae9b809b15746a0585a5bda61f67b7ba74149f40b97fa8f
fin_041	final	最终章 · One Last Kiss	S01		1488	基生	dialogue	但是，我所牵挂的，不过是那个存在于我手机中、存在于我记忆里、对我极尽顺遂之能事的爱理而已。	fin_040 | 基生 | 这十年间，我无时无刻都只牵挂着爱理……我自以为是这样。	fin_042 | 基生 | 而我对那个时候的爱理，所感受到的悲伤，和寂寞，一无所知。	でも僕が思っていたのは、携帯の中にいて、僕の記憶の中にいて、何もかも僕の望みどおりにしてくれる愛理だけだった。	draft	AI 批量翻译初稿，需人工校对角色口吻与专名。		ab92f10112c111dc3c6a47fae58b5e168146d44fec8341f16592fe61073c70d8	707ba1c82dcdb9307ae9b809b15746a0585a5bda61f67b7ba74149f40b97fa8f
fin_042	final	最终章 · One Last Kiss	S01		1489	基生	dialogue	而我对那个时候的爱理，所感受到的悲伤，和寂寞，一无所知。	fin_041 | 基生 | 但是，我所牵挂的，不过是那个存在于我手机中、存在于我记忆里、对我极尽顺遂之能事的爱理而已。	fin_043 | 基生 | 要是我真的对爱理那么想念的话，爱理也就不会从我的面前消失不见了……	あの頃の愛理が感じていた悲しみも、寂しさも、僕は何一つ知らなかった。	draft	AI 批量翻译初稿，需人工校对角色口吻与专名。		c9993026ebfdf493097658634452707b1af6245c1bb6e9b00b0b8c849c202dd8	707ba1c82dcdb9307ae9b809b15746a0585a5bda61f67b7ba74149f40b97fa8f
fin_043	final	最终章 · One Last Kiss	S01		1490	基生	dialogue	要是我真的对爱理那么想念的话，爱理也就不会从我的面前消失不见了……	fin_042 | 基生 | 而我对那个时候的爱理，所感受到的悲伤，和寂寞，一无所知。	fin_044 | 基生 | 没错，所以……	もし僕が本当に愛理のことを思えていたなら、愛理は僕の前から消えたりしなかった……	draft	AI 批量翻译初稿，需人工校对角色口吻与专名。		6ffc33110198b390a966046db4d8f0b3fdccb96df50a4564464ff38ecf8e20eb	707ba1c82dcdb9307ae9b809b15746a0585a5bda61f67b7ba74149f40b97fa8f
fin_044	final	最终章 · One Last Kiss	S01		1491	基生	dialogue	没错，所以……	fin_043 | 基生 | 要是我真的对爱理那么想念的话，爱理也就不会从我的面前消失不见了……	fin_045 | 基生 | ILY……	そうだ。だから……	draft	AI 批量翻译初稿，需人工校对角色口吻与专名。		fba316018e9d9a8cdc0f142bae03f04e1fc8faf3b00875d6cf1c9ae8187bab11	707ba1c82dcdb9307ae9b809b15746a0585a5bda61f67b7ba74149f40b97fa8f
fin_045	final	最终章 · One Last Kiss	S01		1492	基生	dialogue	ILY……	fin_044 | 基生 | 没错，所以……	fin_046 | 基生 | 如果 ILY 你，在我度过的时光中，从我倾注于爱理的感情里，感受到了温暖，那么……	ILY……	draft	AI 批量翻译初稿，需人工校对角色口吻与专名。		28394ec40bf5a8422f73d370300862606d5039caafbdc1c7c94ff950e6b45723	707ba1c82dcdb9307ae9b809b15746a0585a5bda61f67b7ba74149f40b97fa8f
fin_046	final	最终章 · One Last Kiss	S01		1493	基生	dialogue	如果 ILY 你，在我度过的时光中，从我倾注于爱理的感情里，感受到了温暖，那么……	fin_045 | 基生 | ILY……	"fin_047 | 基生 | 我的那份感情，一定是倾注在了，找到了我、陪伴着我的""ILY""身上。"	もしILYが、僕の過ごしてきた時間の中に、愛理へ注いだ感情の中に、温もりを感じてくれたのなら……	draft	AI 批量翻译初稿，需人工校对角色口吻与专名。		bfb18361d368668b46b854b9d54109c32b388a44e66adc40df7ebd5aafc32d6b	707ba1c82dcdb9307ae9b809b15746a0585a5bda61f67b7ba74149f40b97fa8f
fin_047	final	最终章 · One Last Kiss	S01		1494	基生	dialogue	"我的那份感情，一定是倾注在了，找到了我、陪伴着我的""ILY""身上。"	fin_046 | 基生 | 如果 ILY 你，在我度过的时光中，从我倾注于爱理的感情里，感受到了温暖，那么……	fin_050 | ILY | 是……是这样吗……？	僕のその気持ちはきっと、僕を見つけて、そばにいてくれた『ILY』に注がれていたんだ。	draft	AI 批量翻译初稿，需人工校对角色口吻与专名。		9a61e442e57351a5f0d9e7213fa3052579e4ed9d86da7e0013baac514b2e3ac0	707ba1c82dcdb9307ae9b809b15746a0585a5bda61f67b7ba74149f40b97fa8f
fin_050	final	最终章 · One Last Kiss	S01		1495	ILY	dialogue	是……是这样吗……？	"fin_047 | 基生 | 我的那份感情，一定是倾注在了，找到了我、陪伴着我的""ILY""身上。"	fin_051 | 基生 | 嗯……是的哦。		untranslated			fa284b7484079dd9dfd48ad4604086f4aaf571e457de70df4f514af8f21a41b7	707ba1c82dcdb9307ae9b809b15746a0585a5bda61f67b7ba74149f40b97fa8f
fin_051	final	最终章 · One Last Kiss	S01		1496	基生	dialogue	嗯……是的哦。	fin_050 | ILY | 是……是这样吗……？	fin_052 | ILY | 呜呜、	うん……そうだよ。	draft	AI 批量翻译初稿，需人工校对角色口吻与专名。		6ea918317f965993e41d271841ba51fa15723cc25676ee46285151e5d94220ff	707ba1c82dcdb9307ae9b809b15746a0585a5bda61f67b7ba74149f40b97fa8f
fin_052	final	最终章 · One Last Kiss	S01		1497	ILY	dialogue	呜呜、	fin_051 | 基生 | 嗯……是的哦。	fin_053 | ILY | 呜呜呜、呜呜、		untranslated			89346c41f80fb7c29f0063b58f9bc62765fafc28fed7e8dc3a4eec9eae6c84a4	707ba1c82dcdb9307ae9b809b15746a0585a5bda61f67b7ba74149f40b97fa8f
fin_053	final	最终章 · One Last Kiss	S01		1498	ILY	dialogue	呜呜呜、呜呜、	fin_052 | ILY | 呜呜、	fin_054 | ILY | 呜呜呜、		untranslated			948e7c668efe4ddaee5ccafa2c1c6ff2ba217d82f31d49b1abdc313486aad8e2	707ba1c82dcdb9307ae9b809b15746a0585a5bda61f67b7ba74149f40b97fa8f
fin_054	final	最终章 · One Last Kiss	S01		1499	ILY	dialogue	呜呜呜、	fin_053 | ILY | 呜呜呜、呜呜、	fin_055 | ILY | 基生……		untranslated			51a401a9e09d463e014a11594fab05d0f273780966f7e4c6512058219a924d23	707ba1c82dcdb9307ae9b809b15746a0585a5bda61f67b7ba74149f40b97fa8f
fin_055	final	最终章 · One Last Kiss	S01		1500	ILY	dialogue	基生……	fin_054 | ILY | 呜呜呜、	fin_056 | ILY | 我真的好高兴，真的好高兴呢……		untranslated			3403610188da8ab5c52166e162ee67dc34fee08b94d18a24be0ac11e528bd919	707ba1c82dcdb9307ae9b809b15746a0585a5bda61f67b7ba74149f40b97fa8f
fin_056	final	最终章 · One Last Kiss	S01		1501	ILY	dialogue	我真的好高兴，真的好高兴呢……	fin_055 | ILY | 基生……	fin_057 | ILY | 基生……		untranslated			ceb9f8e5bde58f80ba69cb43c3558a4611b497b61ed203ebd61907757236b941	707ba1c82dcdb9307ae9b809b15746a0585a5bda61f67b7ba74149f40b97fa8f
fin_057	final	最终章 · One Last Kiss	S01		1502	ILY	dialogue	基生……	fin_056 | ILY | 我真的好高兴，真的好高兴呢……	fin_058 | ILY | 那个……		untranslated			3403610188da8ab5c52166e162ee67dc34fee08b94d18a24be0ac11e528bd919	707ba1c82dcdb9307ae9b809b15746a0585a5bda61f67b7ba74149f40b97fa8f
fin_058	final	最终章 · One Last Kiss	S01		1503	ILY	dialogue	那个……	fin_057 | ILY | 基生……	fin_s02 | 旁白 | “说喜欢我”		untranslated			5a2837657fefbe9df15bfff41a442951ab88dc0f4153c6a3db5c872f7feca858	707ba1c82dcdb9307ae9b809b15746a0585a5bda61f67b7ba74149f40b97fa8f
fin_061	final	最终章 · One Last Kiss	S02		1506	ILY	dialogue	不是……！	"fin_060 | 旁白 | ""能说你喜欢我吗"""	fin_062 | 基生 | ILY！？		untranslated			d89d42160f7aff522f5ab5dd5b0bf20b0d0fd7ddb6f5f25dcd36951f49a2660c	707ba1c82dcdb9307ae9b809b15746a0585a5bda61f67b7ba74149f40b97fa8f
fin_062	final	最终章 · One Last Kiss	S02		1507	基生	dialogue	ILY！？	fin_061 | ILY | 不是……！	fin_063 | ILY | 不是这样！！	ILY！？	draft	AI 批量翻译初稿，需人工校对角色口吻与专名。		f449282ab896a8e2ec33156de68678d7109889279a3e01ee0eb48309a6df42ed	707ba1c82dcdb9307ae9b809b15746a0585a5bda61f67b7ba74149f40b97fa8f
fin_063	final	最终章 · One Last Kiss	S02		1508	ILY	dialogue	不是这样！！	fin_062 | 基生 | ILY！？	"fin_064 | 旁白 | ""说喜欢我"""		untranslated			f2f230b2a5eac04988da8f4c08b34bfedb06b60b3cb1507af85846874370328a	707ba1c82dcdb9307ae9b809b15746a0585a5bda61f67b7ba74149f40b97fa8f
fin_065	final	最终章 · One Last Kiss	S02		1510	ILY	dialogue	不是这样！！	"fin_064 | 旁白 | ""说喜欢我"""	fin_066 | ILY | 不要！！		untranslated			f2f230b2a5eac04988da8f4c08b34bfedb06b60b3cb1507af85846874370328a	707ba1c82dcdb9307ae9b809b15746a0585a5bda61f67b7ba74149f40b97fa8f
fin_066	final	最终章 · One Last Kiss	S02		1511	ILY	dialogue	不要！！	fin_065 | ILY | 不是这样！！	"fin_067 | 旁白 | ""说喜欢我"""		untranslated			b57be0baf5351043bb532caa06da7e84b07dfc969b83c1c052ffbc1c3d7f6c6e	707ba1c82dcdb9307ae9b809b15746a0585a5bda61f67b7ba74149f40b97fa8f
fin_068	final	最终章 · One Last Kiss	S02		1513	ILY	dialogue	不要！！	"fin_067 | 旁白 | ""说喜欢我"""	fin_069 | ILY | 我早就不希望那样了！！		untranslated			b57be0baf5351043bb532caa06da7e84b07dfc969b83c1c052ffbc1c3d7f6c6e	707ba1c82dcdb9307ae9b809b15746a0585a5bda61f67b7ba74149f40b97fa8f
fin_069	final	最终章 · One Last Kiss	S02		1514	ILY	dialogue	我早就不希望那样了！！	fin_068 | ILY | 不要！！	"fin_070 | 旁白 | ""说喜欢我"""		untranslated			387efb438c5b071177d4e6b172a17f2530ac0222daf7de4b9031c50ceb6bd573	707ba1c82dcdb9307ae9b809b15746a0585a5bda61f67b7ba74149f40b97fa8f
fin_071	final	最终章 · One Last Kiss	S02		1516	ILY	dialogue	对不起，	"fin_070 | 旁白 | ""说喜欢我"""	fin_072 | ILY | 对不起，基生，		untranslated			1eb40b59391384ea68c093060daef1977d26aa749574d7371eaa18f406511426	707ba1c82dcdb9307ae9b809b15746a0585a5bda61f67b7ba74149f40b97fa8f
fin_072	final	最终章 · One Last Kiss	S02		1517	ILY	dialogue	对不起，基生，	fin_071 | ILY | 对不起，	fin_073 | ILY | 你什么都不要说，我不会吃掉你的。		untranslated			d453f3b3282ff1f52580227fb4f869e20bd8e02f64f3b9f43450dce569a86e72	707ba1c82dcdb9307ae9b809b15746a0585a5bda61f67b7ba74149f40b97fa8f
fin_073	final	最终章 · One Last Kiss	S02		1518	ILY	dialogue	你什么都不要说，我不会吃掉你的。	fin_072 | ILY | 对不起，基生，	"fin_074 | 旁白 | ""说喜欢我"""		untranslated			6363d34ba7dbd24ecc0cb22d925f42112d303d867d7f78e643982c965a391432	707ba1c82dcdb9307ae9b809b15746a0585a5bda61f67b7ba74149f40b97fa8f
fin_075	final	最终章 · One Last Kiss	S02		1520	ILY	dialogue	不要！！	"fin_074 | 旁白 | ""说喜欢我"""	fin_076 | ILY | 不要这样！！		untranslated			b57be0baf5351043bb532caa06da7e84b07dfc969b83c1c052ffbc1c3d7f6c6e	707ba1c82dcdb9307ae9b809b15746a0585a5bda61f67b7ba74149f40b97fa8f
fin_076	final	最终章 · One Last Kiss	S02		1521	ILY	dialogue	不要这样！！	fin_075 | ILY | 不要！！	"fin_077 | 旁白 | ""说喜欢我"""		untranslated			3ad0590b008d1d44aded291f4d6e4bfe6615b463c2614f4809e54f74ce678fad	707ba1c82dcdb9307ae9b809b15746a0585a5bda61f67b7ba74149f40b97fa8f
fin_078	final	最终章 · One Last Kiss	S02		1523	ILY	dialogue	呜呜……为什么啊，	"fin_077 | 旁白 | ""说喜欢我"""	"fin_079 | 旁白 | ""说喜欢我"""		untranslated			1ab2a6e5c96e99a0b53b200b029680a062174f4137018f81605751b31d75444c	707ba1c82dcdb9307ae9b809b15746a0585a5bda61f67b7ba74149f40b97fa8f
fin_080	final	最终章 · One Last Kiss	S02		1525	ILY	dialogue	为什么会这样？	"fin_079 | 旁白 | ""说喜欢我"""	fin_081 | ILY | 我，讨厌这样。		untranslated			ba4403ca08351bbf447937c45eb895112abeec663cbd81f3bc386d9bb2746db8	707ba1c82dcdb9307ae9b809b15746a0585a5bda61f67b7ba74149f40b97fa8f
fin_081	final	最终章 · One Last Kiss	S02		1526	ILY	dialogue	我，讨厌这样。	fin_080 | ILY | 为什么会这样？	fin_082 | ILY | 我讨厌这样……		untranslated			1f56577106986b1d48c3d1895e8f6408cbe8908f8ff13a3918abe0cfdf6d80e1	707ba1c82dcdb9307ae9b809b15746a0585a5bda61f67b7ba74149f40b97fa8f
fin_082	final	最终章 · One Last Kiss	S02		1527	ILY	dialogue	我讨厌这样……	fin_081 | ILY | 我，讨厌这样。	"fin_083 | 旁白 | ""说喜欢我"""		untranslated			526042dfaf87b667d0b8947f21aded0020fffb853ed5d6b45c245632f59b0715	707ba1c82dcdb9307ae9b809b15746a0585a5bda61f67b7ba74149f40b97fa8f
fin_084	final	最终章 · One Last Kiss	S02		1529	ILY	dialogue	不对！	"fin_083 | 旁白 | ""说喜欢我"""	fin_085 | 爱理 | 不要！！		untranslated			a728a40ab8d4595d6fe26082fa639a217045b8d17543b8ed05d55dff34d77a7d	707ba1c82dcdb9307ae9b809b15746a0585a5bda61f67b7ba74149f40b97fa8f
fin_085	final	最终章 · One Last Kiss	S02		1530	爱理	dialogue	不要！！	fin_084 | ILY | 不对！	fin_086 | 基生 | ILY……你的身体……！！	いや！！	draft	AI 批量翻译初稿，需人工校对角色口吻与专名。		ee39ccbdcfc5679a4f7473c609739cead9dc8656fe3193110bd0d61c208bf233	707ba1c82dcdb9307ae9b809b15746a0585a5bda61f67b7ba74149f40b97fa8f
fin_086	final	最终章 · One Last Kiss	S02		1531	基生	dialogue	ILY……你的身体……！！	fin_085 | 爱理 | 不要！！	fin_087 | ILY | 不是这样，基生，	ILY……君の身体が……！！	draft	AI 批量翻译初稿，需人工校对角色口吻与专名。		250f469624f2dea9d92696611fb748b41773cdcb5c93255c0f66027407f9bce6	707ba1c82dcdb9307ae9b809b15746a0585a5bda61f67b7ba74149f40b97fa8f
fin_087	final	最终章 · One Last Kiss	S02		1532	ILY	dialogue	不是这样，基生，	fin_086 | 基生 | ILY……你的身体……！！	"fin_088 | 旁白 | ""说喜欢我"""		untranslated			134a4386661ede09d057e67a6887e877285ed86b3da296f78b5fed2fb2c54fb7	707ba1c82dcdb9307ae9b809b15746a0585a5bda61f67b7ba74149f40b97fa8f
fin_089	final	最终章 · One Last Kiss	S02		1534	ILY	dialogue	“不要看我这副样子，”	"fin_088 | 旁白 | ""说喜欢我"""	"fin_090 | 旁白 | ""说喜欢我"""		untranslated			d0c21c84a10ccebf2fb8d2a43872e3e273df60d69dba9d6e444f11f21f0ee3de	707ba1c82dcdb9307ae9b809b15746a0585a5bda61f67b7ba74149f40b97fa8f
fin_091	final	最终章 · One Last Kiss	S02		1536	ILY	dialogue	“现在这样，不是的，这不是我！！”	"fin_090 | 旁白 | ""说喜欢我"""	fin_092 | ILY | “你什么都不要说！”		untranslated			f822831a0502aa93838b563126c4f782b03c9d7c4fd58ee0d90858c9e902e213	707ba1c82dcdb9307ae9b809b15746a0585a5bda61f67b7ba74149f40b97fa8f
fin_092	final	最终章 · One Last Kiss	S02		1537	ILY	dialogue	“你什么都不要说！”	fin_091 | ILY | “现在这样，不是的，这不是我！！”	fin_s04 | 旁白 | 消失 —— 这个世界的最后一句“喜欢”		untranslated			e68797dc62242f792c8c6ccf27740e5a047779eb5037ea6432273f24d0413900	707ba1c82dcdb9307ae9b809b15746a0585a5bda61f67b7ba74149f40b97fa8f
fin_094	final	最终章 · One Last Kiss	S04		1539	ILY	dialogue	哈啊……哈啊……哈啊……	fin_s04 | 旁白 | 消失 —— 这个世界的最后一句“喜欢”	fin_095 | ILY | 基生……		untranslated			2131d597c10bb964351446f7e15793fe7f764c7839bbfe018a11d15d0f8ead2e	707ba1c82dcdb9307ae9b809b15746a0585a5bda61f67b7ba74149f40b97fa8f
fin_095	final	最终章 · One Last Kiss	S04		1540	ILY	dialogue	基生……	fin_094 | ILY | 哈啊……哈啊……哈啊……	fin_096 | ILY | 对不起……非常对不起……		untranslated			d005aa414d9ecda19d3e9a62e67e56cbf5b8770d129211c36d5dc5de09f7f9a6	707ba1c82dcdb9307ae9b809b15746a0585a5bda61f67b7ba74149f40b97fa8f
fin_096	final	最终章 · One Last Kiss	S04		1541	ILY	dialogue	对不起……非常对不起……	fin_095 | ILY | 基生……	fin_097 | ILY | ……我，已经快要，消失了。		untranslated			f2926326efc2e34bbc4825b6d6a23369dd2db4a6d54f24cfd845f081b7bf889e	707ba1c82dcdb9307ae9b809b15746a0585a5bda61f67b7ba74149f40b97fa8f
fin_097	final	最终章 · One Last Kiss	S04		1542	ILY	dialogue	……我，已经快要，消失了。	fin_096 | ILY | 对不起……非常对不起……	fin_098 | 基生 | 消失……怎么会这样……！		untranslated			29b385ee892919e3e733447b8abb808a690c92ca0b765b60853e686ff2b1b5cb	707ba1c82dcdb9307ae9b809b15746a0585a5bda61f67b7ba74149f40b97fa8f
fin_098	final	最终章 · One Last Kiss	S04		1543	基生	dialogue	消失……怎么会这样……！	fin_097 | ILY | ……我，已经快要，消失了。	fin_099 | ILY | 嗯……这种事，我能感觉到。	消えるって……そんな……！	draft	AI 批量翻译初稿，需人工校对角色口吻与专名。		550247a5d412fe642c8c9edd2161373916af7915f1b1b648d75260128dec6b40	707ba1c82dcdb9307ae9b809b15746a0585a5bda61f67b7ba74149f40b97fa8f
fin_099	final	最终章 · One Last Kiss	S04		1544	ILY	dialogue	嗯……这种事，我能感觉到。	fin_098 | 基生 | 消失……怎么会这样……！	fin_100 | ILY | 如果我……		untranslated			f1b8b8a408fffd804bec8579d3e72f355f212e54bc9323cada757b3750efc403	707ba1c82dcdb9307ae9b809b15746a0585a5bda61f67b7ba74149f40b97fa8f
fin_100	final	最终章 · One Last Kiss	S04		1545	ILY	dialogue	如果我……	fin_099 | ILY | 嗯……这种事，我能感觉到。	fin_101 | ILY | 坚持不吃掉人类的话，就没办法变回‘ILY’。		untranslated			515c2311919716d880ce8988a7484ceafbf1466b06ad1ea14d676fef3f47c81f	707ba1c82dcdb9307ae9b809b15746a0585a5bda61f67b7ba74149f40b97fa8f
fin_101	final	最终章 · One Last Kiss	S04		1546	ILY	dialogue	坚持不吃掉人类的话，就没办法变回‘ILY’。	fin_100 | ILY | 如果我……	fin_102 | ILY | 这样的话，‘ILY’的内部一定会发生故障……甚至还可能会使整个‘ILY’都发生崩坏。		untranslated			b2643a62acf88f46a961c519801b0f73d72c33260e8ed5f609b247402f732db4	707ba1c82dcdb9307ae9b809b15746a0585a5bda61f67b7ba74149f40b97fa8f
fin_102	final	最终章 · One Last Kiss	S04		1547	ILY	dialogue	这样的话，‘ILY’的内部一定会发生故障……甚至还可能会使整个‘ILY’都发生崩坏。	fin_101 | ILY | 坚持不吃掉人类的话，就没办法变回‘ILY’。	fin_103 | 基生 | 怎……怎么会这样啊……！		untranslated			1181858bcc5866277a9f088d4a60a6e5f907f31255650822a7ffec40d32b1209	707ba1c82dcdb9307ae9b809b15746a0585a5bda61f67b7ba74149f40b97fa8f
fin_103	final	最终章 · One Last Kiss	S04		1548	基生	dialogue	怎……怎么会这样啊……！	fin_102 | ILY | 这样的话，‘ILY’的内部一定会发生故障……甚至还可能会使整个‘ILY’都发生崩坏。	fin_104 | 基生 | ILY，你看起来这么痛苦……而且还变成这种样子……！	そ……そんなの……！	draft	AI 批量翻译初稿，需人工校对角色口吻与专名。		d513365f48f240c86fbd62017e4dce4fbafc95b6f41350a333e863f4914a85c2	707ba1c82dcdb9307ae9b809b15746a0585a5bda61f67b7ba74149f40b97fa8f
fin_104	final	最终章 · One Last Kiss	S04		1549	基生	dialogue	ILY，你看起来这么痛苦……而且还变成这种样子……！	fin_103 | 基生 | 怎……怎么会这样啊……！	fin_105 | 基生 | 要是 ILY 你把我吃掉的话……这样是不是就可以从这种痛苦中，脱离出来了！？	ILY、こんなに苦しそうで……しかも、こんな姿になって……！	draft	AI 批量翻译初稿，需人工校对角色口吻与专名。		ef915cb0ec68b7cd8c41d198636374a8dba9c0a058792b9dea842c842c10ea4b	707ba1c82dcdb9307ae9b809b15746a0585a5bda61f67b7ba74149f40b97fa8f
fin_105	final	最终章 · One Last Kiss	S04		1550	基生	dialogue	要是 ILY 你把我吃掉的话……这样是不是就可以从这种痛苦中，脱离出来了！？	fin_104 | 基生 | ILY，你看起来这么痛苦……而且还变成这种样子……！	fin_106 | 基生 | 要是为了 ILY 的话，我怎样都好……！但我不能忍受 ILY 从这个世界上消失……	もしILYが僕を食べれば……それで、この苦しみから解放されるのか！？	draft	AI 批量翻译初稿，需人工校对角色口吻与专名。		06fd55d554a0e4f4ed6b7a2cdff5a76a2886eae770236fe1612aefc121e18c29	707ba1c82dcdb9307ae9b809b15746a0585a5bda61f67b7ba74149f40b97fa8f
fin_106	final	最终章 · One Last Kiss	S04		1551	基生	dialogue	要是为了 ILY 的话，我怎样都好……！但我不能忍受 ILY 从这个世界上消失……	fin_105 | 基生 | 要是 ILY 你把我吃掉的话……这样是不是就可以从这种痛苦中，脱离出来了！？	fin_107 | ILY | 不要这样，基生。	ILYのためなら、僕はどうなってもいい……！ でも、ILYがこの世界から消えるなんて、耐えられない……	draft	AI 批量翻译初稿，需人工校对角色口吻与专名。		c3ea1654e4604ff03a51b575c11c20757e8c023468e676ab37a13dd928efe74a	707ba1c82dcdb9307ae9b809b15746a0585a5bda61f67b7ba74149f40b97fa8f
fin_107	final	最终章 · One Last Kiss	S04		1552	ILY	dialogue	不要这样，基生。	fin_106 | 基生 | 要是为了 ILY 的话，我怎样都好……！但我不能忍受 ILY 从这个世界上消失……	fin_108 | ILY | 我自己，并不想做那种事情。		untranslated			5a25406bd81f4ead4c7d3157a3f34cb4360d481bde240891d4baee7a01f86ea2	707ba1c82dcdb9307ae9b809b15746a0585a5bda61f67b7ba74149f40b97fa8f
fin_108	final	最终章 · One Last Kiss	S04		1553	ILY	dialogue	我自己，并不想做那种事情。	fin_107 | ILY | 不要这样，基生。	"fin_109 | ILY | 如果""ILY""令一个人从世上消失，那么下一个被感染而消失的，就会是牵挂着那个人的另一个人。"		untranslated			12f3fbdc92f4a3aacf00ef8323afa1b7125fc127a28e12c7f5459f7e1680992a	707ba1c82dcdb9307ae9b809b15746a0585a5bda61f67b7ba74149f40b97fa8f
fin_109	final	最终章 · One Last Kiss	S04		1554	ILY	dialogue	"如果""ILY""令一个人从世上消失，那么下一个被感染而消失的，就会是牵挂着那个人的另一个人。"	fin_108 | ILY | 我自己，并不想做那种事情。	fin_110 | ILY | 而后，又再一次传染到下一个，牵挂着后者的人身上……		untranslated			53ceabcc0ffdf199036f677971241f40922a8e84dbf8807aa1de197ccbdaaa99	707ba1c82dcdb9307ae9b809b15746a0585a5bda61f67b7ba74149f40b97fa8f
fin_110	final	最终章 · One Last Kiss	S04		1555	ILY	dialogue	而后，又再一次传染到下一个，牵挂着后者的人身上……	"fin_109 | ILY | 如果""ILY""令一个人从世上消失，那么下一个被感染而消失的，就会是牵挂着那个人的另一个人。"	"fin_111 | ILY | ""ILY""是不会停止下来的。"		untranslated			313ebea9303b0a77659e262419f8037f216a2301a0c8394dda3c21090f8ef008	707ba1c82dcdb9307ae9b809b15746a0585a5bda61f67b7ba74149f40b97fa8f
fin_111	final	最终章 · One Last Kiss	S04		1556	ILY	dialogue	"""ILY""是不会停止下来的。"	fin_110 | ILY | 而后，又再一次传染到下一个，牵挂着后者的人身上……	fin_112 | ILY | 这样下去，迟早有一天，人类会从这个世界上消失掉。		untranslated			67f8a8988c92d6c10dd78cf466c030bfa1ae7d3537760b2a92db5c0caf8c5f20	707ba1c82dcdb9307ae9b809b15746a0585a5bda61f67b7ba74149f40b97fa8f
fin_112	final	最终章 · One Last Kiss	S04		1557	ILY	dialogue	这样下去，迟早有一天，人类会从这个世界上消失掉。	"fin_111 | ILY | ""ILY""是不会停止下来的。"	fin_113 | ILY | 但是呢，我不希望人类消失。		untranslated			4c80a2c397cb08817e16dcf16ee97fab6aca458d1c5d050fad6f7d5a804441f2	707ba1c82dcdb9307ae9b809b15746a0585a5bda61f67b7ba74149f40b97fa8f
fin_113	final	最终章 · One Last Kiss	S04		1558	ILY	dialogue	但是呢，我不希望人类消失。	fin_112 | ILY | 这样下去，迟早有一天，人类会从这个世界上消失掉。	fin_114 | ILY | 我不想失去，基生教会我的这种名为‘喜欢’的感情……不想失去，这份令我感到温暖的感觉。		untranslated			2be4211dbb57a0df984ad70f1b9d51ea50748038f83d765cbb7f52062c413d0a	707ba1c82dcdb9307ae9b809b15746a0585a5bda61f67b7ba74149f40b97fa8f
fin_114	final	最终章 · One Last Kiss	S04		1559	ILY	dialogue	我不想失去，基生教会我的这种名为‘喜欢’的感情……不想失去，这份令我感到温暖的感觉。	fin_113 | ILY | 但是呢，我不希望人类消失。	fin_115 | ILY | 这种事情，无论谁都会这么想吧。		untranslated			b0ed5114a8b10678427a5c976f5c3bcd0373685aba40882d79c8d23cbfe53c7e	707ba1c82dcdb9307ae9b809b15746a0585a5bda61f67b7ba74149f40b97fa8f
fin_115	final	最终章 · One Last Kiss	S04		1560	ILY	dialogue	这种事情，无论谁都会这么想吧。	fin_114 | ILY | 我不想失去，基生教会我的这种名为‘喜欢’的感情……不想失去，这份令我感到温暖的感觉。	fin_116 | ILY | 人们对于他人的牵挂之情，不应当被我们这群，在人类的儿戏之下诞生的怪物，肆意抹去。		untranslated			2f8a6c48318991bc9fd812ff3c3b2c32d9f6801c9cf40c337f001227ff507a66	707ba1c82dcdb9307ae9b809b15746a0585a5bda61f67b7ba74149f40b97fa8f
fin_116	final	最终章 · One Last Kiss	S04		1561	ILY	dialogue	人们对于他人的牵挂之情，不应当被我们这群，在人类的儿戏之下诞生的怪物，肆意抹去。	fin_115 | ILY | 这种事情，无论谁都会这么想吧。	fin_117 | ILY | 所以啊……		untranslated			260db6edbb0ecee7c1fcdce4efca2c6a30e568aab0a29930a42862c9d680663e	707ba1c82dcdb9307ae9b809b15746a0585a5bda61f67b7ba74149f40b97fa8f
fin_117	final	最终章 · One Last Kiss	S04		1562	ILY	dialogue	所以啊……	fin_116 | ILY | 人们对于他人的牵挂之情，不应当被我们这群，在人类的儿戏之下诞生的怪物，肆意抹去。	fin_118 | ILY | 请你什么都不要说。求求你。		untranslated			82f5f74f9ab793b9dfc46f5c97d4ac949ec9e020f20b971d385f3ff3925980ec	707ba1c82dcdb9307ae9b809b15746a0585a5bda61f67b7ba74149f40b97fa8f
fin_118	final	最终章 · One Last Kiss	S04		1563	ILY	dialogue	请你什么都不要说。求求你。	fin_117 | ILY | 所以啊……	"fin_119 | ILY | 我直到最后，都想当基生所思念的那个""ILY""。"		untranslated			664c60564ccaef1890ec8c7772dd761fc07939a87c61b74fd48606cd5f62a88f	707ba1c82dcdb9307ae9b809b15746a0585a5bda61f67b7ba74149f40b97fa8f
fin_119	final	最终章 · One Last Kiss	S04		1564	ILY	dialogue	"我直到最后，都想当基生所思念的那个""ILY""。"	fin_118 | ILY | 请你什么都不要说。求求你。	fin_120 | 基生 | ILY……		untranslated			38d17d51a814212081f7c228275aaef3ffc6ec8d2bf41d1470daa4d993d73b19	707ba1c82dcdb9307ae9b809b15746a0585a5bda61f67b7ba74149f40b97fa8f
fin_120	final	最终章 · One Last Kiss	S04		1565	基生	dialogue	ILY……	"fin_119 | ILY | 我直到最后，都想当基生所思念的那个""ILY""。"	fin_121 | ILY | 那个，基生，	ILY……	draft	AI 批量翻译初稿，需人工校对角色口吻与专名。		999a532690f32d3591b02804180139ad332c1adb8c3f4dc7ffbeebbf88c04850	707ba1c82dcdb9307ae9b809b15746a0585a5bda61f67b7ba74149f40b97fa8f
fin_121	final	最终章 · One Last Kiss	S04		1566	ILY	dialogue	那个，基生，	fin_120 | 基生 | ILY……	fin_122 | ILY | 那个啊……		untranslated			91ba4e69fcdaadc549603a3d607ec2cfe3a898f6ef25ab5c1c57e42b9d94d165	707ba1c82dcdb9307ae9b809b15746a0585a5bda61f67b7ba74149f40b97fa8f
fin_122	final	最终章 · One Last Kiss	S04		1567	ILY	dialogue	那个啊……	fin_121 | ILY | 那个，基生，	fin_123 | ILY | 我因为已经是这副样子了，即便你讨厌我也好，即便你害怕我也好……		untranslated			1e177a972ade21b21531133f8f5c6e0bda7c62c84002b5c9b5db7f313d7c19d1	707ba1c82dcdb9307ae9b809b15746a0585a5bda61f67b7ba74149f40b97fa8f
fin_123	final	最终章 · One Last Kiss	S04		1568	ILY	dialogue	我因为已经是这副样子了，即便你讨厌我也好，即便你害怕我也好……	fin_122 | ILY | 那个啊……	fin_124 | ILY | 直到最后……我消失掉为止，可以静静地，在我身旁听我讲一些话吗？		untranslated			908f1871895f2ba963fa06aa535cbe97baaec8ecc8b1d3927e28f457f269e367	707ba1c82dcdb9307ae9b809b15746a0585a5bda61f67b7ba74149f40b97fa8f
fin_124	final	最终章 · One Last Kiss	S04		1569	ILY	dialogue	直到最后……我消失掉为止，可以静静地，在我身旁听我讲一些话吗？	fin_123 | ILY | 我因为已经是这副样子了，即便你讨厌我也好，即便你害怕我也好……	fin_125 | 基生 | 呜呜、呜呜、		untranslated			c8c5207f448624dc7bdbf44a4a4f7efdb3a00b287c5f2fc5a17f7b4b2fb4975c	707ba1c82dcdb9307ae9b809b15746a0585a5bda61f67b7ba74149f40b97fa8f
fin_125	final	最终章 · One Last Kiss	S04		1570	基生	dialogue	呜呜、呜呜、	fin_124 | ILY | 直到最后……我消失掉为止，可以静静地，在我身旁听我讲一些话吗？	fin_126 | 基生 | 嗯、	うっ、ううっ……	draft	AI 批量翻译初稿，需人工校对角色口吻与专名。		de37ddf80849fa7adafa8ed2cda83434ea242e17efd5acdd0aca898cbedcf1a6	707ba1c82dcdb9307ae9b809b15746a0585a5bda61f67b7ba74149f40b97fa8f
fin_126	final	最终章 · One Last Kiss	S04		1571	基生	dialogue	嗯、	fin_125 | 基生 | 呜呜、呜呜、	fin_127 | 基生 | 说吧，ILY。	うん、	draft	AI 批量翻译初稿，需人工校对角色口吻与专名。		c2f1511c105f9e7a8102a1ea24036a0e5f9df5b6642215f3dd6090e1667b7af2	707ba1c82dcdb9307ae9b809b15746a0585a5bda61f67b7ba74149f40b97fa8f
fin_127	final	最终章 · One Last Kiss	S04		1572	基生	dialogue	说吧，ILY。	fin_126 | 基生 | 嗯、	fin_128 | ILY | 那个呢，	言って、ILY。	draft	AI 批量翻译初稿，需人工校对角色口吻与专名。		b408facdcd4ff84356a576bd4697f24eb74f0cbdce0ccb3d22353b3a18c35d86	707ba1c82dcdb9307ae9b809b15746a0585a5bda61f67b7ba74149f40b97fa8f
fin_128	final	最终章 · One Last Kiss	S04		1573	ILY	dialogue	那个呢，	fin_127 | 基生 | 说吧，ILY。	fin_129 | ILY | 我，和基生呆在一起的时候，非常的开心。		untranslated			89c3d41b65ee17e81192f0ed213ef9f4197d9d129a03db1f5f423bf6c795b8c0	707ba1c82dcdb9307ae9b809b15746a0585a5bda61f67b7ba74149f40b97fa8f
fin_129	final	最终章 · One Last Kiss	S04		1574	ILY	dialogue	我，和基生呆在一起的时候，非常的开心。	fin_128 | ILY | 那个呢，	fin_130 | ILY | 能成为“爱理”……我能够成为”ILY“，真是太好了。		untranslated			6a46b28fd2a971a9cd8a85b094ea4bc4c3aad9086567e880f5650cf2dae6ca76	707ba1c82dcdb9307ae9b809b15746a0585a5bda61f67b7ba74149f40b97fa8f
fin_130	final	最终章 · One Last Kiss	S04		1575	ILY	dialogue	能成为“爱理”……我能够成为”ILY“，真是太好了。	fin_129 | ILY | 我，和基生呆在一起的时候，非常的开心。	fin_131 | ILY | 谢谢你一直注视着我，触摸我，还给予我你温柔的声音。		untranslated			76c0879af3dd5093f85900f6d83ede812e755b1c9ec09f002de1092f2c139b80	707ba1c82dcdb9307ae9b809b15746a0585a5bda61f67b7ba74149f40b97fa8f
fin_131	final	最终章 · One Last Kiss	S04		1576	ILY	dialogue	谢谢你一直注视着我，触摸我，还给予我你温柔的声音。	fin_130 | ILY | 能成为“爱理”……我能够成为”ILY“，真是太好了。	fin_132 | ILY | 谢谢你。		untranslated			4d43eb46d94880fdd50bedbf5d5553deefc4c05caadedfb4d8244f9fcd1d5c29	707ba1c82dcdb9307ae9b809b15746a0585a5bda61f67b7ba74149f40b97fa8f
fin_132	final	最终章 · One Last Kiss	S04		1577	ILY	dialogue	谢谢你。	fin_131 | ILY | 谢谢你一直注视着我，触摸我，还给予我你温柔的声音。	fin_133 | 旁白 | 月下蓝海中，基生轻轻吻上了那个即将消失的身影。两个人的剪影，静静融在海光里。		untranslated			7b963a1b424d1aa3685419e1ea6bbba0086eedad9d8024c71eb94ba8edbdbeb4	707ba1c82dcdb9307ae9b809b15746a0585a5bda61f67b7ba74149f40b97fa8f
fin_134	final	最终章 · One Last Kiss	S04		1579	ILY	dialogue	“基生，我会永远永远，喜欢着你哦！”	fin_133 | 旁白 | 月下蓝海中，基生轻轻吻上了那个即将消失的身影。两个人的剪影，静静融在海光里。	fin_135 | 基生 | ILY……ILY……！		untranslated			2196a08d29554bc208982e2459f7fcc5f61765529797bc63109e7d5ff6896757	707ba1c82dcdb9307ae9b809b15746a0585a5bda61f67b7ba74149f40b97fa8f
fin_135	final	最终章 · One Last Kiss	S04		1580	基生	dialogue	ILY……ILY……！	fin_134 | ILY | “基生，我会永远永远，喜欢着你哦！”	fin_136 | 基生 | “呜呜……呜……”	ILY……ILY……！	draft	AI 批量翻译初稿，需人工校对角色口吻与专名。		12ece841cb8ee3db019bcefb15f462b811a4b2a0fd838f500d1d51b607ac40b4	707ba1c82dcdb9307ae9b809b15746a0585a5bda61f67b7ba74149f40b97fa8f
fin_136	final	最终章 · One Last Kiss	S04		1581	基生	dialogue	“呜呜……呜……”	fin_135 | 基生 | ILY……ILY……！	fin_137 | 基生 | 我也是……我也永远都……！	『うっ……うう……』	draft	AI 批量翻译初稿，需人工校对角色口吻与专名。		8df5d4330d8230c1fc5400557f419b941c0e054403e6ea2d4bc69adc7ac9fc70	707ba1c82dcdb9307ae9b809b15746a0585a5bda61f67b7ba74149f40b97fa8f
fin_137	final	最终章 · One Last Kiss	S04		1582	基生	dialogue	我也是……我也永远都……！	fin_136 | 基生 | “呜呜……呜……”	fin_138 | 旁白 | 一根手指，轻轻按在了他的嘴上。ILY 微微一笑，化作蓝色的光影，消失在深夜的大海里。	僕も……僕も、ずっと……！	draft	AI 批量翻译初稿，需人工校对角色口吻与专名。		ce21fbfec2eea625aa1894f6d490290f19803de7c7a8139a4b9cd6bddfed103f	707ba1c82dcdb9307ae9b809b15746a0585a5bda61f67b7ba74149f40b97fa8f
fin_139	final	最终章 · One Last Kiss	S04		1584	基生	dialogue	永远都……喜欢着你啊。	fin_138 | 旁白 | 一根手指，轻轻按在了他的嘴上。ILY 微微一笑，化作蓝色的光影，消失在深夜的大海里。	fin_140 | 基生 | ILY……	ずっと……君のことが好きだ。	draft	AI 批量翻译初稿，需人工校对角色口吻与专名。		81a35d5e3f765449e55005fb58b5127d03f2cc8f31d8e88aa42fbe4b65a3f04c	707ba1c82dcdb9307ae9b809b15746a0585a5bda61f67b7ba74149f40b97fa8f
fin_140	final	最终章 · One Last Kiss	S04		1585	基生	dialogue	ILY……	fin_139 | 基生 | 永远都……喜欢着你啊。	fin_s06 | 旁白 | 后日谈 —— 十年之后 · 收信	ILY……	draft	AI 批量翻译初稿，需人工校对角色口吻与专名。		999a532690f32d3591b02804180139ad332c1adb8c3f4dc7ffbeebbf88c04850	707ba1c82dcdb9307ae9b809b15746a0585a5bda61f67b7ba74149f40b97fa8f
fin_153	final	最终章 · One Last Kiss	S07		1588	？	dialogue	“啊！！”	fin_s07 | 旁白 | 尾声 —— “我会好好地活下去”	fin_154 | 旁白 | 基生被这个稚嫩的童声，吓了一跳。		untranslated			6b79c64a282e55f74badc207b5daf8c1a22b99edb1d2aa1268159d12396b9366	707ba1c82dcdb9307ae9b809b15746a0585a5bda61f67b7ba74149f40b97fa8f
fin_155	final	最终章 · One Last Kiss	S07		1590	基生的儿子	dialogue	“爸爸！你好像很闲！！”	fin_154 | 旁白 | 基生被这个稚嫩的童声，吓了一跳。	fin_156 | 基生的儿子 | “闲的没事的话，带我去海边玩吧！海边海边海边！”		untranslated			33a690974523c9c9e0d4207fe0a075491d9e836e71ddcd2905321b01f293958e	707ba1c82dcdb9307ae9b809b15746a0585a5bda61f67b7ba74149f40b97fa8f
fin_156	final	最终章 · One Last Kiss	S07		1591	基生的儿子	dialogue	“闲的没事的话，带我去海边玩吧！海边海边海边！”	fin_155 | 基生的儿子 | “爸爸！你好像很闲！！”	fin_157 | 基生的儿子 | “另外你要是不快点起床的话，妈妈又要骂你了哦？”		untranslated			685cce15c1b3eac3c5fe62128b0d9dbfcfa6065720953e28cec2477d9a0fe45b	707ba1c82dcdb9307ae9b809b15746a0585a5bda61f67b7ba74149f40b97fa8f
fin_157	final	最终章 · One Last Kiss	S07		1592	基生的儿子	dialogue	“另外你要是不快点起床的话，妈妈又要骂你了哦？”	fin_156 | 基生的儿子 | “闲的没事的话，带我去海边玩吧！海边海边海边！”	fin_158 | 基生 | 嗯——？嗯——。		untranslated			6f8266a03d23ee40caeeb06b093d303358bc282d4ccf199e349d4b8a7bc23003	707ba1c82dcdb9307ae9b809b15746a0585a5bda61f67b7ba74149f40b97fa8f
fin_158	final	最终章 · One Last Kiss	S07		1593	基生	dialogue	嗯——？嗯——。	fin_157 | 基生的儿子 | “另外你要是不快点起床的话，妈妈又要骂你了哦？”	fin_159 | 基生的儿子 | “你刚才说‘嗯’了吧！”	んー？ んー。	draft	AI 批量翻译初稿，需人工校对角色口吻与专名。		22b7e3ca9c76e1606337cda6717f4f435639d1eb9edba8ea670f885ee4aae95a	707ba1c82dcdb9307ae9b809b15746a0585a5bda61f67b7ba74149f40b97fa8f
fin_159	final	最终章 · One Last Kiss	S07		1594	基生的儿子	dialogue	“你刚才说‘嗯’了吧！”	fin_158 | 基生 | 嗯——？嗯——。	fin_160 | 基生的儿子 | “太好了！”		untranslated			5c0cd9708438213e96cfd4b3f7e489a367bb5c34d063dee6fd5bd28221b77c02	707ba1c82dcdb9307ae9b809b15746a0585a5bda61f67b7ba74149f40b97fa8f
fin_160	final	最终章 · One Last Kiss	S07		1595	基生的儿子	dialogue	“太好了！”	fin_159 | 基生的儿子 | “你刚才说‘嗯’了吧！”	fin_161 | 基生的儿子 | “妈妈！爸爸说要带我们去海边玩！！”		untranslated			2cf980569feb16e571cd80a6ae7ce3b1e968ec3ad9cef03438a85104fe281482	707ba1c82dcdb9307ae9b809b15746a0585a5bda61f67b7ba74149f40b97fa8f
fin_161	final	最终章 · One Last Kiss	S07		1596	基生的儿子	dialogue	“妈妈！爸爸说要带我们去海边玩！！”	fin_160 | 基生的儿子 | “太好了！”	fin_162 | 另一个房间的小男孩 | “我穿好泳衣了！出发吧——！！”		untranslated			d26fe1c3871bd613dcf12c2c5733ab2102bf52f5ea96aec9b54e763009bdaf11	707ba1c82dcdb9307ae9b809b15746a0585a5bda61f67b7ba74149f40b97fa8f
fin_162	final	最终章 · One Last Kiss	S07		1597	另一个房间的小男孩	dialogue	“我穿好泳衣了！出发吧——！！”	fin_161 | 基生的儿子 | “妈妈！爸爸说要带我们去海边玩！！”	fin_163 | 旁白 | 我会好好地活下去，		untranslated			7e536c685e126728afe087afa84ac1a84f018aebbd5ebe6cdecc8a9b34e3a9dc	707ba1c82dcdb9307ae9b809b15746a0585a5bda61f67b7ba74149f40b97fa8f
