line_id	chapter	chapter_title	scene	route	order	speaker	kind	display_text	context_before	context_after	speech_text	translation_status	translation_note	pronunciation_note	source_fingerprint	source_revision
s01_intro2	prologue	序章 · 蓝色来电	S01		2	成田基生	dialogue	……又到傍晚了啊。	s01_intro | 旁白 | 都内某处老旧公寓的一间出租屋。窗帘未拉严，橘灰色夕阳从缝隙切入，照亮缓慢浮动的灰尘。六叠大的房间里，床垫直接铺在地上；墙角堆着没拆封的便利店饭团与叠到第三层的工作制服；墙面发霉的水痕像年轮	s01_intro3 | 系统 | 一部十年前购买的翻盖手机摊开在床头。转轴缠着透明胶带，外壳布满划痕	……もう夕方か。	draft	AI 批量翻译初稿，需人工校对角色口吻与专名。		ba8ad9b36d36c938917477b3e5d78e61a82fff6a89f3912f067212ff9029d0a7	707ba1c82dcdb9307ae9b809b15746a0585a5bda61f67b7ba74149f40b97fa8f
review_815b6be0-12e6-41d8-8f1b-676b70e1965c	prologue	序章 · 蓝色来电	S01		5	成田基生	dialogue	爱理……	s01_photo | 旁白 | 最后一封邮件附着一张2009年的海边合影。爱理坐在沙滩上比着不熟练的剪刀手，少年基生表情僵硬，耳朵却是红的。	s02a | 旁白 | 手机突然震动，屏幕跳出主管来电。老旧单调和弦响起，和刚才安静的文字界面格格不入，基生肩膀轻轻一抖。	愛理……	draft	AI 批量翻译初稿，需人工校对角色口吻与专名。		851daa87eae83798f77abfead74f1da694763315a7336279ae8066bc90047ac3	707ba1c82dcdb9307ae9b809b15746a0585a5bda61f67b7ba74149f40b97fa8f
s02a2	prologue	序章 · 蓝色来电	S02		7	成田基生	dialogue	……你好。	s02a | 旁白 | 手机突然震动，屏幕跳出主管来电。老旧单调和弦响起，和刚才安静的文字界面格格不入，基生肩膀轻轻一抖。	s02b | 主管 | 啊——终于打通了。成田、你今天有排班的，你记得吗？你已经迟到好久了、又睡过头了吗？	……もしもし。	draft	AI 批量翻译初稿，需人工校对角色口吻与专名。		ba1360f1f75dce350c4eab4f2304cd9e374518cc7cbfa014baf734eae57cf6ba	707ba1c82dcdb9307ae9b809b15746a0585a5bda61f67b7ba74149f40b97fa8f
s02b2	prologue	序章 · 蓝色来电	S02		9	成田基生	dialogue	啊、是的……非常抱歉。	s02b | 主管 | 啊——终于打通了。成田、你今天有排班的，你记得吗？你已经迟到好久了、又睡过头了吗？	s02c | 主管 | 不是你道歉也没用啊。现在人手不足，你要是不能马上来，我们很困扰的啊。你知道你现在给其他员工添了很多麻烦吗？	あ、はい……本当にすみません。	draft	AI 批量翻译初稿，需人工校对角色口吻与专名。		a4557bd8277bbc3d22630d4af800a27cc8715890bcf0ea753a80bca85b26b0f8	707ba1c82dcdb9307ae9b809b15746a0585a5bda61f67b7ba74149f40b97fa8f
s02d	prologue	序章 · 蓝色来电	S02		11	成田基生	dialogue	……	s02c | 主管 | 不是你道歉也没用啊。现在人手不足，你要是不能马上来，我们很困扰的啊。你知道你现在给其他员工添了很多麻烦吗？	s02e | 主管 | ……请问、你在听吗？你都已经28了，已经不是学生了吧，不能再这样任意妄为了。下次再这样，我们真的要辞退你了。	……	draft	AI 批量翻译初稿，需人工校对角色口吻与专名。		3f28a972a4e65ad1a59dd9c95a83f19c5f9d8927886a9f615c708aaf0b559d69	707ba1c82dcdb9307ae9b809b15746a0585a5bda61f67b7ba74149f40b97fa8f
s02f	prologue	序章 · 蓝色来电	S02		13	成田基生	dialogue	……我、今天就辞职。	s02e | 主管 | ……请问、你在听吗？你都已经28了，已经不是学生了吧，不能再这样任意妄为了。下次再这样，我们真的要辞退你了。	s02f2 | 主管 | 哈？等下——	……僕、今日で辞めます。	draft	AI 批量翻译初稿，需人工校对角色口吻与专名。		b5b370d1cbe8a4e24442cf30034e9be3f4e48c84d8c56823fcda7b5db6c5a35e	707ba1c82dcdb9307ae9b809b15746a0585a5bda61f67b7ba74149f40b97fa8f
s02h	prologue	序章 · 蓝色来电	S02		16	成田基生	dialogue	“都已经28了”啊……	s02g | 旁白 | 基生按下挂机键，忙音只响半声便被掐断。房间里重新只剩老旧风扇的声音——叶片每转一圈，发出“咔”的一声轻响。	s03a | 基生 | 十年前、高中毕业之后，我去了附近的大学。我没什么想做的事情，也无法融入他人之中。大二开始，我就没再去学校，然后直接退学了。	『もう二十八』、か……	draft	AI 批量翻译初稿，需人工校对角色口吻与专名。		5d8d1ae6b4e852717c97ef28e7ab476f5b89b9c0670b98f0e474a7eba88c17c3	707ba1c82dcdb9307ae9b809b15746a0585a5bda61f67b7ba74149f40b97fa8f
s03a	prologue	序章 · 蓝色来电	S03		17	基生	dialogue	十年前、高中毕业之后，我去了附近的大学。我没什么想做的事情，也无法融入他人之中。大二开始，我就没再去学校，然后直接退学了。	s02h | 成田基生 | “都已经28了”啊……	s03a2 | 基生 | 那之后我就一直四处打工，让自己起码不会饿死。如果呆不下去了，就辞职。一直重复着这样的生活。	十年前、高校を卒業したあと、近くの大学に進んだ。やりたいことなんて何もなかったし、人の輪にも入れなかった。二年になってからは大学にも行かなくなって、そのまま中退した。	draft	AI 批量翻译初稿，需人工校对角色口吻与专名。		6a54bc6febda72829dc1abcef83f40ce4babccecaf083e5dc86353f9338c9bd9	707ba1c82dcdb9307ae9b809b15746a0585a5bda61f67b7ba74149f40b97fa8f
s03a2	prologue	序章 · 蓝色来电	S03		18	基生	dialogue	那之后我就一直四处打工，让自己起码不会饿死。如果呆不下去了，就辞职。一直重复着这样的生活。	s03a | 基生 | 十年前、高中毕业之后，我去了附近的大学。我没什么想做的事情，也无法融入他人之中。大二开始，我就没再去学校，然后直接退学了。	s03_family | 基生 | 对我来说早已不存在什么能称之为朋友的人了。连家人也早就……进了大学以后，爸爸和妈妈再也没有联系过我。	それからは、飢え死にだけはしないように、あちこちでバイトをしてきた。居づらくなれば辞める。そんな暮らしを、ずっと繰り返していた。	draft	AI 批量翻译初稿，需人工校对角色口吻与专名。		c4c7a674c1f8f9e1076dd6fecc272d22d95baa2bb8e8041c0dc5e0f01497261b	707ba1c82dcdb9307ae9b809b15746a0585a5bda61f67b7ba74149f40b97fa8f
s03_family	prologue	序章 · 蓝色来电	S03		19	基生	dialogue	对我来说早已不存在什么能称之为朋友的人了。连家人也早就……进了大学以后，爸爸和妈妈再也没有联系过我。	s03a2 | 基生 | 那之后我就一直四处打工，让自己起码不会饿死。如果呆不下去了，就辞职。一直重复着这样的生活。	s03_bankbook | 旁白 | 一本银行存折上，大学入学后每月固定入账60,000日元，备注栏一片空白。	僕にはもう、友達と呼べる人なんていなかった。家族だって、とっくに……大学に入ってから、父さんも母さんも一度も連絡をくれなかった。	draft	AI 批量翻译初稿，需人工校对角色口吻与专名。		06330f281b921759f57a221549935ad47a615040e20035a2e087549c20a2b175	707ba1c82dcdb9307ae9b809b15746a0585a5bda61f67b7ba74149f40b97fa8f
s03_family2	prologue	序章 · 蓝色来电	S03		21	成田基生	dialogue	只剩下每个月若无其事汇入我账户的6万日元。	s03_bankbook | 旁白 | 一本银行存折上，大学入学后每月固定入账60,000日元，备注栏一片空白。	s04a | 成田基生 | ……都删掉吧。	残ったのは、何事もなかったみたいに毎月口座へ振り込まれる六万円だけだ。	draft	AI 批量翻译初稿，需人工校对角色口吻与专名。		37bfdee1939183a817f8ce04d61f1ccfccb858c007a81d9ed664362af0b7e99d	707ba1c82dcdb9307ae9b809b15746a0585a5bda61f67b7ba74149f40b97fa8f
s04a	prologue	序章 · 蓝色来电	S04		22	成田基生	dialogue	……都删掉吧。	s03_family2 | 成田基生 | 只剩下每个月若无其事汇入我账户的6万日元。	s04_sent | 成田基生 | ……嗯。今天也是，发送失败。	……全部、消そう。	draft	AI 批量翻译初稿，需人工校对角色口吻与专名。		44597c399ee84c1004776cec2327b3594899b0ebe0f322ec43f2e747a2314c51	707ba1c82dcdb9307ae9b809b15746a0585a5bda61f67b7ba74149f40b97fa8f
s04_sent	prologue	序章 · 蓝色来电	S04		23	成田基生	dialogue	……嗯。今天也是，发送失败。	s04a | 成田基生 | ……都删掉吧。	s04_cycle1 | 基生 | 高中毕业以后，我就再也没能和她联系上。不知道从什么时候开始，我每天都会给爱理发这些无法发送成功的邮件。甚至每天，我都会等系统提示我发送失败。就这样，一遍，又一遍。	……うん。今日も、送信失敗。	draft	AI 批量翻译初稿，需人工校对角色口吻与专名。		e61e72cdfbb4645ae0dffaeb8a26794c82cbc7bb2a0f05eae6dbf48222536d20	707ba1c82dcdb9307ae9b809b15746a0585a5bda61f67b7ba74149f40b97fa8f
s04_cycle1	prologue	序章 · 蓝色来电	S04		24	基生	dialogue	高中毕业以后，我就再也没能和她联系上。不知道从什么时候开始，我每天都会给爱理发这些无法发送成功的邮件。甚至每天，我都会等系统提示我发送失败。就这样，一遍，又一遍。	s04_sent | 成田基生 | ……嗯。今天也是，发送失败。	s04_cycle2 | 基生 | 一开始我还想，没准只是爱理没看到——她总是少根筋嘛。没准是手机掉了，或者，只是没存我的联系方式……	高校を卒業してから、彼女とは二度と連絡が取れなくなった。いつからか僕は、愛理に毎日、届くはずのないメールを送るようになった。毎日、送信失敗の表示が出るのを待つことさえ習慣になった。そうやって、何度も、何度も。	draft	AI 批量翻译初稿，需人工校对角色口吻与专名。		310ad633857a728666e2507ec0021b029df91b69ee411febc65567f26840fb1e	707ba1c82dcdb9307ae9b809b15746a0585a5bda61f67b7ba74149f40b97fa8f
s04_cycle2	prologue	序章 · 蓝色来电	S04		25	基生	dialogue	一开始我还想，没准只是爱理没看到——她总是少根筋嘛。没准是手机掉了，或者，只是没存我的联系方式……	s04_cycle1 | 基生 | 高中毕业以后，我就再也没能和她联系上。不知道从什么时候开始，我每天都会给爱理发这些无法发送成功的邮件。甚至每天，我都会等系统提示我发送失败。就这样，一遍，又一遍。	s04_empty | 基生 | 但是，等我彻底和她失去联络之后，我马上就找去了她家里。那里只剩下这样一个空壳。	最初は、愛理が見ていないだけかもしれないと思った。あいつ、どこか抜けてたから。携帯を落としたのかもしれない。あるいは、僕の連絡先を登録していなかっただけかもしれない……	draft	AI 批量翻译初稿，需人工校对角色口吻与专名。		3953f56d3a82fff6287605c051c1a43bf05d56bec79508f833bb2499f5e73b36	707ba1c82dcdb9307ae9b809b15746a0585a5bda61f67b7ba74149f40b97fa8f
s04_empty	prologue	序章 · 蓝色来电	S04		26	基生	dialogue	但是，等我彻底和她失去联络之后，我马上就找去了她家里。那里只剩下这样一个空壳。	s04_cycle2 | 基生 | 一开始我还想，没准只是爱理没看到——她总是少根筋嘛。没准是手机掉了，或者，只是没存我的联系方式……	s04_doubt1 | 基生 | 爱理真的曾经存在过吗？……还是说，她这个人，其实是我的妄想？还是说，我和爱理曾交往过这件事本身，才是我的妄想呢？	でも、完全に連絡が途絶えたあと、僕はすぐに彼女の家へ行った。そこに残っていたのは、こんな空っぽの抜け殻だけだった。	draft	AI 批量翻译初稿，需人工校对角色口吻与专名。		a5b119df95769b95dbb493f908f6e15dd5b1538d7791b94d0e7f2ddf7d3f8b90	707ba1c82dcdb9307ae9b809b15746a0585a5bda61f67b7ba74149f40b97fa8f
s04_doubt1	prologue	序章 · 蓝色来电	S04		27	基生	dialogue	爱理真的曾经存在过吗？……还是说，她这个人，其实是我的妄想？还是说，我和爱理曾交往过这件事本身，才是我的妄想呢？	s04_empty | 基生 | 但是，等我彻底和她失去联络之后，我马上就找去了她家里。那里只剩下这样一个空壳。	s04_doubt2 | 基生 | 但是……我和爱理的回忆，确实存在于这部手机里。那些疑惑仿佛是那么愚蠢，但我又别无办法。	愛理は、本当に存在していたのか？ ……それとも、彼女は僕の妄想だったのか？ いや、愛理と付き合っていたこと自体が、僕の妄想だったんじゃないか？	draft	AI 批量翻译初稿，需人工校对角色口吻与专名。		f77976a27030c4bd987c45fcde5ab3751044e3dd8740c26834769e10ff24bbb4	707ba1c82dcdb9307ae9b809b15746a0585a5bda61f67b7ba74149f40b97fa8f
s04_doubt2	prologue	序章 · 蓝色来电	S04		28	基生	dialogue	但是……我和爱理的回忆，确实存在于这部手机里。那些疑惑仿佛是那么愚蠢，但我又别无办法。	s04_doubt1 | 基生 | 爱理真的曾经存在过吗？……还是说，她这个人，其实是我的妄想？还是说，我和爱理曾交往过这件事本身，才是我的妄想呢？	s04_prayer | 成田基生 | ……倒不如，全都是我的妄想，可能还好一点。	でも……愛理との思い出は、確かにこの携帯の中に残っている。そんな疑いは馬鹿げているように思えた。それでも、僕にはどうすることもできなかった。	draft	AI 批量翻译初稿，需人工校对角色口吻与专名。		1dbdafc4c10f536ec76ffd4cb35bb8bb9dd0fdcaa8df5224e6f48783af714304	707ba1c82dcdb9307ae9b809b15746a0585a5bda61f67b7ba74149f40b97fa8f
s04_prayer	prologue	序章 · 蓝色来电	S04		29	成田基生	dialogue	……倒不如，全都是我的妄想，可能还好一点。	s04_doubt2 | 基生 | 但是……我和爱理的回忆，确实存在于这部手机里。那些疑惑仿佛是那么愚蠢，但我又别无办法。	review_bce6b68e-ebc3-4c7f-bd22-2aa4d37f4c33 | 旁白 | 墙上的表针转过一圈又一圈，迎接他的仍是不变的日常。	……いっそ、全部僕の妄想だったほうが、まだよかったのかもしれない。	draft	AI 批量翻译初稿，需人工校对角色口吻与专名。		97ca38650dc34c944f6cfa8c55af87e97c4b1c1498c390d6ec539eac866e30d0	707ba1c82dcdb9307ae9b809b15746a0585a5bda61f67b7ba74149f40b97fa8f
s05a	prologue	序章 · 蓝色来电	S05		32	成田基生	dialogue	爱理，你还好吗？我是基生。虽然不知道爱理现在在哪里……	review_cb5676e1-f8d9-4ffc-878f-09dcdb62279a | 成田基生 | 第二日夜晚，手机显示2020年7月23日星期四19:30。	s05b | 旁白 | 手机还显示着“发送中……”——咚、咚、咚。敲门声在安静的房间里格外响，基生的手指僵在按键上。	愛理、元気にしてる？ 基生だよ。愛理が今どこにいるのか、分からないけど……	draft	AI 批量翻译初稿，需人工校对角色口吻与专名。		43162e33e7049b152b1c630805f09fad025148f2c4563f7c8382f1da8c9dc5ea	707ba1c82dcdb9307ae9b809b15746a0585a5bda61f67b7ba74149f40b97fa8f
s05c2	prologue	序章 · 蓝色来电	S05		35	成田基生	dialogue	……啊好的，马上就来。	s05c | 快递员 | 您好——您有一个快递！	s05d | 旁白 | 基生打开门。年轻快递员拎着保温袋，没等他说话便把袋子递到手里。	……あ、はい。今行きます。	draft	AI 批量翻译初稿，需人工校对角色口吻与专名。		f70f01124ae5d6c0be6b80f33f1c7c3f51168925ecb10554492a33e891438e6f	707ba1c82dcdb9307ae9b809b15746a0585a5bda61f67b7ba74149f40b97fa8f
s05f	prologue	序章 · 蓝色来电	S05		38	成田基生	dialogue	……203，马场先生？这是楼下的快递吧。	s05e | 旁白 | 查看快递单：203室　马场先生　生鲜·要冷藏。不是这间房的门牌号。	s05f2 | 成田基生 | ……是送错了啊。	……二〇三号室、馬場さん？ これ、下の階の荷物じゃないか。	draft	AI 批量翻译初稿，需人工校对角色口吻与专名。		557f6039c9b2cbc4b1475f6f8058bb5712e26f625488a1b1e60315ec04bdaba4	707ba1c82dcdb9307ae9b809b15746a0585a5bda61f67b7ba74149f40b97fa8f
s05f2	prologue	序章 · 蓝色来电	S05		39	成田基生	dialogue	……是送错了啊。	s05f | 成田基生 | ……203，马场先生？这是楼下的快递吧。	s05g | 快递员 | 不好意思——！是楼下203室的，地址弄错了！我这边还有下一单，拜托您了！	……配達先、間違えてる。	draft	AI 批量翻译初稿，需人工校对角色口吻与专名。		5fa0af7596c3c82fb14d0d9acc575a4429059d8bfbcfcf0d1d80a6decbdbe605	707ba1c82dcdb9307ae9b809b15746a0585a5bda61f67b7ba74149f40b97fa8f
s05h	prologue	序章 · 蓝色来电	S05		41	成田基生	dialogue	搞什么啊，这个快递员……	s05g | 快递员 | 不好意思——！是楼下203室的，地址弄错了！我这边还有下一单，拜托您了！	s05i | 旁白 | 门锁咔哒扣上。就在基生转过身的一瞬间——手机响了。不是单调的和弦，是海浪的声音。哗——哗——由远及近，像涨潮一样漫进整个房间。	なんなんだよ、あの配達員……	draft	AI 批量翻译初稿，需人工校对角色口吻与专名。		13f48ed373c098e3f27332a1410a2f901b18ff26fa66a6ee4410de05013e4194	707ba1c82dcdb9307ae9b809b15746a0585a5bda61f67b7ba74149f40b97fa8f
s05k	prologue	序章 · 蓝色来电	S05		44	基生	dialogue	海浪的铃声，蓝色的光……	s05j | 旁白 | 翻盖手机的屏幕从幽绿变成清澈的蓝光。整个房间的色调在一秒内从灰橙变为深蓝，连基生脸上的阴影都变成了海的颜色。	s05l | 基生 | 那是只属于爱理的来电设置。	波の着信音、青い光……	draft	AI 批量翻译初稿，需人工校对角色口吻与专名。		3d4e9fca283ab211bd557c4ec250b6e9dfe97bd334fba4696f6a447782827b51	707ba1c82dcdb9307ae9b809b15746a0585a5bda61f67b7ba74149f40b97fa8f
s05l	prologue	序章 · 蓝色来电	S05		45	基生	dialogue	那是只属于爱理的来电设置。	s05k | 基生 | 海浪的铃声，蓝色的光……	s05m | 旁白 | 他手微微发颤，点开了那封回信。	あれは、愛理だけに設定した着信音だ。	draft	AI 批量翻译初稿，需人工校对角色口吻与专名。		5823c502facb1ca36c57ea26172a8b4a2d801a9a6ab361c2f2fd0f45e7ceaf5e	707ba1c82dcdb9307ae9b809b15746a0585a5bda61f67b7ba74149f40b97fa8f
s06_react1	prologue	序章 · 蓝色来电	S06		47	成田基生	dialogue	为什么……不可能……怎么会……	s05m | 旁白 | 他手微微发颤，点开了那封回信。	s06_react2 | 基生 | 到刚才为止、一次都没有发出去过的邮件。我一直、一直发了十年的邮件……	どうして……ありえない……なんで……	draft	AI 批量翻译初稿，需人工校对角色口吻与专名。		8db5643829ebb003dbf3dd5a209bcacceb28223f3d4b4eeffbcb8cd7d2b34a25	707ba1c82dcdb9307ae9b809b15746a0585a5bda61f67b7ba74149f40b97fa8f
s06_react2	prologue	序章 · 蓝色来电	S06		48	基生	dialogue	到刚才为止、一次都没有发出去过的邮件。我一直、一直发了十年的邮件……	s06_react1 | 成田基生 | 为什么……不可能……怎么会……	s06_white_airi | 无 | 我也一直、在想着基生哦。	さっきまで、一通も送れなかったメール。僕が十年間、ずっと、ずっと送り続けたメールが……	draft	AI 批量翻译初稿，需人工校对角色口吻与专名。		765849e07ad312bb24243350e45d161fe9293519c9607bb7e745fe963c9412bb	707ba1c82dcdb9307ae9b809b15746a0585a5bda61f67b7ba74149f40b97fa8f
s06_white_kio1	prologue	序章 · 蓝色来电	S06		50	基生	dialogue	也许我终于疯了吧。	s06_white_airi | 无 | 我也一直、在想着基生哦。	s06_white_kio2 | 基生 | 一定是这样的。这全部都是一场噩梦。全都是妄想。等醒来以后……	とうとう、頭がおかしくなったのかもしれない。	draft	AI 批量翻译初稿，需人工校对角色口吻与专名。		3675d3bf8de610dcd5e8010430768e83aa8127b5be9112442246819c15159a8b	707ba1c82dcdb9307ae9b809b15746a0585a5bda61f67b7ba74149f40b97fa8f
s06_white_kio2	prologue	序章 · 蓝色来电	S06		51	基生	dialogue	一定是这样的。这全部都是一场噩梦。全都是妄想。等醒来以后……	s06_white_kio1 | 基生 | 也许我终于疯了吧。	s06_memory | 基生 | 等我醒来以后，也许会发现我还是个高中生，爱理又约我去海边玩……	きっとそうだ。これは全部、悪い夢なんだ。全部、妄想なんだ。目が覚めたら……	draft	AI 批量翻译初稿，需人工校对角色口吻与专名。		5b138bfc0c9dfa2092dee83423f800296426d604589e2ef97321b6e2b14b1991	707ba1c82dcdb9307ae9b809b15746a0585a5bda61f67b7ba74149f40b97fa8f
s06_memory	prologue	序章 · 蓝色来电	S06		52	基生	dialogue	等我醒来以后，也许会发现我还是个高中生，爱理又约我去海边玩……	s06_white_kio2 | 基生 | 一定是这样的。这全部都是一场噩梦。全都是妄想。等醒来以后……	s06_break1 | 基生 | 我一直……	目が覚めたら、僕はまだ高校生で、愛理がまた海へ行こうって誘ってくれるかもしれない……	draft	AI 批量翻译初稿，需人工校对角色口吻与专名。		e47e1a2fbb857b90ba85400be00a6be633337134290011a58a2706c08ac5e6b1	707ba1c82dcdb9307ae9b809b15746a0585a5bda61f67b7ba74149f40b97fa8f
s06_break1	prologue	序章 · 蓝色来电	S06		53	基生	dialogue	我一直……	s06_memory | 基生 | 等我醒来以后，也许会发现我还是个高中生，爱理又约我去海边玩……	s06_break2 | 基生 | 哈哈……把这些、全部都扔了吧，手机也好、其他也好……	僕は、ずっと……	draft	AI 批量翻译初稿，需人工校对角色口吻与专名。		0a3804985f36dd73a4aac21a1964536587a9a210707c0139b956c1fd22865f41	707ba1c82dcdb9307ae9b809b15746a0585a5bda61f67b7ba74149f40b97fa8f
s06_break2	prologue	序章 · 蓝色来电	S06		54	基生	dialogue	哈哈……把这些、全部都扔了吧，手机也好、其他也好……	s06_break1 | 基生 | 我一直……	s06_throw | 旁白 | 手机落进垃圾袋，蓝光在袋内闷闷地亮着。黑暗中传来翻找垃圾袋的声音。再亮起时，基生把手机重新攥回手心，指节发白。	はは……全部、捨ててしまおう。携帯も、ほかのものも、何もかも……	draft	AI 批量翻译初稿，需人工校对角色口吻与专名。		7b8110d8d9cb25d9cd6411bd74882aa988a89942f62eaa052b73c2007c6c3858	707ba1c82dcdb9307ae9b809b15746a0585a5bda61f67b7ba74149f40b97fa8f
s06_throw2	prologue	序章 · 蓝色来电	S06		56	成田基生	dialogue	……果然，做不到啊。	s06_throw | 旁白 | 手机落进垃圾袋，蓝光在袋内闷闷地亮着。黑暗中传来翻找垃圾袋的声音。再亮起时，基生把手机重新攥回手心，指节发白。	review_80db4a8f-93b0-43a6-9cb2-cdf22907e03a | 旁白 | 按 空格 / Enter 或点击画面，一步步往楼道口走——声控灯会随脚步亮起又熄灭。	……やっぱり、できない。	draft	AI 批量翻译初稿，需人工校对角色口吻与专名。		9e013f81aba4a3a4712b4343b6d8d1acf85cd70c5cdf96f39d482b5f1f49f338	707ba1c82dcdb9307ae9b809b15746a0585a5bda61f67b7ba74149f40b97fa8f
s07c	prologue	序章 · 蓝色来电	S07		60	基生	dialogue	穿过这个隧道，就能到附近的海岸。……什么都不会有的。谁也不会来。	s07b | 旁白 | 入口处只有一盏路灯亮着，再往里，黑暗像水一样浓。墙面贴满褪色的租房广告，一张翘起的纸角在风里反复拍墙。隧道深处隐约传来海浪。	s07_exit | 旁白 | 走出隧道出口的一瞬间，风忽然变大，带着咸味。月光下的海岸在眼前铺开。云层很薄，月光落在海面上碎成一条长长的银路；海浪缓缓涌上沙滩，又缓缓退去。	このトンネルを抜ければ、近くの海岸に出る。……何もない。誰も来ない。	draft	AI 批量翻译初稿，需人工校对角色口吻与专名。		3ad7c72f4e3fdf5abcd681a3175500338f60690e920610529a117de5f042ba6f	707ba1c82dcdb9307ae9b809b15746a0585a5bda61f67b7ba74149f40b97fa8f
s08a	prologue	序章 · 蓝色来电	S08		62	成田基生	dialogue	……这里是，我和爱理，最后一次一起去玩的地方。	s07_exit | 旁白 | 走出隧道出口的一瞬间，风忽然变大，带着咸味。月光下的海岸在眼前铺开。云层很薄，月光落在海面上碎成一条长长的银路；海浪缓缓涌上沙滩，又缓缓退去。	s08b | 成田基生 | 爱理……让我再、最后看一次……	……ここは、僕と愛理が最後に一緒に遊びに来た場所だ。	draft	AI 批量翻译初稿，需人工校对角色口吻与专名。		5f09483d7e069ac0f95e346fb1cd0fa37c05375878816fd810472505672c634b	707ba1c82dcdb9307ae9b809b15746a0585a5bda61f67b7ba74149f40b97fa8f
s08b	prologue	序章 · 蓝色来电	S08		63	成田基生	dialogue	爱理……让我再、最后看一次……	s08a | 成田基生 | ……这里是，我和爱理，最后一次一起去玩的地方。	s08c | 旁白 | 整片海岸只有基生，以及被月光拉得很长的、他一个人的影子。他从口袋摸出手机，再次打开那封回信。	愛理……もう一度だけ、最後に見せてくれ……	draft	AI 批量翻译初稿，需人工校对角色口吻与专名。		2738ba2a82a5e25587568485314a3256b9be209642822f2e656370bcc8164173	707ba1c82dcdb9307ae9b809b15746a0585a5bda61f67b7ba74149f40b97fa8f
s08d	prologue	序章 · 蓝色来电	S08		65	成田基生	dialogue	奇怪……这封邮件，怎么下面还有……	s08c | 旁白 | 整片海岸只有基生，以及被月光拉得很长的、他一个人的影子。他从口袋摸出手机，再次打开那封回信。	s09_found | 成田基生 | 这是什么……？	おかしい……このメール、下にまだ続きが……	draft	AI 批量翻译初稿，需人工校对角色口吻与专名。		32bb6fbe1eb93871bf2a50adc6131923389c9d4cf5d3cc34bab893d60f0bc4fa	707ba1c82dcdb9307ae9b809b15746a0585a5bda61f67b7ba74149f40b97fa8f
s09_found	prologue	序章 · 蓝色来电	S09		66	成田基生	dialogue	这是什么……？	s08d | 成田基生 | 奇怪……这封邮件，怎么下面还有……	s09_close | 旁白 | 基生合上手机，蓝光熄灭，海浪声恢复正常。他在原地坐了很久，然后起身，穿过隧道回家。	これは……何だ？	draft	AI 批量翻译初稿，需人工校对角色口吻与专名。		24f6282e8ced834540c3eff47ccc580baef1eeb9fe2ecad71f98d528e477d441	707ba1c82dcdb9307ae9b809b15746a0585a5bda61f67b7ba74149f40b97fa8f
s09_home	prologue	序章 · 蓝色来电	S09		68	成田基生	dialogue	……果然，什么都不会有的。谁也不会来。	s09_close | 旁白 | 基生合上手机，蓝光熄灭，海浪声恢复正常。他在原地坐了很久，然后起身，穿过隧道回家。	s10a | 旁白 | 基生按下链接。瞬间，手机蓝光溢出边框，像水一样淌满整个画面。	……やっぱり、何もない。誰も来ない。	draft	AI 批量翻译初稿，需人工校对角色口吻与专名。		7b85470a17f1b6f8faf983929750a1f5e43482586c644c7639c0c1a93cd196db	707ba1c82dcdb9307ae9b809b15746a0585a5bda61f67b7ba74149f40b97fa8f
s10c	prologue	序章 · 蓝色来电	S10		71	成田基生	dialogue	——！……这是什么……好恶心……	s10b | 旁白 | 一股令人厌恶的触感从心底升起——仿佛无数细小的蠕虫，正从指尖沿着血管向上爬。	s10d | 旁白 | 他手一软，手机掉在湿沙里。基生俯下身，刚准备把它捡起来——	——っ！ ……何だ、これ……気持ち悪い……	draft	AI 批量翻译初稿，需人工校对角色口吻与专名。		b99fc3476268d7347f7abd303ab339f959d1106f5f60e89cdf409214ea4e1a28	707ba1c82dcdb9307ae9b809b15746a0585a5bda61f67b7ba74149f40b97fa8f
s10g	prologue	序章 · 蓝色来电	S10		75	成田基生	dialogue	……	s10f | 旁白 | 海浪声停止了。风停止了。连基生自己的呼吸声也消失了。	s11a | 旁白 | 无边海岸的蓝光中央站着一个人影——穿校服的短发少女。深蓝短发被无形光流轻轻托起，蔚蓝发卡在额侧闪着微光，水手服裙摆静止在无风的空气里，像一张从十年前剪下的照片，被贴进这个夜晚。	……	draft	AI 批量翻译初稿，需人工校对角色口吻与专名。		7f1e6b147f1f74205997eeb1069270cd67a92ca3ab3983c46a657a2ffadbf9a5	707ba1c82dcdb9307ae9b809b15746a0585a5bda61f67b7ba74149f40b97fa8f
s11a2	prologue	序章 · 蓝色来电	S11		77	成田基生	dialogue	……爱理……？	s11a | 旁白 | 无边海岸的蓝光中央站着一个人影——穿校服的短发少女。深蓝短发被无形光流轻轻托起，蔚蓝发卡在额侧闪着微光，水手服裙摆静止在无风的空气里，像一张从十年前剪下的照片，被贴进这个夜晚。	s11_turn | 旁白 | 少女缓缓转过头，睫毛轻抬。她睁着酒红色的双眸，看向基生，露出与十年前一模一样、自然又明亮的微笑。	……愛理……？	draft	AI 批量翻译初稿，需人工校对角色口吻与专名。		42f84d8a647cd7609461897a646b25184fc2d9650cdbaad0822b747f6615d369	707ba1c82dcdb9307ae9b809b15746a0585a5bda61f67b7ba74149f40b97fa8f
s11b	prologue	序章 · 蓝色来电	S11		79	基生	dialogue	怎么可能……爱理……为什么？这不可能……爱理？不可能会是她……这不可能……不可能是爱理……这不可能……不可能……	s11_turn | 旁白 | 少女缓缓转过头，睫毛轻抬。她睁着酒红色的双眸，看向基生，露出与十年前一模一样、自然又明亮的微笑。	s11b2 | 基生 | 因为、因为爱理她——	そんなはずない……愛理……どうして？ ありえない……愛理？ 彼女のはずがない……そんなはずない……愛理のはずがない……ありえない……ありえない……	draft	AI 批量翻译初稿，需人工校对角色口吻与专名。		3d527b26d78fe2f564765bb1292ea144d71e41ab04efe1f67ff3e59a6a3b7034	707ba1c82dcdb9307ae9b809b15746a0585a5bda61f67b7ba74149f40b97fa8f
s11b2	prologue	序章 · 蓝色来电	S11		80	基生	dialogue	因为、因为爱理她——	s11b | 基生 | 怎么可能……爱理……为什么？这不可能……爱理？不可能会是她……这不可能……不可能是爱理……这不可能……不可能……	s11b3 | 无 | 和我一样大啊。	だって、だって愛理は——	draft	AI 批量翻译初稿，需人工校对角色口吻与专名。		fef82fc4449d4642f97e587ca3715115caefd9f719090f2a82e2b5818d6fee6d	707ba1c82dcdb9307ae9b809b15746a0585a5bda61f67b7ba74149f40b97fa8f
s11d2	prologue	序章 · 蓝色来电	S11		85	成田基生	dialogue	……爱理。	review_eced44bf-8dbf-4da8-aabc-c8b10d40d4b0 | 百合沢爱理 | 最喜欢你了，基生。	ch1_s01 | 旁白 | 序章·梦 —— 海边的重逢	……愛理。	draft	AI 批量翻译初稿，需人工校对角色口吻与专名。		b1fcd48d3fbb2d991d2c87a3793baf9a333b962e82643435c02fac9291640788	707ba1c82dcdb9307ae9b809b15746a0585a5bda61f67b7ba74149f40b97fa8f
ch1_005	chapter1	第一章 · 失而复得的日常	S01		89	基生	dialogue	爱……爱……	ch1_003 | 旁白 | 十年未见的少女，此刻就在基生眼前。她与手机里珍藏的每一张照片分毫不差。基生不可置信地看着她——毫无疑问，这就是他一直想见的那个人。这十年来他从未忘记过她，一秒都没有。	ch1_006 | “爱理” | 爱、理，没错哦。	あ……あい……	draft	AI 批量翻译初稿，需人工校对角色口吻与专名。		1a3c9e54f366e62a1ac7dad401033ae14ff009087147241e38e836755d8416c7	707ba1c82dcdb9307ae9b809b15746a0585a5bda61f67b7ba74149f40b97fa8f
ch1_010	chapter1	第一章 · 失而复得的日常	S01		94	基生	dialogue	怎么可能忘记……我从来没有、忘记过爱理，从来没有啊……	ch1_009 | 旁白 | 她的动作、声音、表情，每一项都与记忆里的爱理逐渐重合。基生终于意识到——这个少女，毫无疑问就是“爱理”。但此刻，指尖残留的毛骨悚然还没有消退。他看看自己微微发颤的手，又看向面前的“爱理”。	ch1_011 | 基生 | 我说啊，爱理在这之前，到底都在干什么？到底去哪儿了？为什么还穿着校服……我一直、想要联系上爱理啊。这十年来……一直……	忘れるわけない……僕は一度だって、愛理のことを忘れたことなんてない……一度も……	draft	AI 批量翻译初稿，需人工校对角色口吻与专名。		098779457ef0b9a228b6e18583b35b24d521092e78c59198d04ac7ccd24b9a54	707ba1c82dcdb9307ae9b809b15746a0585a5bda61f67b7ba74149f40b97fa8f
ch1_011	chapter1	第一章 · 失而复得的日常	S01		95	基生	dialogue	我说啊，爱理在这之前，到底都在干什么？到底去哪儿了？为什么还穿着校服……我一直、想要联系上爱理啊。这十年来……一直……	ch1_010 | 基生 | 怎么可能忘记……我从来没有、忘记过爱理，从来没有啊……	ch1_012 | 基生 | 爱理，为什么、为什么现在才……	なあ、愛理は今まで、いったい何をしてたんだ？ どこにいたんだ？ どうしてまだ制服を着てるんだ……僕はずっと、愛理と連絡を取りたかった。この十年間……ずっと……	draft	AI 批量翻译初稿，需人工校对角色口吻与专名。		c83c85c2addc5bb446962b236d28eb23758e8069d21a131f9f4d4eb6434fa96a	707ba1c82dcdb9307ae9b809b15746a0585a5bda61f67b7ba74149f40b97fa8f
ch1_012	chapter1	第一章 · 失而复得的日常	S01		96	基生	dialogue	爱理，为什么、为什么现在才……	ch1_011 | 基生 | 我说啊，爱理在这之前，到底都在干什么？到底去哪儿了？为什么还穿着校服……我一直、想要联系上爱理啊。这十年来……一直……	ch1_013 | “爱理” | 因为基生，因为你、呼唤了我啊。	愛理、どうして……どうして今になって……	draft	AI 批量翻译初稿，需人工校对角色口吻与专名。		e3859b9c189bfc83513a5a650237c9fa82e38ecae2ceeecd4cf3af99570a5d7f	707ba1c82dcdb9307ae9b809b15746a0585a5bda61f67b7ba74149f40b97fa8f
ch1_015	chapter1	第一章 · 失而复得的日常	S01		99	基生	dialogue	嗯……嗯、我也是……但是……爱理，你怎么了？	ch1_014 | “爱理” | 基生啊，我最喜欢你了。	ch1_016 | 旁白 | “爱理”忽然抬起头。那双蓝色的眼眸里，映出无数蠕虫般蠕动的蓝色电线。她皮笑肉不笑地开口——	うん……うん、僕も……でも……愛理、どうしたんだ？	draft	AI 批量翻译初稿，需人工校对角色口吻与专名。		31990ea2fb584492e43fae4050d58e913c18ac4d6b750dd1c31e243d86d26309	707ba1c82dcdb9307ae9b809b15746a0585a5bda61f67b7ba74149f40b97fa8f
ch1_019	chapter1	第一章 · 失而复得的日常	S01		103	基生	dialogue	呜哇啊————！！！	ch1_018 | 旁白 | 蓝色吞没了视野。她的眼中，电线般的细丝交错蠕动。	ch1_s02 | 旁白 | 苏醒与重逢	うわあああああっ！！！	draft	AI 批量翻译初稿，需人工校对角色口吻与专名。		95059a9cedb951996924ae6ad932fba75d614b46f42371de82f3427d96f8fee1	707ba1c82dcdb9307ae9b809b15746a0585a5bda61f67b7ba74149f40b97fa8f
ch1_032	chapter1	第一章 · 失而复得的日常	S02		113	基生	dialogue	还、还活着呢！没死呢！我没事！！	ch1_031 | 旁白 | “爱理”眉毛微蹙，上上下下打量着他，眼角还挂着几滴晶莹的泪珠。	ch1_033 | “爱理” | 太好了……	い、生きてる！ 死んでない！ 僕は大丈夫だ！！	draft	AI 批量翻译初稿，需人工校对角色口吻与专名。		bbfc1a5d18856a639d6d4cda468682dd9365f942d932b0c6ddad31a66854637a	707ba1c82dcdb9307ae9b809b15746a0585a5bda61f67b7ba74149f40b97fa8f
ch1_039	chapter1	第一章 · 失而复得的日常	S02		119	基生	dialogue	爱、爱理……昨天……我们两个，是在海边对吧？	ch1_038 | 旁白 | “爱理”看着他若有所思的表情，微微歪头，一脸疑惑。	ch1_040 | “爱理” | 嗯、是呀？	あ、愛理……昨日……僕たち、海にいたんだよな？	draft	AI 批量翻译初稿，需人工校对角色口吻与专名。		ed130d7ec1c3372666b0dfbfb303a4f1970bc7db17ca9bf682aa053f4803259f	707ba1c82dcdb9307ae9b809b15746a0585a5bda61f67b7ba74149f40b97fa8f
ch1_041	chapter1	第一章 · 失而复得的日常	S02		121	基生	dialogue	……在海边重逢，然后，后来怎么了？我们是怎么……回到家的。	ch1_040 | “爱理” | 嗯、是呀？	[分支候选 B] ch1_042 | 基生 | 我为什么没有昨晚“回家”的记忆？从海边到出租屋之间，存在一段无论如何也想不起来的空白。	……海で再会して、それから、どうなったんだ？ 僕たちはどうやって……家に帰ってきたんだ。	draft	AI 批量翻译初稿，需人工校对角色口吻与专名。		a75f2e2e8c152341171e954ee1ab115b95fa4b7b263ac787eb0087b5ea04443e	707ba1c82dcdb9307ae9b809b15746a0585a5bda61f67b7ba74149f40b97fa8f
ch1_042	chapter1	第一章 · 失而复得的日常	S02	B	122	基生	dialogue	我为什么没有昨晚“回家”的记忆？从海边到出租屋之间，存在一段无论如何也想不起来的空白。	[分支候选 公共] ch1_041 | 基生 | ……在海边重逢，然后，后来怎么了？我们是怎么……回到家的。	[分支候选 公共] ch1_043 | “爱理” | 诶？哇——！基生不记得了吗？！你说着“爱理在这之前……”然后就突然倒下了啊！我吓了一大跳，不知道应该怎么办才好，非常地不安……	どうして昨夜『家に帰った』記憶がないんだ？ 海辺からこのアパートまでの間だけ、どうしても思い出せない空白がある。	draft	AI 批量翻译初稿，需人工校对角色口吻与专名。		340163fd0ba3ff898649f02dd891059c6b1e0c516852fd95fd62942cde36bd29	707ba1c82dcdb9307ae9b809b15746a0585a5bda61f67b7ba74149f40b97fa8f
ch1_049	chapter1	第一章 · 失而复得的日常	S02		127	基生	dialogue	……不是，这种情况下一般应该……叫救护车吧？虽然很感谢你……但我一直在昏迷中？对吧？	ch1_047 | 旁白 | “爱理”说完，突然意识到了什么，脸上泛起一丝绯红，沉默不语。	ch1_050 | “爱理” | 啊……诶嘿……还能这样啊……哈哈哈……	……いや、こういう時は普通……救急車を呼ぶんじゃないか？ 助けてくれたのはありがたいけど……僕、ずっと意識がなかったんだろ？	draft	AI 批量翻译初稿，需人工校对角色口吻与专名。		89773214529d2218ae2164820a91165c7abb229ac859e3615b68775af9d53c02	707ba1c82dcdb9307ae9b809b15746a0585a5bda61f67b7ba74149f40b97fa8f
ch1_053	chapter1	第一章 · 失而复得的日常	S02		131	基生	dialogue	嗯？啊，有点。	ch1_052 | “爱理” | 啊！对了。你饿不饿？	ch1_054 | “爱理” | 刚才啊，在你醒来之前，我正准备去附近的便利店买点巧克力螺呢。	ん？ ああ、少し。	draft	AI 批量翻译初稿，需人工校对角色口吻与专名。		fce99bc02333dd3e4e672b019bc14eae44cb37d0815b477acc8ad4be1f14f662	707ba1c82dcdb9307ae9b809b15746a0585a5bda61f67b7ba74149f40b97fa8f
ch1_057	chapter1	第一章 · 失而复得的日常	S02		134	基生	dialogue	确实，高中的时候像个傻子一样，天天都在吃……青春啊——啊，那个，现在就不用巧克力螺了……	ch1_056 | “爱理” | 嗯！基生很喜欢吃那个吧？我记得你每天都要吃呢。	ch1_059 | “爱理” | 是吗？	確かに高校の頃は、馬鹿みたいに毎日食べてたな……青春だなあ。あ、でも今はチョココロネじゃなくていいよ……	draft	AI 批量翻译初稿，需人工校对角色口吻与专名。		cf12e7c95a9a5da13b7b57e57f8a94608dc11fa9231f019ad7f935654d1b2b11	707ba1c82dcdb9307ae9b809b15746a0585a5bda61f67b7ba74149f40b97fa8f
ch1_065	chapter1	第一章 · 失而复得的日常	S02		139	基生	dialogue	不……什么事都没有。	ch1_064 | “爱理” | 怎么了，基生？	ch1_066 | “爱理” | 真奇怪～	いや……何でもない。	draft	AI 批量翻译初稿，需人工校对角色口吻与专名。		3b04f3e8c79863a5846ad20e415e9729690adf71be5298c7f8d4ac8a9065f8d6	707ba1c82dcdb9307ae9b809b15746a0585a5bda61f67b7ba74149f40b97fa8f
ch1_082	chapter1	第一章 · 失而复得的日常	S03		152	基生	dialogue	嗯？	ch1_081 | “爱理” | 基生、那个啊……	ch1_083 | “爱理” | 呃、那个……其实啊，有件事想拜托你……接下来，我能不能在基生家里住一段时间呢？	ん？	draft	AI 批量翻译初稿，需人工校对角色口吻与专名。		9ffbd301ef00d3e39ccb1d205940375c5adcd16c05053b771250594c4eeeebae	707ba1c82dcdb9307ae9b809b15746a0585a5bda61f67b7ba74149f40b97fa8f
ch1_084	chapter1	第一章 · 失而复得的日常	S03		154	基生	dialogue	诶？	ch1_083 | “爱理” | 呃、那个……其实啊，有件事想拜托你……接下来，我能不能在基生家里住一段时间呢？	ch1_085 | “爱理” | 不……不行吗？你不愿意吗？	え？	draft	AI 批量翻译初稿，需人工校对角色口吻与专名。		45723046aebf684d076c8a00648c2f54f3093b368b1f07584b1436e960d00234	707ba1c82dcdb9307ae9b809b15746a0585a5bda61f67b7ba74149f40b97fa8f
ch1_086	chapter1	第一章 · 失而复得的日常	S03		156	基生	dialogue	不，没有！倒也不是不愿意……	ch1_085 | “爱理” | 不……不行吗？你不愿意吗？	ch1_087 | “爱理” | 拜托了，就让我住几天吧！	いや、違う！ 嫌ってわけじゃないんだ……	draft	AI 批量翻译初稿，需人工校对角色口吻与专名。		19c957b7c0b17423b44ab39994fcec2925a3ea838e81be95e4af2a3d262d492f	707ba1c82dcdb9307ae9b809b15746a0585a5bda61f67b7ba74149f40b97fa8f
ch1_088	chapter1	第一章 · 失而复得的日常	S03		158	基生	dialogue	但、但是……	ch1_087 | “爱理” | 拜托了，就让我住几天吧！	ch1_089 | “爱理” | 毕竟！我们好不容易才见到啊……我想和基生多待一会儿嘛。	で、でも……	draft	AI 批量翻译初稿，需人工校对角色口吻与专名。		8d3aba1139a8429fc18739868f6558775eef6a82370ceed0248d3975349ea4e1	707ba1c82dcdb9307ae9b809b15746a0585a5bda61f67b7ba74149f40b97fa8f
ch1_090	chapter1	第一章 · 失而复得的日常	S03		160	基生	dialogue	我、我也是这么想的！但我家很小，也没什么有趣的东西……倒是有一些很老的游戏……	ch1_089 | “爱理” | 毕竟！我们好不容易才见到啊……我想和基生多待一会儿嘛。	ch1_091 | “爱理” | 不要紧啦！只要有基生在，我就很开心了！毕竟是难得的暑假嘛，你说是吧。好不好嘛？	ぼ、僕もそう思ってる！ でも、うちは狭いし、面白いものも何もないし……古いゲームなら少しあるけど……	draft	AI 批量翻译初稿，需人工校对角色口吻与专名。		10e13612c7ed50bc24f858414074aea05ecb1506783794fe487ff60fa785f1c6	707ba1c82dcdb9307ae9b809b15746a0585a5bda61f67b7ba74149f40b97fa8f
ch1_092	chapter1	第一章 · 失而复得的日常	S03		162	基生	dialogue	！	ch1_091 | “爱理” | 不要紧啦！只要有基生在，我就很开心了！毕竟是难得的暑假嘛，你说是吧。好不好嘛？	ch1_093 | “爱理” | 拜托了！	！	draft	AI 批量翻译初稿，需人工校对角色口吻与专名。		37ffab502f21985f29aebdb50aa76bfaaa2434ca318f6d3e9e9f62a42a1f0a52	707ba1c82dcdb9307ae9b809b15746a0585a5bda61f67b7ba74149f40b97fa8f
ch1_094	chapter1	第一章 · 失而复得的日常	S03		164	基生	dialogue	啊……嗯、好吧。只要爱理不介意……	ch1_093 | “爱理” | 拜托了！	ch1_095 | “爱理” | 太好了——！	あ……うん、分かった。愛理が気にしないなら……	draft	AI 批量翻译初稿，需人工校对角色口吻与专名。		e381d77c9ec1f2394e0c25805312c562d5ccd76e15879cc80ac305cda1a37cb1	707ba1c82dcdb9307ae9b809b15746a0585a5bda61f67b7ba74149f40b97fa8f
ch1_098	chapter1	第一章 · 失而复得的日常	S03		166	基生	dialogue	暑假……	ch1_095 | “爱理” | 太好了——！	ch1_099 | “爱理” | “我还是第一次在基生家留宿呢。”	夏休み……	draft	AI 批量翻译初稿，需人工校对角色口吻与专名。		acdd5dc9603438b804a9a8f1bf096f5e4ea5854b84f74689f8d171e3bea9b932	707ba1c82dcdb9307ae9b809b15746a0585a5bda61f67b7ba74149f40b97fa8f
ch1_100	chapter1	第一章 · 失而复得的日常	S03		168	基生	dialogue	“嗯……”	ch1_099 | “爱理” | “我还是第一次在基生家留宿呢。”	ch1_101 | “爱理” | “今天做点什么好呢！”	『うん……』	draft	AI 批量翻译初稿，需人工校对角色口吻与专名。		55e8e275e7cbfde063e88eb9383986075d12570252b8387d710ffcd0737623c3	707ba1c82dcdb9307ae9b809b15746a0585a5bda61f67b7ba74149f40b97fa8f
ch1_102	chapter1	第一章 · 失而复得的日常	S03		170	基生	dialogue	“嗯……”	ch1_101 | “爱理” | “今天做点什么好呢！”	ch1_103 | “爱理” | “啊对了，那个，能不能先借用一下浴室呢……？昨天在海边弄得身上黏黏的……”	『うん……』	draft	AI 批量翻译初稿，需人工校对角色口吻与专名。		55e8e275e7cbfde063e88eb9383986075d12570252b8387d710ffcd0737623c3	707ba1c82dcdb9307ae9b809b15746a0585a5bda61f67b7ba74149f40b97fa8f
ch1_104	chapter1	第一章 · 失而复得的日常	S03		172	基生	dialogue	“嗯……”	ch1_103 | “爱理” | “啊对了，那个，能不能先借用一下浴室呢……？昨天在海边弄得身上黏黏的……”	ch1_105 | “爱理” | 谢谢你～！	『うん……』	draft	AI 批量翻译初稿，需人工校对角色口吻与专名。		55e8e275e7cbfde063e88eb9383986075d12570252b8387d710ffcd0737623c3	707ba1c82dcdb9307ae9b809b15746a0585a5bda61f67b7ba74149f40b97fa8f
ch1_106	chapter1	第一章 · 失而复得的日常	S03		174	基生	dialogue	……等下，怎么突然就答应了……我家的……浴室……最后一次，是什么时候打扫的来着？	ch1_105 | “爱理” | 谢谢你～！	ch1_107 | 基生 | 爱理！！对不起！！我家的浴室很脏，你等一下——	……待て、どうして急に承諾したんだ……うちの……風呂場……最後に掃除したの、いつだったっけ？	draft	AI 批量翻译初稿，需人工校对角色口吻与专名。		2d0c2d9433f3ab0c1cfc8ab6639b66463cceb6750043c32d57d71a3237fab2db	707ba1c82dcdb9307ae9b809b15746a0585a5bda61f67b7ba74149f40b97fa8f
ch1_107	chapter1	第一章 · 失而复得的日常	S03		175	基生	dialogue	爱理！！对不起！！我家的浴室很脏，你等一下——	ch1_106 | 基生 | ……等下，怎么突然就答应了……我家的……浴室……最后一次，是什么时候打扫的来着？	ch1_109 | 旁白 | 基生赶紧冲进浴室，本想在“爱理”洗澡之前收拾一下，没想到却——眼前的少女刚准备换下衣服，似乎根本没有想到这里会来人。	愛理！！ ごめん！！ うちの風呂場、すごく汚いんだ。ちょっと待ってくれ——	draft	AI 批量翻译初稿，需人工校对角色口吻与专名。		bafff82d99047c9f16d8cab0b027261c2dac2d709914b3cd88cc80e70e187235	707ba1c82dcdb9307ae9b809b15746a0585a5bda61f67b7ba74149f40b97fa8f
ch1_110	chapter1	第一章 · 失而复得的日常	S03		177	基生	dialogue	啊……	ch1_109 | 旁白 | 基生赶紧冲进浴室，本想在“爱理”洗澡之前收拾一下，没想到却——眼前的少女刚准备换下衣服，似乎根本没有想到这里会来人。	ch1_111 | “爱理” | 啊诶？	あ……	draft	AI 批量翻译初稿，需人工校对角色口吻与专名。		a8276799c2b23d9863222b8ec0ecddd159bdf33828a0e3685405925a4ec5604f	707ba1c82dcdb9307ae9b809b15746a0585a5bda61f67b7ba74149f40b97fa8f
ch1_112	chapter1	第一章 · 失而复得的日常	S03		179	基生	dialogue	爱……爱理……对不……	ch1_111 | “爱理” | 啊诶？	ch1_113 | “爱理” | 呜呜……基生……	あ……愛理……ごめ……	draft	AI 批量翻译初稿，需人工校对角色口吻与专名。		5167b3356422e0f688b05b81d834e78e8f12a4bcfeecaa67ceaba668ebb0de27	707ba1c82dcdb9307ae9b809b15746a0585a5bda61f67b7ba74149f40b97fa8f
ch1_115	chapter1	第一章 · 失而复得的日常	S03		182	基生	dialogue	真的非常对不起……我不是故意想偷看……	ch1_114 | 旁白 | 基生在门外等到“爱理”穿好衣服走出浴室，难为情地向她道歉。	ch1_116 | “爱理” | 没事啦！我明白的！别在意！！	本当にごめん……わざと覗こうとしたんじゃないんだ……	draft	AI 批量翻译初稿，需人工校对角色口吻与专名。		097056e250ca6de548d841bca8068c461fa929565cc2858d13ab108085a26dd7	707ba1c82dcdb9307ae9b809b15746a0585a5bda61f67b7ba74149f40b97fa8f
ch1_117	chapter1	第一章 · 失而复得的日常	S03		184	基生	dialogue	我只是在想，不能让爱理进那么脏的浴室……我把这里打扫一下，你稍微等一下……	ch1_116 | “爱理” | 没事啦！我明白的！别在意！！	ch1_118 | “爱理” | 嗯嗯。	愛理をあんな汚い風呂場に入れちゃいけないと思っただけなんだ……ここを掃除するから、少し待っててくれ……	draft	AI 批量翻译初稿，需人工校对角色口吻与专名。		62f2e81d244bb9ccc202b6b5d51a96a7a941bb8db8f0dc116f1e534bd65d921b	707ba1c82dcdb9307ae9b809b15746a0585a5bda61f67b7ba74149f40b97fa8f
ch1_123	chapter1	第一章 · 失而复得的日常	S03		190	基生	dialogue	我也去洗个澡……你在这里看看漫画等一会儿吧。	ch1_122 | 旁白 | 基生看着她微微呆滞，随后反应过来。	ch1_124 | “爱理” | 好的！啊，这部漫画已经出了那么多了？	僕もシャワーを浴びてくる……ここで漫画でも読んで待ってて。	draft	AI 批量翻译初稿，需人工校对角色口吻与专名。		e1097bc4ea298419a19e25bfe47b9bcbc7969109f3b721bff3b9203325b08484	707ba1c82dcdb9307ae9b809b15746a0585a5bda61f67b7ba74149f40b97fa8f
ch1_125	chapter1	第一章 · 失而复得的日常	S03		192	基生	dialogue	嗯？是啊……	ch1_124 | “爱理” | 好的！啊，这部漫画已经出了那么多了？	ch1_126 | “爱理” | 哇～太好了～！我一直很好奇后面的剧情，好开心啊～	ん？ そうだな……	draft	AI 批量翻译初稿，需人工校对角色口吻与专名。		43d9e7568d30b337e0a22f062358c8fa3c9525503542130a569a48b739c9c805	707ba1c82dcdb9307ae9b809b15746a0585a5bda61f67b7ba74149f40b97fa8f
ch1_138	chapter1	第一章 · 失而复得的日常	S03		202	基生	dialogue	啊，都已经这个点了……	ch1_137 | 旁白 | 等他们打完游戏，抬头看表，已经晚上七点半了。	ch1_139 | “爱理” | 真的呢！时间过得好快啊！	あ、もうこんな時間か……	draft	AI 批量翻译初稿，需人工校对角色口吻与专名。		190554896a07836f231e70be65493edbfdc24554170c2faee0a89b97347f6a99	707ba1c82dcdb9307ae9b809b15746a0585a5bda61f67b7ba74149f40b97fa8f
ch1_140	chapter1	第一章 · 失而复得的日常	S03		204	基生	dialogue	对了。我们去买点吃的吧——	ch1_139 | “爱理” | 真的呢！时间过得好快啊！	ch1_141 | 旁白 | “爱理”忽然沉默了。	そうだ。何か食べるものを買いに行こう——	draft	AI 批量翻译初稿，需人工校对角色口吻与专名。		19fc82f41cbef1a48ae03461795f2c9c3175e374fdf65ddaf3fd930664c617fc	707ba1c82dcdb9307ae9b809b15746a0585a5bda61f67b7ba74149f40b97fa8f
ch1_142	chapter1	第一章 · 失而复得的日常	S03		206	基生	dialogue	……“爱理”？	ch1_141 | 旁白 | “爱理”忽然沉默了。	ch1_143 | “爱理” | 嗯！	……『愛理』？	draft	AI 批量翻译初稿，需人工校对角色口吻与专名。		e66446ea8e828dfa70bb20cf69e1f3c3f7c40b992ee7cfb2232c83d88eae3a84	707ba1c82dcdb9307ae9b809b15746a0585a5bda61f67b7ba74149f40b97fa8f
ch1_148	chapter1	第一章 · 失而复得的日常	S04		211	基生	dialogue	啊……冰淇淋等下再拿……会化掉的……	ch1_147 | “爱理” | 我要这个，还有这个！	ch1_149 | 旁白 | 基生和“爱理”站在货架前挑选食物。	あ……アイスはあとで取ろう……溶けちゃうから……	draft	AI 批量翻译初稿，需人工校对角色口吻与专名。		746fe4ec4d322672ce70d6998411ec9ea80c92dc6c902414366e988cae67c68e	707ba1c82dcdb9307ae9b809b15746a0585a5bda61f67b7ba74149f40b97fa8f
ch1_151	chapter1	第一章 · 失而复得的日常	S04		213	基生	dialogue	爱理，想吃哪个？	ch1_149 | 旁白 | 基生和“爱理”站在货架前挑选食物。	ch1_152 | “爱理” | 唔——嗯……看起来都很好吃……	愛理、どれが食べたい？	draft	AI 批量翻译初稿，需人工校对角色口吻与专名。		7970f891d01dde5dbed913b5b703b202b85c3117adb78a075e25c33be57cdb25	707ba1c82dcdb9307ae9b809b15746a0585a5bda61f67b7ba74149f40b97fa8f
ch1_153	chapter1	第一章 · 失而复得的日常	S04		215	基生	dialogue	你还是那么选择困难症啊。这个怎么样？感觉你会喜欢。	ch1_152 | “爱理” | 唔——嗯……看起来都很好吃……	ch1_154 | “爱理” | 这个啊……好纠结啊……	相変わらず優柔不断だな。これはどう？ 愛理が好きそうだ。	draft	AI 批量翻译初稿，需人工校对角色口吻与专名。		7f6a4f850bfb272e58aced6c90332dd73c09c1f833ac092dca3670d9a4ce6012	707ba1c82dcdb9307ae9b809b15746a0585a5bda61f67b7ba74149f40b97fa8f
ch1_162	chapter1	第一章 · 失而复得的日常	S04		223	基生	dialogue	啊，不是，就感觉……有点，怎么说呢……	ch1_161 | “爱理” | 怎么了？基生。怎么在看镜子……	ch1_164 | 基生 | 快点回家吧，老妹。	あ、いや、なんというか……ちょっと、何て言えばいいのか……	draft	AI 批量翻译初稿，需人工校对角色口吻与专名。		c2e53d9dcafaf6d59d52a8b0fb85697b1b222baac68b92550680b746cb8ee37e	707ba1c82dcdb9307ae9b809b15746a0585a5bda61f67b7ba74149f40b97fa8f
ch1_164	chapter1	第一章 · 失而复得的日常	S04		224	基生	dialogue	快点回家吧，老妹。	ch1_162 | 基生 | 啊，不是，就感觉……有点，怎么说呢……	ch1_165 | “爱理” | 老妹？	早く帰ろう、妹よ。	draft	AI 批量翻译初稿，需人工校对角色口吻与专名。		909f2fa60051262acb2fcfc39f09a1399b1fb7ef088ff6ef387e8cf2ab0a956d	707ba1c82dcdb9307ae9b809b15746a0585a5bda61f67b7ba74149f40b97fa8f
ch1_167	chapter1	第一章 · 失而复得的日常	S04		227	基生	dialogue	别管了！	ch1_166 | 门口的感应门铃响起 | “多谢惠顾——”	ch1_168 | “爱理” | ？	気にするな！	draft	AI 批量翻译初稿，需人工校对角色口吻与专名。		1bf01d13dbdf11b7ae3632169b70a1e5ff86283dc43e2f79ce199f39ca667330	707ba1c82dcdb9307ae9b809b15746a0585a5bda61f67b7ba74149f40b97fa8f
ch1_172	chapter1	第一章 · 失而复得的日常	S04		231	基生	dialogue	不，我没事……就吃杯面就行了吗？	ch1_171 | “爱理” | 基生你没事吧？脸色好差哦……是不是累了？	ch1_173 | “爱理” | 嗯！吃完杯面以后，关了灯一边看电影一边喝可乐、吃爆米花！还有冰淇淋！	いや、僕は大丈夫……カップ麺でいいのか？	draft	AI 批量翻译初稿，需人工校对角色口吻与专名。		a5f38ee69deca598eb5821ba9d72150b7a946be1f3e8c14fbf82a00f9d63bf91	707ba1c82dcdb9307ae9b809b15746a0585a5bda61f67b7ba74149f40b97fa8f
ch1_174	chapter1	第一章 · 失而复得的日常	S04		233	基生	dialogue	好的好的……	ch1_173 | “爱理” | 嗯！吃完杯面以后，关了灯一边看电影一边喝可乐、吃爆米花！还有冰淇淋！	ch1_175 | “爱理” | 啊！我想看这个！	はいはい……	draft	AI 批量翻译初稿，需人工校对角色口吻与专名。		ad4c4264271f71630a2aa2898cd2fabc0afad0f0ed1b82525845cdd783500e9a	707ba1c82dcdb9307ae9b809b15746a0585a5bda61f67b7ba74149f40b97fa8f
ch1_176	chapter1	第一章 · 失而复得的日常	S04		235	基生	dialogue	嗯嗯，好啊。	ch1_175 | “爱理” | 啊！我想看这个！	ch1_177 | “爱理” | 野乃说这个很有趣呢——	うんうん、いいよ。	draft	AI 批量翻译初稿，需人工校对角色口吻与专名。		beba3243e4d2c1e1659573b44e0a9ab16e0e0f2345127f42c29d1f10efa1b646	707ba1c82dcdb9307ae9b809b15746a0585a5bda61f67b7ba74149f40b97fa8f
ch1_178	chapter1	第一章 · 失而复得的日常	S04		237	基生	dialogue	野乃？啊～是爱理的表妹吗……	ch1_177 | “爱理” | 野乃说这个很有趣呢——	ch1_179 | 旁白 | 基生看着“爱理”一脸紧张地盯着这部恐怖片，陷入了沉思。	野乃？ ああ、愛理の従妹か……	draft	AI 批量翻译初稿，需人工校对角色口吻与专名。		a4c5ffccffc6ea2568e54cd78ff6f75110d062bff01d903c64d2908a0a5c5c70	707ba1c82dcdb9307ae9b809b15746a0585a5bda61f67b7ba74149f40b97fa8f
review_ae6a8059-52f9-4db9-a2e1-0c555e94b731	chapter1	第一章 · 失而复得的日常	S04		239	基生	dialogue	不论怎么看，我们都是大人和小孩。脑海中闪过“爱理”这几天的形象与行为——穿着制服，说着“暑假”，浴室里露出的身体依旧是少女的形态……	ch1_179 | 旁白 | 基生看着“爱理”一脸紧张地盯着这部恐怖片，陷入了沉思。	ch1_180 | 基生 | 爱理，真的还是十年前我知道的那副模样。不论是外表，还是内在，全部一模一样。	どう見ても、僕たちは大人と子供だ。この数日間の『愛理』の姿や振る舞いが頭をよぎる——制服を着て、『夏休み』の話をして、風呂場で見えた身体もまだ少女のままだった……	draft	AI 批量翻译初稿，需人工校对角色口吻与专名。		0593e1d79d4c4815a1b040b89deaed9349cf6d7b5254abff3d1d6e150f5a5c3a	707ba1c82dcdb9307ae9b809b15746a0585a5bda61f67b7ba74149f40b97fa8f
ch1_180	chapter1	第一章 · 失而复得的日常	S04		240	基生	dialogue	爱理，真的还是十年前我知道的那副模样。不论是外表，还是内在，全部一模一样。	review_ae6a8059-52f9-4db9-a2e1-0c555e94b731 | 基生 | 不论怎么看，我们都是大人和小孩。脑海中闪过“爱理”这几天的形象与行为——穿着制服，说着“暑假”，浴室里露出的身体依旧是少女的形态……	[分支候选 B] ch1_188 | 基生 | 爱理”眼中的“我”究竟是什么样子？她对“现在的我”接受得过于自然了——除非她看见的，从来就不是 28 岁的成田基生。	愛理は本当に、十年前に僕が知っていた姿のままだ。外見も、中身も、何もかも同じだ。	draft	AI 批量翻译初稿，需人工校对角色口吻与专名。		489da165ee21ae1ee546e7432fa8427dc4266d02ce7a4a8e4f12fbd65846959e	707ba1c82dcdb9307ae9b809b15746a0585a5bda61f67b7ba74149f40b97fa8f
ch1_188	chapter1	第一章 · 失而复得的日常	S04	B	241	基生	dialogue	爱理”眼中的“我”究竟是什么样子？她对“现在的我”接受得过于自然了——除非她看见的，从来就不是 28 岁的成田基生。	[分支候选 公共] ch1_180 | 基生 | 爱理，真的还是十年前我知道的那副模样。不论是外表，还是内在，全部一模一样。	[分支候选 公共] ch1_189 | 旁白 | 推理到此为止。基生摇了摇头，把纷乱的念头赶走——既然决定相信，就不再深究。他只要眼前的“爱理”还在笑，就够了。	『愛理』の目に映る『僕』は、いったいどんな姿なんだ？ 『今の僕』をあまりにも自然に受け入れている——彼女に見えているのが、最初から二十八歳の成田基生ではないとしたら。	draft	AI 批量翻译初稿，需人工校对角色口吻与专名。		e9832ce50c6aba4a6a160c9dbdee9895306b56e18a46ab0eee2104ce9ed42cb5	707ba1c82dcdb9307ae9b809b15746a0585a5bda61f67b7ba74149f40b97fa8f
ch1_190	chapter1	第一章 · 失而复得的日常	S04		243	基生	dialogue	……在爱理的眼中，我究竟是什么样的呢。	ch1_189 | 旁白 | 推理到此为止。基生摇了摇头，把纷乱的念头赶走——既然决定相信，就不再深究。他只要眼前的“爱理”还在笑，就够了。	ch1_191 | “爱理” | 哈啊啊～真的很有趣呢……	……愛理の目には、僕はいったいどんなふうに見えているんだろう。	draft	AI 批量翻译初稿，需人工校对角色口吻与专名。		d40875b4b734467d68c115c5d7ecb3760a9a0466792eca8971695a6ae40a1a0e	707ba1c82dcdb9307ae9b809b15746a0585a5bda61f67b7ba74149f40b97fa8f
ch1_192	chapter1	第一章 · 失而复得的日常	S04		245	基生	dialogue	嗯……	ch1_191 | “爱理” | 哈啊啊～真的很有趣呢……	ch1_193 | “爱理” | 不过，晚上在家里一起看电影，真的让人有种“在外留宿”的感觉呢！	うん……	draft	AI 批量翻译初稿，需人工校对角色口吻与专名。		bc1dd2ee36de7fd70418e978c7dce21493f5db4a92e0c6b08d3f2fc5e8024683	707ba1c82dcdb9307ae9b809b15746a0585a5bda61f67b7ba74149f40b97fa8f
review_50a8f20c-1917-4e68-8d3e-d85f9e414917	chapter1	第一章 · 失而复得的日常	S04		248	基生	dialogue	“在外留宿”啊……确实，高中的时候我和爱理都是住在自己家里的……完全没想到事到如今，还能和爱理一起吃杯面、一起看电影、一起做各种各样的事。	ch1_194 | 旁白 | 基生微微愣神。	ch1_196 | 基生 | 这么一思考，就禁不住意识到了某些事——这也是、没有办法的啊……	『外泊』か……確かに、高校の頃は僕も愛理もそれぞれ自分の家に住んでいた……今になって愛理とカップ麺を食べたり、映画を見たり、いろんなことを一緒にできるなんて、思ってもみなかった。	draft	AI 批量翻译初稿，需人工校对角色口吻与专名。		517f75a18f358f94d3c70504c639ee2374502e4884d6de7f94cd2943e11d6546	707ba1c82dcdb9307ae9b809b15746a0585a5bda61f67b7ba74149f40b97fa8f
ch1_196	chapter1	第一章 · 失而复得的日常	S04		249	基生	dialogue	这么一思考，就禁不住意识到了某些事——这也是、没有办法的啊……	review_50a8f20c-1917-4e68-8d3e-d85f9e414917 | 基生 | “在外留宿”啊……确实，高中的时候我和爱理都是住在自己家里的……完全没想到事到如今，还能和爱理一起吃杯面、一起看电影、一起做各种各样的事。	ch1_197 | “爱理” | 对了、基生……	そう考えると、どうしてもあることを意識してしまう——こればかりは、仕方ないよな……	draft	AI 批量翻译初稿，需人工校对角色口吻与专名。		43e5a663ee46854ded2cd21ff6a0c617775d51cd6f24138e2a42d4d27c5e05af	707ba1c82dcdb9307ae9b809b15746a0585a5bda61f67b7ba74149f40b97fa8f
ch1_198	chapter1	第一章 · 失而复得的日常	S04		251	基生	dialogue	嗯？	ch1_197 | “爱理” | 对了、基生……	ch1_199 | 旁白 | “爱理”坐在木地板上，看着他的眼睛。	ん？	draft	AI 批量翻译初稿，需人工校对角色口吻与专名。		f814b3980b6b19373badafa10b82b9d2b66c0c8f23b8835663ffa48caa0ba12f	707ba1c82dcdb9307ae9b809b15746a0585a5bda61f67b7ba74149f40b97fa8f
ch1_202	chapter1	第一章 · 失而复得的日常	S04		254	基生	dialogue	做……做些……什么……？	ch1_200 | “爱理” | 接下来……做点什么呢……？	ch1_203 | “爱理” | 什么事情都可以哦。只要是基生想和我一起做的事情……	な……何か……するって……？	draft	AI 批量翻译初稿，需人工校对角色口吻与专名。		80ed96a2fc08681e3f516b44e25a5ce7335c1c8104dcf2bd2ebe0b2e899f9f7a	707ba1c82dcdb9307ae9b809b15746a0585a5bda61f67b7ba74149f40b97fa8f
ch1_204	chapter1	第一章 · 失而复得的日常	S04		256	基生	dialogue	爱理……	ch1_203 | “爱理” | 什么事情都可以哦。只要是基生想和我一起做的事情……	ch1_205 | “爱理” | 基生……最喜欢你了哦。那个，基生呢……？	愛理……	draft	AI 批量翻译初稿，需人工校对角色口吻与专名。		639a4b27c2db17b8eb96ebb5b6023d4d68b9f5d9daa858cf455c1d530880b1a7	707ba1c82dcdb9307ae9b809b15746a0585a5bda61f67b7ba74149f40b97fa8f
ch1_209	chapter1	第一章 · 失而复得的日常	S05		261	基生	dialogue	哈啊……	ch1_208 | 旁白 | 基生从床上爬起身，拿起手机看时间。	ch1_210 | 基生 | 结果从那之后，我还是什么都没做。那天晚上“爱理”问完那个问题后，我连忙说“一起玩游戏吧”，“爱理”便欣然接受了。之后，我们每天玩游戏都玩到早上。	はあ……	draft	AI 批量翻译初稿，需人工校对角色口吻与专名。		3309c29337479630a8db4515a5312ca1545407c04e27c90bfdca40cbb8e2fb80	707ba1c82dcdb9307ae9b809b15746a0585a5bda61f67b7ba74149f40b97fa8f
ch1_210	chapter1	第一章 · 失而复得的日常	S05		262	基生	dialogue	结果从那之后，我还是什么都没做。那天晚上“爱理”问完那个问题后，我连忙说“一起玩游戏吧”，“爱理”便欣然接受了。之后，我们每天玩游戏都玩到早上。	ch1_209 | 基生 | 哈啊……	review_5d7ff8ec-4a21-4bd0-ab50-e764b43d5f39 | 基生 | 之后，我们每天玩游戏都玩到早上。	結局、あれから僕は何もしなかった。あの夜、『愛理』にそう聞かれた僕は、慌てて『一緒にゲームをしよう』と言った。『愛理』は喜んで応じてくれた。それから僕たちは、毎日朝までゲームをした。	draft	AI 批量翻译初稿，需人工校对角色口吻与专名。		4ec977e370840062b4c4f1de270fad032b56d7600b2102231dd0405fb17dfa52	707ba1c82dcdb9307ae9b809b15746a0585a5bda61f67b7ba74149f40b97fa8f
review_5d7ff8ec-4a21-4bd0-ab50-e764b43d5f39	chapter1	第一章 · 失而复得的日常	S05		263	基生	dialogue	之后，我们每天玩游戏都玩到早上。	ch1_210 | 基生 | 结果从那之后，我还是什么都没做。那天晚上“爱理”问完那个问题后，我连忙说“一起玩游戏吧”，“爱理”便欣然接受了。之后，我们每天玩游戏都玩到早上。	ch1_212 | 旁白 | 基生看向床上还没起床的“爱理”。她睡得很舒服，脸上还挂着笑容。	それから僕たちは、毎日朝までゲームをした。	draft	AI 批量翻译初稿，需人工校对角色口吻与专名。		6fd2c3129562d47966616c795b30a2baa91da9f2401cdd42f7215493c4020d41	707ba1c82dcdb9307ae9b809b15746a0585a5bda61f67b7ba74149f40b97fa8f
ch1_213	chapter1	第一章 · 失而复得的日常	S05		265	基生	dialogue	——爱理来到我家，已经过了一周了。和爱理在一起的日子，既开心又怀念，感觉自己好像变回了高中生一样，尽情享受着和爱理一同度过的“暑假”。	ch1_212 | 旁白 | 基生看向床上还没起床的“爱理”。她睡得很舒服，脸上还挂着笑容。	ch1_214 | 基生 | 虽然我是这么想的。不过——每天每天，不是游戏就是电影。虽然爱理好像很享受，可……	——愛理が僕の家に来てから、一週間が過ぎた。愛理と過ごす日々は楽しくて、懐かしくて、まるで高校生に戻ったように、愛理との『夏休み』を満喫していた。	draft	AI 批量翻译初稿，需人工校对角色口吻与专名。		f76102c63e94a5d37c727fdd7f9f1bf992684bf53b645a7e15fc94e6d3490421	707ba1c82dcdb9307ae9b809b15746a0585a5bda61f67b7ba74149f40b97fa8f
ch1_214	chapter1	第一章 · 失而复得的日常	S05		266	基生	dialogue	虽然我是这么想的。不过——每天每天，不是游戏就是电影。虽然爱理好像很享受，可……	ch1_213 | 基生 | ——爱理来到我家，已经过了一周了。和爱理在一起的日子，既开心又怀念，感觉自己好像变回了高中生一样，尽情享受着和爱理一同度过的“暑假”。	ch1_215 | 旁白 | 基生脑海里浮现起高中时与爱理出去玩的画面。	そう思ってはいた。けれど——毎日毎日、ゲームか映画ばかりだ。愛理は楽しそうだけど……	draft	AI 批量翻译初稿，需人工校对角色口吻与专名。		660dbae53a883d085bd0afa1702c3e5319543ff7154a40feffca173c8b3d717a	707ba1c82dcdb9307ae9b809b15746a0585a5bda61f67b7ba74149f40b97fa8f
ch1_218	chapter1	第一章 · 失而复得的日常	S05		269	基生	dialogue	啊、早安。	ch1_217 | “爱理” | 嗯……早安……	ch1_219 | “爱理” | 对不起、睡过头了。	あ、おはよう。	draft	AI 批量翻译初稿，需人工校对角色口吻与专名。		9947e919e5baa62c00978925e822f86f686acb0eda2ef57a158dcbc8938b2bfd	707ba1c82dcdb9307ae9b809b15746a0585a5bda61f67b7ba74149f40b97fa8f
ch1_220	chapter1	第一章 · 失而复得的日常	S05		271	基生	dialogue	啊、没关系的哦。	ch1_219 | “爱理” | 对不起、睡过头了。	ch1_221 | “爱理” | 我说啊！今天也一起玩游戏吧——！	あ、気にしなくていいよ。	draft	AI 批量翻译初稿，需人工校对角色口吻与专名。		941de89f048540a22cbeb62ae3e65d1868d2c669a01b710e3d4b2805ff5a7b50	707ba1c82dcdb9307ae9b809b15746a0585a5bda61f67b7ba74149f40b97fa8f
ch1_222	chapter1	第一章 · 失而复得的日常	S05		273	基生	dialogue	嗯、这个嘛……该怎么说呢……今天，要不要出去玩呢。	ch1_221 | “爱理” | 我说啊！今天也一起玩游戏吧——！	ch1_223 | “爱理” | ……怎么突然要出去玩？	うん、その……何て言えばいいかな……今日は、どこかへ遊びに行かないか。	draft	AI 批量翻译初稿，需人工校对角色口吻与专名。		ddc3628ce1129bf19b9c5f67142eb0e4d530aa1a805bd6f5712011c52f18be76	707ba1c82dcdb9307ae9b809b15746a0585a5bda61f67b7ba74149f40b97fa8f
ch1_224	chapter1	第一章 · 失而复得的日常	S05		275	基生	dialogue	嗯、那个啊……我是在想，每天都在家里玩游戏看电影什么的，会不会太无聊了。所以……	ch1_223 | “爱理” | ……怎么突然要出去玩？	ch1_225 | “爱理” | 没有那回事哦？	うん、あのさ……毎日家でゲームや映画ばかりじゃ、退屈なんじゃないかと思って。それで……	draft	AI 批量翻译初稿，需人工校对角色口吻与专名。		538f0dfa5f90f0de4b70fca316c59167f31c630e49db963d674c921aeb97c2b5	707ba1c82dcdb9307ae9b809b15746a0585a5bda61f67b7ba74149f40b97fa8f
ch1_226	chapter1	第一章 · 失而复得的日常	S05		277	基生	dialogue	可是……	ch1_225 | “爱理” | 没有那回事哦？	ch1_227 | “爱理” | 我在基生家里玩得很开心哦。和基生两个人在一起就好了哦。一直，就我们两个人。基生也觉得这样很好吧？	でも……	draft	AI 批量翻译初稿，需人工校对角色口吻与专名。		c5ef8c8a0c79ddc3f38cefe8bdb90236dc490e1f895d4422dce63bd10b7e2c2c	707ba1c82dcdb9307ae9b809b15746a0585a5bda61f67b7ba74149f40b97fa8f
ch1_228	chapter1	第一章 · 失而复得的日常	S05		279	基生	dialogue	……但是，爱理、你是喜欢出门的吧……？	ch1_227 | “爱理” | 我在基生家里玩得很开心哦。和基生两个人在一起就好了哦。一直，就我们两个人。基生也觉得这样很好吧？	ch1_229 | “爱理” | 虽……虽然是那样啦！可是……就像之前、在便利店里那样……基生、和我在一起的话，会被很多人看着、很讨厌的吧……？	……でも愛理、出かけるのが好きだっただろ……？	draft	AI 批量翻译初稿，需人工校对角色口吻与专名。		5f87ae82cc5fc32a0133b3e3f3a0866cac0217327a6d793862a46481b595ae86	707ba1c82dcdb9307ae9b809b15746a0585a5bda61f67b7ba74149f40b97fa8f
ch1_230	chapter1	第一章 · 失而复得的日常	S05		281	基生	dialogue	！！爱理……一直都在意着那件事吗……	ch1_229 | “爱理” | 虽……虽然是那样啦！可是……就像之前、在便利店里那样……基生、和我在一起的话，会被很多人看着、很讨厌的吧……？	ch1_231 | 基生 | ……不用在意我的。让你担心真对不起……那么就去爱理你想去的地方吧。毕竟是难得的“暑假”呢。去哪里比较好呢，其实我也不是很清楚……游乐园或者电影院之类……不对，就不去看电影了吧。啊，这个时候的话，还有——	！！ 愛理……ずっとそのことを気にしてたのか……	draft	AI 批量翻译初稿，需人工校对角色口吻与专名。		5e261a268da251d341af994fd3f143498eb065adc18120bfebdc7056cc1a895f	707ba1c82dcdb9307ae9b809b15746a0585a5bda61f67b7ba74149f40b97fa8f
ch1_231	chapter1	第一章 · 失而复得的日常	S05		282	基生	dialogue	……不用在意我的。让你担心真对不起……那么就去爱理你想去的地方吧。毕竟是难得的“暑假”呢。去哪里比较好呢，其实我也不是很清楚……游乐园或者电影院之类……不对，就不去看电影了吧。啊，这个时候的话，还有——	ch1_230 | 基生 | ！！爱理……一直都在意着那件事吗……	ch1_232 | “爱理” | 果然、还是算了吧。因为我……只带了学校的制服……果然还是不想让基生感到……为难。对不起。	……僕のことは気にしなくていい。心配させてごめん……じゃあ、愛理が行きたいところへ行こう。せっかくの『夏休み』だからな。どこがいいかな。僕もよく分からないけど……遊園地とか映画館とか……いや、映画はやめよう。あ、この時期なら、ほかにも——	draft	AI 批量翻译初稿，需人工校对角色口吻与专名。		7d81815ab7615ac7a4db1792574c52f0736c642558a869d843999b9a38cd4894	707ba1c82dcdb9307ae9b809b15746a0585a5bda61f67b7ba74149f40b97fa8f
ch1_233	chapter1	第一章 · 失而复得的日常	S05		284	基生	dialogue	……!!衣服……去买衣服吧！！	ch1_232 | “爱理” | 果然、还是算了吧。因为我……只带了学校的制服……果然还是不想让基生感到……为难。对不起。	ch1_234 | 基生 | 一个人去，真的没问题吗？	……！！ 服……服を買いに行こう！！	draft	AI 批量翻译初稿，需人工校对角色口吻与专名。		63c89f0b0004cf3ffc76618960e0706bd449f6fd08cae064a5271ecfcda2cd9d	707ba1c82dcdb9307ae9b809b15746a0585a5bda61f67b7ba74149f40b97fa8f
ch1_234	chapter1	第一章 · 失而复得的日常	S05		285	基生	dialogue	一个人去，真的没问题吗？	ch1_233 | 基生 | ……!!衣服……去买衣服吧！！	ch1_235 | “爱理” | 嗯！没事的！	一人で行って、本当に大丈夫か？	draft	AI 批量翻译初稿，需人工校对角色口吻与专名。		485ac6ad9ce51fc3b435b8594ec120eaa31563ec423723774b9212ba98ac04fb	707ba1c82dcdb9307ae9b809b15746a0585a5bda61f67b7ba74149f40b97fa8f
ch1_236	chapter1	第一章 · 失而复得的日常	S05		287	基生	dialogue	好吧……那么要是有什么事情，马上给我打电话。	ch1_235 | “爱理” | 嗯！没事的！	ch1_237 | “爱理” | 嗯、那么我出门了。	分かった……じゃあ何かあったら、すぐ電話して。	draft	AI 批量翻译初稿，需人工校对角色口吻与专名。		c916a22ea1ef9dc43a012cf13e4503ff6645599d68f0c9ef0dbcd322aee8d316	707ba1c82dcdb9307ae9b809b15746a0585a5bda61f67b7ba74149f40b97fa8f
ch1_238	chapter1	第一章 · 失而复得的日常	S05		289	基生	dialogue	嗯，一路走好。	ch1_237 | “爱理” | 嗯、那么我出门了。	ch1_239 | 旁白 | 送别“爱理”后，基生缓缓关上门。他站在门口，又回忆起刚才的场景——	うん、行ってらっしゃい。	draft	AI 批量翻译初稿，需人工校对角色口吻与专名。		85dc11089689f43cd1f8004b2eefa869c4c62c87ff8fbea28934b05aa14a4b6f	707ba1c82dcdb9307ae9b809b15746a0585a5bda61f67b7ba74149f40b97fa8f
ch1_240	chapter1	第一章 · 失而复得的日常	S05		291	基生	dialogue	“要一个人去？我也会跟着去的。”	ch1_239 | 旁白 | 送别“爱理”后，基生缓缓关上门。他站在门口，又回忆起刚才的场景——	ch1_241 | “爱理” | “不用了！！因为会花很多时间……”	『一人で行くのか？ 僕もついていくよ』	draft	AI 批量翻译初稿，需人工校对角色口吻与专名。		2e98c13aade271a6a5be2cfe30feb313d403f5c50ec4fc3c28f99963fec4fb14	707ba1c82dcdb9307ae9b809b15746a0585a5bda61f67b7ba74149f40b97fa8f
ch1_242	chapter1	第一章 · 失而复得的日常	S05		293	基生	dialogue	“没关系。我可以等的。”	ch1_241 | “爱理” | “不用了！！因为会花很多时间……”	ch1_243 | “爱理” | “真、真的不用！！因为我也不是只去看衣服啦……”	『大丈夫。待ってるから』	draft	AI 批量翻译初稿，需人工校对角色口吻与专名。		0e9e87e838bd6dbe9804664b5499fdfc44e716ae3f100d1befb78d687e48fc09	707ba1c82dcdb9307ae9b809b15746a0585a5bda61f67b7ba74149f40b97fa8f
ch1_244	chapter1	第一章 · 失而复得的日常	S05		295	基生	dialogue	“我真的不介意哦？”	ch1_243 | “爱理” | “真、真的不用！！因为我也不是只去看衣服啦……”	ch1_245 | “爱理” | “～！！”	『僕は本当に気にしないよ？』	draft	AI 批量翻译初稿，需人工校对角色口吻与专名。		0e85997723d4d8771d9023e8bcfc04da447b74b52484bd0292452b09eaf55e0b	707ba1c82dcdb9307ae9b809b15746a0585a5bda61f67b7ba74149f40b97fa8f
ch1_246	chapter1	第一章 · 失而复得的日常	S05		297	基生	dialogue	“不是那样了啦！！……也有穿在里面的衣服……所以说！！我想要一个人看啦！！真是的——！！”	ch1_245 | “爱理” | “～！！”	ch1_247 | 旁白 | 基生尴尬地笑了笑。随后，某个念头又浮了上来。	『そうじゃないの！！ ……中に着る服だってあるし……だから！！ 一人で見たいの！！ もう——！！』	draft	AI 批量翻译初稿，需人工校对角色口吻与专名。		6ff53e757bdb2189028c9cd4393f22baccb3ca8c727966150438ac6f3f09d759	707ba1c82dcdb9307ae9b809b15746a0585a5bda61f67b7ba74149f40b97fa8f
ch1_256	chapter1	第一章 · 失而复得的日常	S05		303	基生	dialogue	啊，爱理，欢迎回来。	ch1_255 | 旁白 | “咔嗒”——门开了。	ch1_257 | “爱理” | ！我回来了。	あ、愛理、おかえり。	draft	AI 批量翻译初稿，需人工校对角色口吻与专名。		5a78d01923a5822fa14d8e09b173f62faf26e7fcf2101f1efce7847d016a150f	707ba1c82dcdb9307ae9b809b15746a0585a5bda61f67b7ba74149f40b97fa8f
ch1_261	chapter1	第一章 · 失而复得的日常	S06		308	基生	dialogue	再稍微往远走一些的话，有最近刚建成的大水族馆……果然是去那边……	ch1_260 | 旁白 | “爱理”和基生站在水族馆门口。这家水族馆在基生出生之前就有了。十年前他曾来过一次——没有企鹅，也没有海狮，小到全部看一遍都用不了一个小时。时隔许久再来，它已经变得如此破旧。	ch1_262 | “爱理” | 不用了！我觉得这里就很好。你看！	もう少し遠くまで行けば、最近できた大きな水族館がある……やっぱり、そこに……	draft	AI 批量翻译初稿，需人工校对角色口吻与专名。		fac77b09d19ec181e88cefeea77d4f00d1d00c07c604e35e82ce3aa0922d6fca	707ba1c82dcdb9307ae9b809b15746a0585a5bda61f67b7ba74149f40b97fa8f
ch1_264	chapter1	第一章 · 失而复得的日常	S06		311	基生	dialogue	嗯，好吧……	ch1_263 | “爱理” | 好了！进去吧进去吧！	ch1_265 | 旁白 | 水族馆内。光线昏暗，廊道被水里深蓝色的光打亮。展柜不多，只有寥寥几人轻声交流。	うん、分かった……	draft	AI 批量翻译初稿，需人工校对角色口吻与专名。		44f5c2db41575a6aad7b4effb2968237f4e216d612af788f50431ceffd97a78d	707ba1c82dcdb9307ae9b809b15746a0585a5bda61f67b7ba74149f40b97fa8f
ch1_270	chapter1	第一章 · 失而复得的日常	S06		315	基生	dialogue	好啊好啊。	ch1_269 | “爱理” | 接下来我们去那边吧！	ch1_271 | 旁白 | “爱理”在一个展柜前站定，让基生给她拍了一张照。	いいよ、いいよ。	draft	AI 批量翻译初稿，需人工校对角色口吻与专名。		8a616d8b3d9e839a24eff8a2d364f2fe2733663922c348b0f846d857b213812b	707ba1c82dcdb9307ae9b809b15746a0585a5bda61f67b7ba74149f40b97fa8f
ch1_274	chapter1	第一章 · 失而复得的日常	S06		319	基生	dialogue	唔……	ch1_273 | 旁白 | 基生强忍对多足虫的恐惧，浑身微微颤抖地看着。	ch1_275 | “爱理” | 基生！看这个，看这个——！	うーん……	draft	AI 批量翻译初稿，需人工校对角色口吻与专名。		176730f375e524e074898cc7b926a43ebfb6c5133c0699acfe8908a7e6c81e94	707ba1c82dcdb9307ae9b809b15746a0585a5bda61f67b7ba74149f40b97fa8f
ch1_276	chapter1	第一章 · 失而复得的日常	S06		321	基生	dialogue	哎？这个水槽里……什么都没有呢。	ch1_275 | “爱理” | 基生！看这个，看这个——！	ch1_277 | “爱理” | 真的啊。没有讲解牌，也没有别的……是为什么呢。	あれ？ この水槽……何もいないな。	draft	AI 批量翻译初稿，需人工校对角色口吻与专名。		e96bfd9cf31043f32e4275906eef38d88c5117e73e791b3e8e4b40744b243328	707ba1c82dcdb9307ae9b809b15746a0585a5bda61f67b7ba74149f40b97fa8f
ch1_278	chapter1	第一章 · 失而复得的日常	S06		323	基生	dialogue	……但仔细看的话，感觉又好像有着什么东西呢。	ch1_277 | “爱理” | 真的啊。没有讲解牌，也没有别的……是为什么呢。	ch1_279 | “爱理” | ……没有哦。因为，这里什么都没有写呢。	……でも、よく見ると何かいるような気もする。	draft	AI 批量翻译初稿，需人工校对角色口吻与专名。		803ab3fe8b4bfad215e1e3c255c162306bb19a981f5dea4708b32f2d409da755	707ba1c82dcdb9307ae9b809b15746a0585a5bda61f67b7ba74149f40b97fa8f
ch1_280	chapter1	第一章 · 失而复得的日常	S06		325	基生	dialogue	也是……不过，虽然这样——但正因为什么都没有写，所以才可能有著什么……不是会叫人这样想吗？	ch1_279 | “爱理” | ……没有哦。因为，这里什么都没有写呢。	ch1_281 | “爱理” | ……或许是那样。但如果没有任何语言的说明的话，那不是和什么都没有是一样的吗。	そうだな……でも、何も書いてないからこそ、何かいるんじゃないかって……そう思わないか？	draft	AI 批量翻译初稿，需人工校对角色口吻与专名。		259207a9d2677dff79c8fb688b2327c0ce705e978350d74aa6eb1002d579730e	707ba1c82dcdb9307ae9b809b15746a0585a5bda61f67b7ba74149f40b97fa8f
ch1_288	chapter1	第一章 · 失而复得的日常	S06		332	基生	dialogue	……到下一个地方看看吧。	ch1_287 | “爱理” | 基生？	ch1_289 | “爱理” | 嗯！	……次のところを見に行こう。	draft	AI 批量翻译初稿，需人工校对角色口吻与专名。		83039e11b9421ba6e940a04d83d98afad9a601301275b093504318e2226c78dc	707ba1c82dcdb9307ae9b809b15746a0585a5bda61f67b7ba74149f40b97fa8f
ch1_291	chapter1	第一章 · 失而复得的日常	S06		335	基生	dialogue	是啊，好漂亮。	ch1_290 | 旁白 | 两人来到全景水槽前。暗蓝色的水槽里，无数水母像丝带般缓缓飘动，像一场在大海深处缠绵沉沦的梦。	ch1_292 | “爱理” | 好厉害啊……！	そうだな、きれいだ。	draft	AI 批量翻译初稿，需人工校对角色口吻与专名。		21b3e0226cae01850dfb23c8e83e21aeb0e5808f8642718fa8486ff714bed14a	707ba1c82dcdb9307ae9b809b15746a0585a5bda61f67b7ba74149f40b97fa8f
ch1_294	chapter1	第一章 · 失而复得的日常	S06		338	基生	dialogue	爱理，那个，我呢，从下周又要开始打工了。虽然没有和爱理你说过，其实我前不久被上个打工的地方——	ch1_293 | 旁白 | 基生看着“爱理”，下定决心般开口。	ch1_295 | “爱理” | ……也可以哦。	愛理、あのさ。僕、来週からまたバイトを始めるんだ。愛理には話してなかったけど、実はこの前、前のバイト先を——	draft	AI 批量翻译初稿，需人工校对角色口吻与专名。		00ec2f0e2359ada2c004386dd21b53d90e8fc477e5b214e700c10666f0d580d1	707ba1c82dcdb9307ae9b809b15746a0585a5bda61f67b7ba74149f40b97fa8f
ch1_296	chapter1	第一章 · 失而复得的日常	S06		340	基生	dialogue	诶？	ch1_295 | “爱理” | ……也可以哦。	ch1_297 | “爱理” | 你不去打工也可以哦。好不容易能在一起了……为什么基生又打算离开我呢……？	え？	draft	AI 批量翻译初稿，需人工校对角色口吻与专名。		73c707d515f81d57656e7fded4836ba67d4fcedacbdaefd194612861a02ccb6f	707ba1c82dcdb9307ae9b809b15746a0585a5bda61f67b7ba74149f40b97fa8f
ch1_298	chapter1	第一章 · 失而复得的日常	S06		342	基生	dialogue	我不是想要……我不是想要……离开你啊……我只是……认为我这样子下去，是不行的……	ch1_297 | “爱理” | 你不去打工也可以哦。好不容易能在一起了……为什么基生又打算离开我呢……？	ch1_299 | “爱理” | 才没有哪里不行哦。我觉得基生继续这样子就很好，继续是这样子就很好。我最喜欢没有改变的基生了……	僕は……僕は君から離れたいんじゃない……ただ……このままじゃ駄目だと思っただけなんだ……	draft	AI 批量翻译初稿，需人工校对角色口吻与专名。		e5907f4d8e6a48585de2479386f7e149f35b7229b50ee868af685c9c08455ca5	707ba1c82dcdb9307ae9b809b15746a0585a5bda61f67b7ba74149f40b97fa8f
ch1_303	chapter1	第一章 · 失而复得的日常	S06		346	基生	dialogue	最喜欢了哦……我……我也，对爱理，最……最喜欢……	ch1_301 | 旁白 | 基生看着这张无辜而真诚的脸。先前在空水槽那里的对话，忽然回荡在耳畔——	ch1_304 | 旁白 | “咚！”——基生突然被人从背后撞了一下。	大好きだよ……僕も……僕も愛理のことが、だ……大好きだ……	draft	AI 批量翻译初稿，需人工校对角色口吻与专名。		230e34f5787df97832e154a8aac44fabc1e56eb6932f64708e80004b15bc4544	707ba1c82dcdb9307ae9b809b15746a0585a5bda61f67b7ba74149f40b97fa8f
ch1_306	chapter1	第一章 · 失而复得的日常	S06		349	基生	dialogue	嗯，没……对不起，我这边也没有注意到。	ch1_305 | 路人 | 哇、对不起！你没事儿吧！？	ch1_s06b | 旁白 | 水族馆之约（下）—— 失踪与争吵	うん、だい……すみません、僕も前を見てなくて。	draft	AI 批量翻译初稿，需人工校对角色口吻与专名。		d20c289794a8911ac736fffca46069e1e865e9fb7683694e577c93851a85887c	707ba1c82dcdb9307ae9b809b15746a0585a5bda61f67b7ba74149f40b97fa8f
ch1_309	chapter1	第一章 · 失而复得的日常	S06		352	基生	dialogue	诶？	ch1_308 | 男 | 说来，这不是……成田前辈吗？	ch1_310 | 男 | 我是十屋啊！去年夏天的时候，不是在一起打过工吗！可能对成田前辈来说，不是什么重要的事情，所以忘记了吧。不过，为什么成田前辈会在这里呢？最近还好吗！？	え？	draft	AI 批量翻译初稿，需人工校对角色口吻与专名。		73c707d515f81d57656e7fded4836ba67d4fcedacbdaefd194612861a02ccb6f	707ba1c82dcdb9307ae9b809b15746a0585a5bda61f67b7ba74149f40b97fa8f
ch1_311	chapter1	第一章 · 失而复得的日常	S06		354	基生	dialogue	啊、十屋……君……好久不见……	ch1_310 | 男 | 我是十屋啊！去年夏天的时候，不是在一起打过工吗！可能对成田前辈来说，不是什么重要的事情，所以忘记了吧。不过，为什么成田前辈会在这里呢？最近还好吗！？	ch1_312 | 十屋 | 前辈也好久不见！	あ、十屋……君……久しぶり……	draft	AI 批量翻译初稿，需人工校对角色口吻与专名。		4d121458f9d64be560fd030a500d3ae78d61e20b02b2090a47e2a5e16fae238c	707ba1c82dcdb9307ae9b809b15746a0585a5bda61f67b7ba74149f40b97fa8f
ch1_316	chapter1	第一章 · 失而复得的日常	S06		359	基生	dialogue	啊……这样……	ch1_315 | 小泪 | 哼——嗯。	ch1_317 | 十屋 | 成田前辈，我们来交换 LIME 吧！	あ……そう……	draft	AI 批量翻译初稿，需人工校对角色口吻与专名。		f71cf4950b34450693425a398cf71ece2ecce6763e93d2bdab3b6ffb72727662	707ba1c82dcdb9307ae9b809b15746a0585a5bda61f67b7ba74149f40b97fa8f
ch1_318	chapter1	第一章 · 失而复得的日常	S06		361	基生	dialogue	LIME，是什么？	ch1_317 | 十屋 | 成田前辈，我们来交换 LIME 吧！	ch1_319 | 十屋 | 诶！？居然不知道？？是通讯 app 哦！	LIMEって、何？	draft	AI 批量翻译初稿，需人工校对角色口吻与专名。		f7921a8b0ae5eba9435cb0239bb73e7a29ee1aaa90768d8bd6232e4c61e2b75c	707ba1c82dcdb9307ae9b809b15746a0585a5bda61f67b7ba74149f40b97fa8f
ch1_320	chapter1	第一章 · 失而复得的日常	S06		363	基生	dialogue	啊……因为我不是智能手机……	ch1_319 | 十屋 | 诶！？居然不知道？？是通讯 app 哦！	ch1_321 | 十屋 | 居然是翻盖手机！？前辈你是老爷爷吗！不过随便了，邮箱地址也可以哦。	あ……僕、スマートフォンじゃないから……	draft	AI 批量翻译初稿，需人工校对角色口吻与专名。		4bd8811fa5320d5d9d89422de0f1ef6d6df9b3ae53fce355339c54861613e509	707ba1c82dcdb9307ae9b809b15746a0585a5bda61f67b7ba74149f40b97fa8f
ch1_322	chapter1	第一章 · 失而复得的日常	S06		365	基生	dialogue	喂、别自作主——	ch1_321 | 十屋 | 居然是翻盖手机！？前辈你是老爷爷吗！不过随便了，邮箱地址也可以哦。	ch1_323 | 十屋 | 谢谢前辈！	おい、勝手に——	draft	AI 批量翻译初稿，需人工校对角色口吻与专名。		809c14b97a33a50c2503c47330b6eeed4a0213484b3d69ab75378d6f33714bfa	707ba1c82dcdb9307ae9b809b15746a0585a5bda61f67b7ba74149f40b97fa8f
ch1_325	chapter1	第一章 · 失而复得的日常	S06		368	基生	dialogue	诶？不是啊。——我和女朋友一起……	ch1_324 | 十屋 | 说来，成田前辈是一个人来这里玩的吗？感觉很帅气呢！	ch1_326 | 旁白 | 身边的“爱理”，不知何时没了踪影。	え？ 違うよ。——彼女と一緒に……	draft	AI 批量翻译初稿，需人工校对角色口吻与专名。		ce2a9654b477c382636a1cb165b2426acfa2823f0280eed2dc5b6e1bb906e9f8	707ba1c82dcdb9307ae9b809b15746a0585a5bda61f67b7ba74149f40b97fa8f
ch1_327	chapter1	第一章 · 失而复得的日常	S06		370	基生	dialogue	诶……？爱理……？	ch1_326 | 旁白 | 身边的“爱理”，不知何时没了踪影。	ch1_328 | 十屋 | 真的吗！！成田前辈居然有女朋友吗！？诶——！！想见一面呢！！总感觉很意外呢，但真不愧是前辈呢！！是叫小爱理对吧！是去洗手间了吗？	え……？ 愛理……？	draft	AI 批量翻译初稿，需人工校对角色口吻与专名。		4cd8abc62f4c8dd158573cef0558ed1615bd2c7be85fe52e6f8c31abbe46ae01	707ba1c82dcdb9307ae9b809b15746a0585a5bda61f67b7ba74149f40b97fa8f
ch1_329	chapter1	第一章 · 失而复得的日常	S06		372	基生	dialogue	不是……刚才她还在这里的……	ch1_328 | 十屋 | 真的吗！！成田前辈居然有女朋友吗！？诶——！！想见一面呢！！总感觉很意外呢，但真不愧是前辈呢！！是叫小爱理对吧！是去洗手间了吗？	ch1_330 | 十屋 | 真的吗！这里太暗了，完全没有注意到……小爱理可爱吗？要在这里等她回来吗？	いや……さっきまでここにいたんだ……	draft	AI 批量翻译初稿，需人工校对角色口吻与专名。		52ecac37c8e2a1f3733a26f1ea5da7f9dd8f2754072a5709dab1825270bf9e64	707ba1c82dcdb9307ae9b809b15746a0585a5bda61f67b7ba74149f40b97fa8f
ch1_332	chapter1	第一章 · 失而复得的日常	S06		374	基生	dialogue	……对不起我失陪了！	ch1_330 | 十屋 | 真的吗！这里太暗了，完全没有注意到……小爱理可爱吗？要在这里等她回来吗？	ch1_333 | 十屋 | 诶——	……ごめん、失礼する！	draft	AI 批量翻译初稿，需人工校对角色口吻与专名。		490539d40549a44565dfe60c6289df2821a7b26f8065d833b437525b1f69cc77	707ba1c82dcdb9307ae9b809b15746a0585a5bda61f67b7ba74149f40b97fa8f
ch1_335	chapter1	第一章 · 失而复得的日常	S06		377	基生	dialogue	才不会给你发啦！	ch1_334 | 十屋 | 那么、请之后把小爱理的照片发过来让我看一下哦——！	ch1_338 | 旁白 | 基生找遍——拍照的地方没有，大王具足虫的地方也没有……	送るわけないだろ！	draft	AI 批量翻译初稿，需人工校对角色口吻与专名。		f13c171f1d17fb853509fff40f3bf1cb08825fa3f8a9e8949a20a9cd66f8199f	707ba1c82dcdb9307ae9b809b15746a0585a5bda61f67b7ba74149f40b97fa8f
ch1_339	chapter1	第一章 · 失而复得的日常	S06		379	基生	dialogue	爱理……	ch1_338 | 旁白 | 基生找遍——拍照的地方没有，大王具足虫的地方也没有……	ch1_340 | 旁白 | 终于，基生在刚才那个空水槽前，找到了“爱理”。	愛理……	draft	AI 批量翻译初稿，需人工校对角色口吻与专名。		152d868cc70bbcaf531f2b867f5bf7a23db919257cdc85b4441732697a0f4eb7	707ba1c82dcdb9307ae9b809b15746a0585a5bda61f67b7ba74149f40b97fa8f
ch1_341	chapter1	第一章 · 失而复得的日常	S06		381	基生	dialogue	爱理！！太好了……为什么忽然就不见了啊……而且手机也突然没信号了……我一直在找你哦。	ch1_340 | 旁白 | 终于，基生在刚才那个空水槽前，找到了“爱理”。	ch1_342 | 旁白 | 但“爱理”什么都没有说，也没有转身看他。她只是静静地站在那里。	愛理！！ よかった……どうして急にいなくなったんだ……それに携帯も急に圏外になって……ずっと探してたんだよ。	draft	AI 批量翻译初稿，需人工校对角色口吻与专名。		db1166d6c4b63246f40f753455640eeb8be195810a2d00f7b6a208afaebe2302	707ba1c82dcdb9307ae9b809b15746a0585a5bda61f67b7ba74149f40b97fa8f
ch1_343	chapter1	第一章 · 失而复得的日常	S06		383	基生	dialogue	……爱理？	ch1_342 | 旁白 | 但“爱理”什么都没有说，也没有转身看他。她只是静静地站在那里。	ch1_344 | 旁白 | 基生拍了拍“爱理”的肩膀。“爱理”突然反应过来，回头瞪了他一眼。	……愛理？	draft	AI 批量翻译初稿，需人工校对角色口吻与专名。		7324be98818e9ee4e7dfa91fed96306bb284870bd73a8d160037f53ab0c30672	707ba1c82dcdb9307ae9b809b15746a0585a5bda61f67b7ba74149f40b97fa8f
ch1_345	chapter1	第一章 · 失而复得的日常	S06		385	基生	dialogue	诶……为……为什么你生气了呢？	ch1_344 | 旁白 | 基生拍了拍“爱理”的肩膀。“爱理”突然反应过来，回头瞪了他一眼。	ch1_346 | “爱理” | ……基生你是觉得，我的事情怎么样都好是吧。	え……ど、どうして怒ってるんだ？	draft	AI 批量翻译初稿，需人工校对角色口吻与专名。		a31bee185e2d3ade948b0310f48e0f6eada34cf0aaa5fd0977690390dec0dfc2	707ba1c82dcdb9307ae9b809b15746a0585a5bda61f67b7ba74149f40b97fa8f
ch1_347	chapter1	第一章 · 失而复得的日常	S06		387	基生	dialogue	！？为什么这么说啊？刚才我都说了，直到现在都在找你吧？	ch1_346 | “爱理” | ……基生你是觉得，我的事情怎么样都好是吧。	ch1_348 | “爱理” | 但是我离开的时候，你都没有发现吧。因为你一直很开心地在和他们聊天。	！？ どうしてそんなこと言うんだ？ さっきも言っただろ、ずっと君を探してたって。	draft	AI 批量翻译初稿，需人工校对角色口吻与专名。		c6f85275fa588dba9166c2db9769726ab9e4fe83fa05d814f45fd5881e7597e9	707ba1c82dcdb9307ae9b809b15746a0585a5bda61f67b7ba74149f40b97fa8f
ch1_349	chapter1	第一章 · 失而复得的日常	S06		389	基生	dialogue	哪有聊得很开心……只是十屋他在自说自话……只是那家伙太吵了，导致我走神了，所以没注意到你……	ch1_348 | “爱理” | 但是我离开的时候，你都没有发现吧。因为你一直很开心地在和他们聊天。	ch1_350 | 旁白 | “爱理”什么都没有说。基生感觉有些愧疚。	楽しそうになんか話してない……十屋が一人でしゃべってただけだ……あいつがうるさくて気を取られて、それで君に気づかなかっただけで……	draft	AI 批量翻译初稿，需人工校对角色口吻与专名。		0affcae35f18c3020d9597d4f4a4ab529d47eea9f3e8762a457d7a3a0f8bc44e	707ba1c82dcdb9307ae9b809b15746a0585a5bda61f67b7ba74149f40b97fa8f
ch1_351	chapter1	第一章 · 失而复得的日常	S06		391	基生	dialogue	……对不——	ch1_350 | 旁白 | “爱理”什么都没有说。基生感觉有些愧疚。	ch1_352 | “爱理” | 基生你……不是只想著我的事情吗？基生的“想”到底是什么？基生的“想”就是，丢下我独自一个人待著吗？就连一句我想要听的话，都说不出来。这是基生的“想”吗？	……ごめ——	draft	AI 批量翻译初稿，需人工校对角色口吻与专名。		f9c94ec0ea60f672dff5193686f2a602fa9b4de4168817ff1fc090398c3e1595	707ba1c82dcdb9307ae9b809b15746a0585a5bda61f67b7ba74149f40b97fa8f
ch1_353	chapter1	第一章 · 失而复得的日常	S06		393	基生	dialogue	什么啊……这算……	ch1_352 | “爱理” | 基生你……不是只想著我的事情吗？基生的“想”到底是什么？基生的“想”就是，丢下我独自一个人待著吗？就连一句我想要听的话，都说不出来。这是基生的“想”吗？	ch1_354 | 基生 | 说出来、说出来……就非得全都说出来吗？什么都不说的话，爱理就真的不明白吗！？为什么爱理你这么拘泥于说出来呢？’我的“想”就是丢下你独自一个人待著……’——这算什么啊？一直一直、一直、独自一人的，不是我吗……！	何だよ……それ……	draft	AI 批量翻译初稿，需人工校对角色口吻与专名。		45181c6d149b2fc0c1ba1b82dd2e16d87069d4ddefc10190cdb1e3f95f23484d	707ba1c82dcdb9307ae9b809b15746a0585a5bda61f67b7ba74149f40b97fa8f
ch1_354	chapter1	第一章 · 失而复得的日常	S06		394	基生	dialogue	说出来、说出来……就非得全都说出来吗？什么都不说的话，爱理就真的不明白吗！？为什么爱理你这么拘泥于说出来呢？’我的“想”就是丢下你独自一个人待著……’——这算什么啊？一直一直、一直、独自一人的，不是我吗……！	ch1_353 | 基生 | 什么啊……这算……	ch1_355 | 基生 | 忽然从我面前消失、又忽然出现、还说着“最喜欢你了”、“最喜欢你了”……我才搞不懂，爱理所说的“最喜欢了”到底算什么啊！爱理说的“最喜欢你了”算什么啊？？	言葉にして、言葉にしてって……全部言わなきゃいけないのか？ 何も言わなかったら、愛理には本当に何も分からないのか！？ どうして愛理は、そんなに言葉にすることにこだわるんだ？ 『僕の気持ちは、君を置いて一人にすること』って——何だよ、それ。ずっと、ずっと、ずっと一人だったのは、僕のほうじゃないか……！	draft	AI 批量翻译初稿，需人工校对角色口吻与专名。		10201f2ad868487b7d3f3ec7a902e6b0df4ae8efb0230813d0fe290264f2b526	707ba1c82dcdb9307ae9b809b15746a0585a5bda61f67b7ba74149f40b97fa8f
ch1_355	chapter1	第一章 · 失而复得的日常	S06		395	基生	dialogue	忽然从我面前消失、又忽然出现、还说着“最喜欢你了”、“最喜欢你了”……我才搞不懂，爱理所说的“最喜欢了”到底算什么啊！爱理说的“最喜欢你了”算什么啊？？	ch1_354 | 基生 | 说出来、说出来……就非得全都说出来吗？什么都不说的话，爱理就真的不明白吗！？为什么爱理你这么拘泥于说出来呢？’我的“想”就是丢下你独自一个人待著……’——这算什么啊？一直一直、一直、独自一人的，不是我吗……！	ch1_356 | 旁白 | 基生在心里压抑了许久的怒火，在此刻全部喷发出来。他愤怒地看着“爱理”，一字一句地质问道。	突然僕の前から消えて、また突然現れて、『大好き』『大好き』って……僕には分からないんだ。愛理の言う『大好き』って、いったい何なんだよ！ 愛理の『大好き』って、何なんだよ！？	draft	AI 批量翻译初稿，需人工校对角色口吻与专名。		b3ff0b547f6cd05c04e82e2a8408d969e946c8ea6b968d9680e06a00c044bc53	707ba1c82dcdb9307ae9b809b15746a0585a5bda61f67b7ba74149f40b97fa8f
ch1_358	chapter1	第一章 · 失而复得的日常	S06		398	基生	dialogue	……爱理？爱理？没事吧……？	ch1_357 | “爱理” | 什……说是什么……	ch1_359 | 旁白 | “爱理”摇晃着——跌倒在地。	……愛理？ 愛理？ 大丈夫か……？	draft	AI 批量翻译初稿，需人工校对角色口吻与专名。		ec12b852a98614f480b649499506fcb61521fabffd04f077a6de122b52084862	707ba1c82dcdb9307ae9b809b15746a0585a5bda61f67b7ba74149f40b97fa8f
ch1_360	chapter1	第一章 · 失而复得的日常	S06		400	基生	dialogue	……诶？爱理——！	ch1_359 | 旁白 | “爱理”摇晃着——跌倒在地。	ch2_s01 | 旁白 | 苏醒 —— “贫血”的谎言与迟到的道歉	……え？ 愛理——！	draft	AI 批量翻译初稿，需人工校对角色口吻与专名。		350dcc493a32492f1357979efc827f0f2a4d6c56ff28b5c567d08cc55d534509	707ba1c82dcdb9307ae9b809b15746a0585a5bda61f67b7ba74149f40b97fa8f
ch2_005	chapter2	第二章 · 约定与夕阳	S01		406	基生	dialogue	爱理——！？	ch2_004 | 旁白 | 基生的手一抖，水杯差点脱手。他几乎是撞开房门冲了进去。	ch2_006 | 旁白 | 推开门，他看见爱理已经醒来，正坐在床上，一只手按着额头。基生原本紧绷到发疼的神情，顿时松了下来——可额头上那层冷汗，仍出卖了他的担忧。	愛理——！？	draft	AI 批量翻译初稿，需人工校对角色口吻与专名。		502b165422ba3873e48f2a43d67e88f4eacc011afa2095a11f3da88150c54a3d	707ba1c82dcdb9307ae9b809b15746a0585a5bda61f67b7ba74149f40b97fa8f
ch2_007	chapter2	第二章 · 约定与夕阳	S01		408	基生	dialogue	太好了……你醒了啊……	ch2_006 | 旁白 | 推开门，他看见爱理已经醒来，正坐在床上，一只手按着额头。基生原本紧绷到发疼的神情，顿时松了下来——可额头上那层冷汗，仍出卖了他的担忧。	ch2_008 | 基生 | 没事儿吧？身体没问题了吗？	よかった……目が覚めたんだな……	draft	AI 批量翻译初稿，需人工校对角色口吻与专名。		ef8a72644451ff7eb7dabd9b11cb3bd24af0bfa889b5e07ca0dde7db33203232	707ba1c82dcdb9307ae9b809b15746a0585a5bda61f67b7ba74149f40b97fa8f
ch2_008	chapter2	第二章 · 约定与夕阳	S01		409	基生	dialogue	没事儿吧？身体没问题了吗？	ch2_007 | 基生 | 太好了……你醒了啊……	ch2_009 | 旁白 | 爱理似乎还没有完全恢复。面对基生的询问，她稍微停顿了一下，随后故作轻松地回答。	大丈夫か？ もう身体は平気なのか？	draft	AI 批量翻译初稿，需人工校对角色口吻与专名。		5bb76da1b0e52fa9d8cc2210fde929048d190f51e8cca4df383d8be685deedc4	707ba1c82dcdb9307ae9b809b15746a0585a5bda61f67b7ba74149f40b97fa8f
ch2_012	chapter2	第二章 · 约定与夕阳	S01		413	基生	dialogue	贫血吗……	ch2_011 | 旁白 | 她说着，笑了笑，可那笑容并没有落到眼底。	ch2_013 | 基生 | 你别勉强，还是躺着比较好吧……	貧血か……	draft	AI 批量翻译初稿，需人工校对角色口吻与专名。		3be9e4c8af4b63ac2c7a37f62d67f38180907377a71ebe99dde992b07e888390	707ba1c82dcdb9307ae9b809b15746a0585a5bda61f67b7ba74149f40b97fa8f
ch2_013	chapter2	第二章 · 约定与夕阳	S01		414	基生	dialogue	你别勉强，还是躺着比较好吧……	ch2_012 | 基生 | 贫血吗……	ch2_014 | 旁白 | 基生走近床边，认真劝她继续休息。可当他伸手时，爱理却像是被烫到一般，微微向后缩了一下。	無理しないで、まだ横になってたほうがいいんじゃないか……	draft	AI 批量翻译初稿，需人工校对角色口吻与专名。		c032979759991487d3f4c9f51cfc65fef45d6c25e4bd46f1928fbd84152905c8	707ba1c82dcdb9307ae9b809b15746a0585a5bda61f67b7ba74149f40b97fa8f
ch2_021	chapter2	第二章 · 约定与夕阳	S01		422	基生	dialogue	爱理，	ch2_020 | 旁白 | 基生看着她欲言又止的样子，有些疑惑。随即，昨日在水族馆的画面涌了上来——他说完那些气话后，“爱理”便在他面前昏倒。积攒了一整夜的愧疚，终于在此刻决堤。	ch2_022 | 旁白 | 爱理还没有说完那句欲言又止的话，基生便走上前，一把将她拥入怀中。	愛理、	draft	AI 批量翻译初稿，需人工校对角色口吻与专名。		2df180287202dbfa922defbc3b36a29f7386e8c3afddabf3d60545e6058d03e3	707ba1c82dcdb9307ae9b809b15746a0585a5bda61f67b7ba74149f40b97fa8f
ch2_024	chapter2	第二章 · 约定与夕阳	S01		425	基生	dialogue	对不起……	ch2_023 | 旁白 | 这个拥抱来得十分突然。爱理睁大双眼，身体僵在原地，显然没有预料到基生会这样回应。基生低下头，将脸埋在她的肩旁，双臂紧紧环住她。	ch2_025 | 旁白 | “爱理”一脸震惊地感受着这个拥抱，睫毛轻轻颤动。	ごめん……	draft	AI 批量翻译初稿，需人工校对角色口吻与专名。		ce15343eebbefe04426c32b48bdf40782ecba0f74b4433c8c5b5b106effebc29	707ba1c82dcdb9307ae9b809b15746a0585a5bda61f67b7ba74149f40b97fa8f
ch2_026	chapter2	第二章 · 约定与夕阳	S01		427	基生	dialogue	那时候，我不该让爱理一个人待着……	ch2_025 | 旁白 | “爱理”一脸震惊地感受着这个拥抱，睫毛轻轻颤动。	ch2_027 | 基生 | 明明知道你心里十分不安，我却……	あの時、愛理を一人にするべきじゃなかった……	draft	AI 批量翻译初稿，需人工校对角色口吻与专名。		78d860b4bc7d47054e35e2531c6602a4fe97005f95da27ae6db5d0ab04c7d92c	707ba1c82dcdb9307ae9b809b15746a0585a5bda61f67b7ba74149f40b97fa8f
ch2_027	chapter2	第二章 · 约定与夕阳	S01		428	基生	dialogue	明明知道你心里十分不安，我却……	ch2_026 | 基生 | 那时候，我不该让爱理一个人待着……	ch2_028 | 基生 | 一个劲儿地只顾说自己的事情。	君がすごく不安だったって分かってたのに、僕は……	draft	AI 批量翻译初稿，需人工校对角色口吻与专名。		8d8d409fb66ac5805845040c2c67e0a3cce5aa3ab1e7a95a57a325bb77bf2dee	707ba1c82dcdb9307ae9b809b15746a0585a5bda61f67b7ba74149f40b97fa8f
ch2_028	chapter2	第二章 · 约定与夕阳	S01		429	基生	dialogue	一个劲儿地只顾说自己的事情。	ch2_027 | 基生 | 明明知道你心里十分不安，我却……	ch2_029 | 基生 | 真的非常对不起……	自分のことばかり、一方的に話してた。	draft	AI 批量翻译初稿，需人工校对角色口吻与专名。		306cc897dd8e3464b91b33892448ded0b498cc210364e4ea4ecf360a82a7e8f7	707ba1c82dcdb9307ae9b809b15746a0585a5bda61f67b7ba74149f40b97fa8f
ch2_029	chapter2	第二章 · 约定与夕阳	S01		430	基生	dialogue	真的非常对不起……	ch2_028 | 基生 | 一个劲儿地只顾说自己的事情。	ch2_030 | 旁白 | 房间里安静了很久。久到基生以为，她也许永远不会回应了。	本当にごめん……	draft	AI 批量翻译初稿，需人工校对角色口吻与专名。		178affecb9aead4887d3a139545c8b7136aa9246d0e1d90039d019783735786f	707ba1c82dcdb9307ae9b809b15746a0585a5bda61f67b7ba74149f40b97fa8f
ch2_035	chapter2	第二章 · 约定与夕阳	S02		436	基生	dialogue	诶，那个……对不起！我……！	ch2_034 | 旁白 | 爱理要求基生放开自己。基生慌忙松开双手——他误以为刚才的拥抱弄疼了她。	ch2_036 | 基生 | 难道是那时候，身上有哪里受伤了吗……！？	え、あの……ごめん！ 僕……！	draft	AI 批量翻译初稿，需人工校对角色口吻与专名。		9edeb2a0324d6796e20322e74528810bacdfa1daf4078beb96ed3ac0652b096d	707ba1c82dcdb9307ae9b809b15746a0585a5bda61f67b7ba74149f40b97fa8f
ch2_036	chapter2	第二章 · 约定与夕阳	S02		437	基生	dialogue	难道是那时候，身上有哪里受伤了吗……！？	ch2_035 | 基生 | 诶，那个……对不起！我……！	ch2_037 | 旁白 | 爱理低着头，小声否认。	まさか、あの時どこか怪我したのか……！？	draft	AI 批量翻译初稿，需人工校对角色口吻与专名。		c984e07b3ccdfc79243f2ee9b2856a758623d5fb25e5bb71bbcb4a1391bcc27e	707ba1c82dcdb9307ae9b809b15746a0585a5bda61f67b7ba74149f40b97fa8f
ch2_040	chapter2	第二章 · 约定与夕阳	S02		441	基生	dialogue	发、发烧了……！？	ch2_039 | 旁白 | 她脸颊通红，神情慌乱。基生看到她的异常反应，又以为她正在发烧，急忙想确认她的身体状况。	ch2_041 | 旁白 | 爱理连忙伸手阻止他靠近。	ね、熱があるのか……！？	draft	AI 批量翻译初稿，需人工校对角色口吻与专名。		a7d25a9ce8660a02a6291feeb3f77f8ba08e1f40254e32ace11178bb96998015	707ba1c82dcdb9307ae9b809b15746a0585a5bda61f67b7ba74149f40b97fa8f
ch2_045	chapter2	第二章 · 约定与夕阳	S02		446	基生	dialogue	爱理，我啊……	ch2_044 | 旁白 | 基生在她身旁坐下。短暂的沉默后，他轻轻握住爱理的双手，认真注视着她。	ch2_046 | 基生 | 再也不会让你一个人待着了。	愛理、僕は……	draft	AI 批量翻译初稿，需人工校对角色口吻与专名。		a15977ea8ede01667a67d8c90987d1e0f48a74a75663b2d5d30267853405a717	707ba1c82dcdb9307ae9b809b15746a0585a5bda61f67b7ba74149f40b97fa8f
ch2_046	chapter2	第二章 · 约定与夕阳	S02		447	基生	dialogue	再也不会让你一个人待着了。	ch2_045 | 基生 | 爱理，我啊……	ch2_047 | 旁白 | 他向爱理发誓，不会再重演过去的错误。	もう二度と、君を一人にしない。	draft	AI 批量翻译初稿，需人工校对角色口吻与专名。		9ed3d014aa84de0386b290e3cbf326e6dec92022a55b746ae278a4cfc3889db2	707ba1c82dcdb9307ae9b809b15746a0585a5bda61f67b7ba74149f40b97fa8f
ch2_048	chapter2	第二章 · 约定与夕阳	S02		449	基生	dialogue	因为在我眼里，爱理你真的非常重要。	ch2_047 | 旁白 | 他向爱理发誓，不会再重演过去的错误。	ch2_049 | 旁白 | 爱理怔怔地看着他。	僕にとって、愛理は本当に大切だから。	draft	AI 批量翻译初稿，需人工校对角色口吻与专名。		323798ac0846241a1f7e33b5c4a26aa9294af11fc66c963116963d345e61d937	707ba1c82dcdb9307ae9b809b15746a0585a5bda61f67b7ba74149f40b97fa8f
ch2_051	chapter2	第二章 · 约定与夕阳	S02		452	基生	dialogue	所以……爱理你要是对我没有言语上的表示而感到不安的话，那么，我现在就传达给你。	ch2_050 | 旁白 | 基生以为她的不安，源于自己从未明确说出感情。于是，他决定不再逃避。	ch2_052 | 旁白 | 基生红着脸，准备完成告白。他深吸一口气。	だから……僕が言葉にしないことで愛理が不安になるなら、今、ちゃんと伝えるよ。	draft	AI 批量翻译初稿，需人工校对角色口吻与专名。		c1047ae278cabf235c11df30cb443f5d49ba0168b15b399e71f5cfc2b81b860e	707ba1c82dcdb9307ae9b809b15746a0585a5bda61f67b7ba74149f40b97fa8f
ch2_053	chapter2	第二章 · 约定与夕阳	S02		454	基生	dialogue	我也……对爱理你……	ch2_052 | 旁白 | 基生红着脸，准备完成告白。他深吸一口气。	ch2_054 | 基生 | 最喜——	僕も……愛理のことが……	draft	AI 批量翻译初稿，需人工校对角色口吻与专名。		19be8d12965be512387e320c9c51385fe4281337764c7efa5b04fee5b14defa2	707ba1c82dcdb9307ae9b809b15746a0585a5bda61f67b7ba74149f40b97fa8f
ch2_054	chapter2	第二章 · 约定与夕阳	S02		455	基生	dialogue	最喜——	ch2_053 | 基生 | 我也……对爱理你……	ch2_055 | 旁白 | 在他说出完整的话之前，爱理突然伸手，捂住了他的嘴。	大好——	draft	AI 批量翻译初稿，需人工校对角色口吻与专名。		c07f138257c7a68531a88f891af30cc26f9fab26fee33004c48e5c0975a6b689	707ba1c82dcdb9307ae9b809b15746a0585a5bda61f67b7ba74149f40b97fa8f
ch2_061	chapter2	第二章 · 约定与夕阳	S02		461	基生	dialogue	……好。我不说了。	ch2_n2_a | 旁白 | ……	ch2_062 | 旁白 | 爱理像是没料到他会这样回答，愣了愣，攥紧的手慢慢松开。	……分かった。もう言わない。	draft	AI 批量翻译初稿，需人工校对角色口吻与专名。		e4bca9a0443a3ef5068b17e46837aa40a83ac2e2fb80a4fbfd78c33b18e03c18	707ba1c82dcdb9307ae9b809b15746a0585a5bda61f67b7ba74149f40b97fa8f
ch2_066	chapter2	第二章 · 约定与夕阳	S02		466	基生	dialogue	为什么不能说？爱理。	ch2_n2_b | 旁白 | ……	ch2_067 | 旁白 | 爱理猛地抬头，眼中的恐惧一闪而过。	どうして言っちゃいけないんだ？ 愛理。	draft	AI 批量翻译初稿，需人工校对角色口吻与专名。		0fde887a9457456128f73b290d0abe82fac31c438e9216751c2b0931f4ba2923	707ba1c82dcdb9307ae9b809b15746a0585a5bda61f67b7ba74149f40b97fa8f
ch2_076	chapter2	第二章 · 约定与夕阳	S02		476	基生	dialogue	诶？爱……爱理？	ch2_075 | 旁白 | 基生对她一惊一乍的举动感到有些迷茫，迟疑地叫住她。	ch2_077 | 旁白 | 爱理羞红了脸，突然指向另一个方向。	え？ あ……愛理？	draft	AI 批量翻译初稿，需人工校对角色口吻与专名。		afb44175472dafbf609058956f96a9d8c5cf09cf77d3128983d437ba61be1702	707ba1c82dcdb9307ae9b809b15746a0585a5bda61f67b7ba74149f40b97fa8f
ch2_081	chapter2	第二章 · 约定与夕阳	S02		481	基生	dialogue	好快……	ch2_080 | 旁白 | 房间里已经没有了她的身影。	ch2_082 | 旁白 | 爱理刚才还身体不适，现在却转眼间消失。基生怔在原地，震惊于她的恢复速度——同时也想起昨夜那毫无征兆的昏倒。这一醒一逃之间，落差大得反常。	早いな……	draft	AI 批量翻译初稿，需人工校对角色口吻与专名。		47ece7588d07726fa46701c09dfa0750b6758aecbd9b4cd993e9a27012bb36a8	707ba1c82dcdb9307ae9b809b15746a0585a5bda61f67b7ba74149f40b97fa8f
ch2_085	chapter2	第二章 · 约定与夕阳	S02		485	基生	dialogue	……百合沢……	ch2_084 | 收件时间 | 20/08/01 18:42｜发件人：百合沢 爱理｜主题：｜正文：我出去一会儿就回来，不用担心我哦！	ch2_086 | 旁白 | 基生盯着那个名字，愣了一会儿。他这才意识到，自己其实一直只知道她叫“爱理”。	……百合沢……	draft	AI 批量翻译初稿，需人工校对角色口吻与专名。		d06a112e47134466dac429824b66da48ecd500834a0cc8ea15a6d33124682986	707ba1c82dcdb9307ae9b809b15746a0585a5bda61f67b7ba74149f40b97fa8f
ch2_090	chapter2	第二章 · 约定与夕阳	S03		490	基生	dialogue	江之岛……很久没来了啊。	ch2_089 | 旁白 | 阳光照在海面和街道上，两人背着随身物品，沿着通往岛上的道路前进。基生抬手挡住阳光，望着远处熟悉的景色。	ch2_091 | 基生 | 今天是个晴天，真不错呢。	江ノ島……久しぶりだな。	draft	AI 批量翻译初稿，需人工校对角色口吻与专名。		f908232550757a089724ee2a97355d3d6642e8784b07f103fd7262cfbbdca533	707ba1c82dcdb9307ae9b809b15746a0585a5bda61f67b7ba74149f40b97fa8f
ch2_091	chapter2	第二章 · 约定与夕阳	S03		491	基生	dialogue	今天是个晴天，真不错呢。	ch2_090 | 基生 | 江之岛……很久没来了啊。	ch2_092 | 旁白 | 爱理站在他的身边，轻声回应。	今日は晴れてよかったな。	draft	AI 批量翻译初稿，需人工校对角色口吻与专名。		d786d0878c9ec465ea4f5562196d4b9d561b05d1542edce446ee7fe1f94d1bf9	707ba1c82dcdb9307ae9b809b15746a0585a5bda61f67b7ba74149f40b97fa8f
ch2_098	chapter2	第二章 · 约定与夕阳	S03		498	基生	dialogue	走吧，爱理。	ch2_hand_after | 旁白 | 手心的温度，随着海风传了过来。	ch2_099 | 旁白 | 爱理看着他的手，脸颊微微泛红。	行こう、愛理。	draft	AI 批量翻译初稿，需人工校对角色口吻与专名。		b24c11dadf68bce48bc64382bb9fcd325ca15702fa85f2c517cfe3a1390c8cc4	707ba1c82dcdb9307ae9b809b15746a0585a5bda61f67b7ba74149f40b97fa8f
ch2_110	chapter2	第二章 · 约定与夕阳	S04		507	基生	dialogue	啊啊……好怀念啊。	ch2_109 | 旁白 | 基生也认出了这个地方。他望着熟悉的小路，露出怀念的神情。	ch2_111 | 基生 | 之前是高中的时候……6 月份来的吧。	ああ……懐かしいな。	draft	AI 批量翻译初稿，需人工校对角色口吻与专名。		5d12f82b4c6c0b96dd73b6bcb694dac55d702b678584cf36f3e71ae31da4275f	707ba1c82dcdb9307ae9b809b15746a0585a5bda61f67b7ba74149f40b97fa8f
ch2_111	chapter2	第二章 · 约定与夕阳	S04		508	基生	dialogue	之前是高中的时候……6 月份来的吧。	ch2_110 | 基生 | 啊啊……好怀念啊。	ch2_112 | 基生 | 紫阳花还大片大片地开着。	前に来たのは高校生の時……六月だったよな。	draft	AI 批量翻译初稿，需人工校对角色口吻与专名。		bfc2f2780bcfb1c74c8f83e93709ee0f953953e88e07c99ec63406b983890ee6	707ba1c82dcdb9307ae9b809b15746a0585a5bda61f67b7ba74149f40b97fa8f
ch2_112	chapter2	第二章 · 约定与夕阳	S04		509	基生	dialogue	紫阳花还大片大片地开着。	ch2_111 | 基生 | 之前是高中的时候……6 月份来的吧。	ch2_113 | 旁白 | 爱理伸手碰了碰眼前的紫阳花。现在已经进入八月，花期即将结束，只剩下一部分花朵仍然开放。	紫陽花が一面に咲いてた。	draft	AI 批量翻译初稿，需人工校对角色口吻与专名。		d0adbe73f419774b8e7aebf40f2016ba67d47dfd0457ba20a97bf2ad6acf85e3	707ba1c82dcdb9307ae9b809b15746a0585a5bda61f67b7ba74149f40b97fa8f
ch2_114	chapter2	第二章 · 约定与夕阳	S04		511	基生	dialogue	现在已经是八月份了呢—	ch2_113 | 旁白 | 爱理伸手碰了碰眼前的紫阳花。现在已经进入八月，花期即将结束，只剩下一部分花朵仍然开放。	ch2_115 | 基生 | 啊、还有一些呢。	今はもう八月だからな——	draft	AI 批量翻译初稿，需人工校对角色口吻与专名。		de35e76ef10123ad2bcb40340c85e6c1e90672d89ee890413de248e67894c85b	707ba1c82dcdb9307ae9b809b15746a0585a5bda61f67b7ba74149f40b97fa8f
ch2_115	chapter2	第二章 · 约定与夕阳	S04		512	基生	dialogue	啊、还有一些呢。	ch2_114 | 基生 | 现在已经是八月份了呢—	ch2_116 | 旁白 | 基生脑中浮现出高中时代拍下的照片。照片里的爱理站在同一个地方，面带笑容。	あ、まだ少し咲いてる。	draft	AI 批量翻译初稿，需人工校对角色口吻与专名。		a04f7c88963b543b4dc14c2a71b34c36bfe75de3e1e3585ad8c59f1af7196bf3	707ba1c82dcdb9307ae9b809b15746a0585a5bda61f67b7ba74149f40b97fa8f
ch2_121	chapter2	第二章 · 约定与夕阳	S04		516	基生	dialogue	……明年、再一起来吧。	ch2_120 | 旁白 | 基生看着“爱理”沉默片刻。他没有继续沉浸在旧日回忆中，而是看向此刻站在身旁的爱理，向她提出了一个关于未来的约定。	ch2_122 | 基生 | 明年 6 月份的时候。	……来年、また一緒に来よう。	draft	AI 批量翻译初稿，需人工校对角色口吻与专名。		95920b00452e39e52fd881cef1e80748c95f5fd970cde2c7c508bcc5d9fc9570	707ba1c82dcdb9307ae9b809b15746a0585a5bda61f67b7ba74149f40b97fa8f
ch2_122	chapter2	第二章 · 约定与夕阳	S04		517	基生	dialogue	明年 6 月份的时候。	ch2_121 | 基生 | ……明年、再一起来吧。	ch2_123 | 旁白 | 爱理微微一怔。	来年の六月に。	draft	AI 批量翻译初稿，需人工校对角色口吻与专名。		ab1cee92d01760f9c835c262c3334920229095311ef0ef3e4f4a3aca88f252be	707ba1c82dcdb9307ae9b809b15746a0585a5bda61f67b7ba74149f40b97fa8f
ch2_138	chapter2	第二章 · 约定与夕阳	S05		533	基生	dialogue	怎么了，忽然这么说……	ch2_137 | 旁白 | 基生对这场突然的告白有些意外。	ch2_139 | 旁白 | 爱理没有收回自己的话。她抿着唇，倔强地看着他。	どうしたんだ、急にそんなこと言って……	draft	AI 批量翻译初稿，需人工校对角色口吻与专名。		afe62328f2af9bb396414c55f5ecaa7a4e6f9fb41c8da83f574516224f7ada88	707ba1c82dcdb9307ae9b809b15746a0585a5bda61f67b7ba74149f40b97fa8f
ch2_142	chapter2	第二章 · 约定与夕阳	S05		537	基生	dialogue	我也想和爱理一直在一起。	ch2_141 | 旁白 | 基生看着她，随后露出温柔的笑容，给予了明确的回应。	ch2_143 | 旁白 | 听到基生的回答，爱理闭上眼睛，露出了幸福的笑容。	僕も、ずっと愛理と一緒にいたい。	draft	AI 批量翻译初稿，需人工校对角色口吻与专名。		5d0281a237576eacb09061837ebd8ab5295638d63f3e5555321a8f6d8ab79417	707ba1c82dcdb9307ae9b809b15746a0585a5bda61f67b7ba74149f40b97fa8f
ch2_146	chapter2	第二章 · 约定与夕阳	S06		541	基生	dialogue	这里是最后一站了……差不多该回去了吧？	ch2_145 | 旁白 | 基生和爱理走到江之岛行程的最后一站。天色已经开始变化，基生原本准备带她回去。	ch2_147 | 旁白 | 爱理看向远处的海面，轻轻应了一声。	ここで最後だ……そろそろ帰ろうか？	draft	AI 批量翻译初稿，需人工校对角色口吻与专名。		99c2e4560a324f40ad8814fb629d58c9df076d0e30fefd9320567cff101f2edf	707ba1c82dcdb9307ae9b809b15746a0585a5bda61f67b7ba74149f40b97fa8f
ch2_151	chapter2	第二章 · 约定与夕阳	S06		546	基生	dialogue	……对了！	ch2_150 | 旁白 | 基生忽然想起昨天查到的资料。从这里能够看到很漂亮的夕阳。既然今天是约会，他不想就这样结束，于是叫住了她。	ch2_152 | 基生 | ……这里、可以看到很漂亮的夕阳呢。	……そうだ！	draft	AI 批量翻译初稿，需人工校对角色口吻与专名。		6a269f8144931cdb5a979163d23ad4ad150b5cc6bf12deee15cb018dc1830226	707ba1c82dcdb9307ae9b809b15746a0585a5bda61f67b7ba74149f40b97fa8f
ch2_152	chapter2	第二章 · 约定与夕阳	S06		547	基生	dialogue	……这里、可以看到很漂亮的夕阳呢。	ch2_151 | 基生 | ……对了！	ch2_153 | 基生 | 我昨天、调查过了。怎么说、也是约会……	……ここ、すごくきれいな夕日が見えるんだ。	draft	AI 批量翻译初稿，需人工校对角色口吻与专名。		34e5ac17ef341e718c3048f3a2fb2d8a72d795784b68001aacce7ad46a33230f	707ba1c82dcdb9307ae9b809b15746a0585a5bda61f67b7ba74149f40b97fa8f
ch2_153	chapter2	第二章 · 约定与夕阳	S06		548	基生	dialogue	我昨天、调查过了。怎么说、也是约会……	ch2_152 | 基生 | ……这里、可以看到很漂亮的夕阳呢。	ch2_154 | 基生 | 所以……	昨日、調べたんだ。いちおう、デートだから……	draft	AI 批量翻译初稿，需人工校对角色口吻与专名。		d8afa3562aa84b9444d91b833cda80bc2a5b9949331145180398b7ffee8236b1	707ba1c82dcdb9307ae9b809b15746a0585a5bda61f67b7ba74149f40b97fa8f
ch2_154	chapter2	第二章 · 约定与夕阳	S06		549	基生	dialogue	所以……	ch2_153 | 基生 | 我昨天、调查过了。怎么说、也是约会……	ch2_155 | 旁白 | 基生有些不好意思地摸着脸，试探着向她发出邀请。	だから……	draft	AI 批量翻译初稿，需人工校对角色口吻与专名。		a536bc138703ea7c7eded5920411b749a568e271cc12fb1f4812560dd4a30d40	707ba1c82dcdb9307ae9b809b15746a0585a5bda61f67b7ba74149f40b97fa8f
ch2_156	chapter2	第二章 · 约定与夕阳	S06		551	基生	dialogue	还有一些时间……要一起看夕阳吗？	ch2_155 | 旁白 | 基生有些不好意思地摸着脸，试探着向她发出邀请。	ch2_157 | 旁白 | 爱理睁大眼睛，随即露出笑容。	まだ少し時間があるし……一緒に夕日を見ないか？	draft	AI 批量翻译初稿，需人工校对角色口吻与专名。		205cebac55de6b0aa657781b7529273ab233f7b2dcf5ec253a835280afdc6704	707ba1c82dcdb9307ae9b809b15746a0585a5bda61f67b7ba74149f40b97fa8f
ch2_161	chapter2	第二章 · 约定与夕阳	S06		556	基生	dialogue	……嗯、那么我们在这里等一会儿吧。	ch2_160 | 旁白 | 基生决定和她留在海边，等待太阳落下。	ch2_162 | “爱理” | 嗯！	……うん、じゃあここで少し待とう。	draft	AI 批量翻译初稿，需人工校对角色口吻与专名。		313506acf7d6b093f992fd496ff70d78d89c733795887d84ac63f2d47aafdaf9	707ba1c82dcdb9307ae9b809b15746a0585a5bda61f67b7ba74149f40b97fa8f
ch2_165	chapter2	第二章 · 约定与夕阳	S07		560	基生	dialogue	那么、我——	ch2_164 | 旁白 | 等待期间，基生想去附近买些饮料。	ch2_166 | 基生 | 去买点喝的吧。爱理你想喝什么呢？	じゃあ、僕は——	draft	AI 批量翻译初稿，需人工校对角色口吻与专名。		5587a827ecf008067f4cef79011eb39483efccd17854265c4e2c453d76dbbd3b	707ba1c82dcdb9307ae9b809b15746a0585a5bda61f67b7ba74149f40b97fa8f
ch2_166	chapter2	第二章 · 约定与夕阳	S07		561	基生	dialogue	去买点喝的吧。爱理你想喝什么呢？	ch2_165 | 基生 | 那么、我——	ch2_167 | 旁白 | 爱理摇头拒绝。	飲み物を買ってくるよ。愛理は何が飲みたい？	draft	AI 批量翻译初稿，需人工校对角色口吻与专名。		a85ace672e0b544d258da50106f8da7236c4f7d8ca92f45ebbbfc6f061a131a6	707ba1c82dcdb9307ae9b809b15746a0585a5bda61f67b7ba74149f40b97fa8f
ch2_buy	chapter2	第二章 · 约定与夕阳	S07		564	基生	dialogue	知道了。那么稍等我一下。	ch2_168 | “爱理” | 啊，我就不用了！	ch2_171 | 基生 | 知道了。那么稍等我一下。	分かった。じゃあ少し待ってて。	draft	AI 批量翻译初稿，需人工校对角色口吻与专名。		46010cc89c076e3b3a738ce88e1e5d11746415919c0ed41e193ca9ea52a693b8	707ba1c82dcdb9307ae9b809b15746a0585a5bda61f67b7ba74149f40b97fa8f
ch2_171	chapter2	第二章 · 约定与夕阳	S07		565	基生	dialogue	知道了。那么稍等我一下。	ch2_buy | 基生 | 知道了。那么稍等我一下。	ch2_172 | 旁白 | 她随即站起来，表示想和基生一起走。	分かった。じゃあ少し待ってて。	draft	AI 批量翻译初稿，需人工校对角色口吻与专名。		46010cc89c076e3b3a738ce88e1e5d11746415919c0ed41e193ca9ea52a693b8	707ba1c82dcdb9307ae9b809b15746a0585a5bda61f67b7ba74149f40b97fa8f
ch2_175	chapter2	第二章 · 约定与夕阳	S07		569	基生	dialogue	不用了不用了。因为还要爬楼梯，很累的。	ch2_174 | 旁白 | 通往商店还要爬很长的楼梯。基生不想让她跟着受累，便让她留在原地等自己。	ch2_176 | 旁白 | 爱理迟疑了一下，最后还是答应了。	いいよ、いいよ。このあと階段も上るし、疲れるだろ。	draft	AI 批量翻译初稿，需人工校对角色口吻与专名。		2f0889cd74e8b5bbc3bf49006b643bbe795a7de99d9467f7239594d4c8c5f295	707ba1c82dcdb9307ae9b809b15746a0585a5bda61f67b7ba74149f40b97fa8f
ch2_178	chapter2	第二章 · 约定与夕阳	S07		572	基生	dialogue	嗯。	ch2_177 | “爱理” | 是、是吗？那……嗯、我等你回来哦。	ch2_179 | 旁白 | 临走前，基生看着她身后的海面，还是有些不放心。	うん。	draft	AI 批量翻译初稿，需人工校对角色口吻与专名。		c864cd5144b01f5b52a56ee09d15f2837e749ef24b13c83de952b8bb39226fef	707ba1c82dcdb9307ae9b809b15746a0585a5bda61f67b7ba74149f40b97fa8f
ch2_180	chapter2	第二章 · 约定与夕阳	S07		574	基生	dialogue	……不会掉进海里去的吧？	ch2_179 | 旁白 | 临走前，基生看着她身后的海面，还是有些不放心。	ch2_181 | 旁白 | 爱理马上大声反驳。	……海に落ちたりしないよな？	draft	AI 批量翻译初稿，需人工校对角色口吻与专名。		73ac043b91bd2e5d34869c64a33f3029ba66d2d26780860feb9dbe6cc9b90e30	707ba1c82dcdb9307ae9b809b15746a0585a5bda61f67b7ba74149f40b97fa8f
ch2_214	chapter2	第二章 · 约定与夕阳	S07		588	基生	dialogue	不好意思，请给我来一个。	ch2_212 | 旁白 | 路过冰淇淋店时，他停了下来。他想起爱理在便利店里看到冰淇淋时兴奋的模样，于是走到柜台前。	ch2_215 | 旁白 | 店员把冰淇淋递给他。	すみません、一つください。	draft	AI 批量翻译初稿，需人工校对角色口吻与专名。		288718618dd509aec15024d3fcb6d738d7828cab78a925160f8bda692e4be423	707ba1c82dcdb9307ae9b809b15746a0585a5bda61f67b7ba74149f40b97fa8f
ch2_221	chapter2	第二章 · 约定与夕阳	S07-E		593	基生	dialogue	……不去买了。	ch2_218 | 旁白 | 基生看了看远处那条通往商店街的长楼梯，又看了看身边的爱理——她正望着海面，侧脸被落日前的暖光描出一圈细细的边。	ch2_222 | 基生 | 就这样，陪你等夕阳吧。	……買いに行くのはやめる。	draft	AI 批量翻译初稿，需人工校对角色口吻与专名。		0157140c68910d9e7b5ba874ccc734c77ca5b599b56323225e1ba208e5e0e174	707ba1c82dcdb9307ae9b809b15746a0585a5bda61f67b7ba74149f40b97fa8f
ch2_222	chapter2	第二章 · 约定与夕阳	S07-E		594	基生	dialogue	就这样，陪你等夕阳吧。	ch2_221 | 基生 | ……不去买了。	ch2_223 | 旁白 | 爱理惊讶地转过头来。	このまま、君と一緒に夕日を待つよ。	draft	AI 批量翻译初稿，需人工校对角色口吻与专名。		f315f825ee246b6a9cdac129fba7899ff57c54a2d4da61645345d734caf9a2fc	707ba1c82dcdb9307ae9b809b15746a0585a5bda61f67b7ba74149f40b97fa8f
ch2_225	chapter2	第二章 · 约定与夕阳	S07-E		597	基生	dialogue	嗯。人这么多，万一我走开的时候，你被奇怪的人搭话了怎么办。	ch2_224 | “爱理” | 诶……？不去了吗？	ch2_226 | “爱理” | 才、才不会有人搭话啦！	うん。こんなに人が多いし、僕が離れてる間に変な人に声をかけられたら困るから。	draft	AI 批量翻译初稿，需人工校对角色口吻与专名。		e01f513d203150cc5c9095e6330f14bced4889ddbca28ff48d6ca2f6bb57ea50	707ba1c82dcdb9307ae9b809b15746a0585a5bda61f67b7ba74149f40b97fa8f
ch2_232	chapter2	第二章 · 约定与夕阳	S07-E		604	基生	dialogue	你还记到现在啊。	ch2_231 | “爱理” | 那时候的可丽饼，明明那么难吃……	ch2_233 | “爱理” | 因为是和基生一起吃的嘛。	今でも覚えてるんだな。	draft	AI 批量翻译初稿，需人工校对角色口吻与专名。		339246c91ccd7260dd1ed1d976c0a6878a803aaa1d256f3aaa8efddde8831e82	707ba1c82dcdb9307ae9b809b15746a0585a5bda61f67b7ba74149f40b97fa8f
ch2_238	chapter2	第二章 · 约定与夕阳	S07-E		610	基生	dialogue	会一直的。	ch2_237 | “爱理” | 这样的傍晚……要是能一直、一直继续下去，就好了。	ch2_239 | 基生 | 明年、后年……我们都再来。	ずっと一緒だ。	draft	AI 批量翻译初稿，需人工校对角色口吻与专名。		039723a737deb2770050d70aac9906994c190e0dfe5be53fbaacecc683741e6e	707ba1c82dcdb9307ae9b809b15746a0585a5bda61f67b7ba74149f40b97fa8f
ch2_239	chapter2	第二章 · 约定与夕阳	S07-E		611	基生	dialogue	明年、后年……我们都再来。	ch2_238 | 基生 | 会一直的。	ch2_240 | 旁白 | 爱理没有回答，只是笑了一下，把头轻轻靠在了基生的肩上。	来年も、その次の年も……また一緒に来よう。	draft	AI 批量翻译初稿，需人工校对角色口吻与专名。		09c2464450982a7640987b2d2cf41dd8e533e2e5f30ddb8d1431e8ede1751f40	707ba1c82dcdb9307ae9b809b15746a0585a5bda61f67b7ba74149f40b97fa8f
ch2_249	chapter2	第二章 · 约定与夕阳	S08		622	基生	dialogue	爱理……？	ch2_248 | 旁白 | 基生握着冰淇淋，僵在原地。	ch2_250 | 旁白 | 长发女性同样注视着基生。她的神情显得惊讶，似乎正在辨认他的身份。	愛理……？	draft	AI 批量翻译初稿，需人工校对角色口吻与专名。		8cf611846efb8e9a2908e6474a71f36946688e0d75536c0688adc8ed8e20e334	707ba1c82dcdb9307ae9b809b15746a0585a5bda61f67b7ba74149f40b97fa8f
ch3_025	chapter3	第三章 · 过去与现在	S01		649	基生	dialogue	我……和……？	ch3_024 | 旁白 | 基生怔怔地看向爱理和她身后的夕阳，看向大海与天际线，看向这真实又模糊的一切。记忆的错乱感让他的大脑像一片空白般的麻木，仿佛这里只有他才是那个不该出现的人，一切都在像黑洞般吞噬着他的意识。	ch3_032 | 旁白 | 爱理握着自己的衣襟，小心地唤他。	僕……と……？	draft	AI 批量翻译初稿，需人工校对角色口吻与专名。		9427e0480aa7cdf82a1ac88c93f9abe3b4c93fbf142aca5c72f1c70d57c44676	707ba1c82dcdb9307ae9b809b15746a0585a5bda61f67b7ba74149f40b97fa8f
ch3_040	chapter3	第三章 · 过去与现在	S01		657	基生	dialogue	啊……	ch3_039 | 旁白 | 基生额角不断冒汗，反应迟钝，连一句完整的话都说不出来。	ch3_041 | 基生 | 啊，哦哦。	あ……	draft	AI 批量翻译初稿，需人工校对角色口吻与专名。		90ef874200e81f874baea5447d400a14a45d4a7332d25228791089fdc71e4d1a	707ba1c82dcdb9307ae9b809b15746a0585a5bda61f67b7ba74149f40b97fa8f
ch3_041	chapter3	第三章 · 过去与现在	S01		658	基生	dialogue	啊，哦哦。	ch3_040 | 基生 | 啊……	ch3_042 | 基生 | 没关系……哈哈……	あ、ああ。	draft	AI 批量翻译初稿，需人工校对角色口吻与专名。		62f6e1ef489fc8e367acfa993a6e0945146ac512d57bac21165746630b231b8b	707ba1c82dcdb9307ae9b809b15746a0585a5bda61f67b7ba74149f40b97fa8f
ch3_042	chapter3	第三章 · 过去与现在	S01		659	基生	dialogue	没关系……哈哈……	ch3_041 | 基生 | 啊，哦哦。	ch3_043 | 旁白 | 基生感到口干舌燥，双眼发昏。眼前发生的一切，都远远超出了他的理解范围。	大丈夫……はは……	draft	AI 批量翻译初稿，需人工校对角色口吻与专名。		6fd70f9381c9e6f46a3fa6d76b5919bee982285eedc7255f4d52268c370277c3	707ba1c82dcdb9307ae9b809b15746a0585a5bda61f67b7ba74149f40b97fa8f
ch3_057	chapter3	第三章 · 过去与现在	S01		667	基生	dialogue	啊。	ch3_056 | 旁白 | 基生只能机械地点头。	ch3_058 | 基生 | 嗯。	あ。	draft	AI 批量翻译初稿，需人工校对角色口吻与专名。		f67692697c182192989f013ba90fb4e82d8efa2ca43a2db53dd22c2aee1de637	707ba1c82dcdb9307ae9b809b15746a0585a5bda61f67b7ba74149f40b97fa8f
ch3_058	chapter3	第三章 · 过去与现在	S01		668	基生	dialogue	嗯。	ch3_057 | 基生 | 啊。	ch3_059 | 基生 | 啊……嗯嗯。	うん。	draft	AI 批量翻译初稿，需人工校对角色口吻与专名。		04b77a303fb5b9b4406394652e4699d9e6459020ef192564739d7c37f5aa8b9b	707ba1c82dcdb9307ae9b809b15746a0585a5bda61f67b7ba74149f40b97fa8f
ch3_059	chapter3	第三章 · 过去与现在	S01		669	基生	dialogue	啊……嗯嗯。	ch3_058 | 基生 | 嗯。	ch3_063 | 旁白 | 两人来到海边的石阶坐下。基生把背包放在一旁，与爱理隔着一小段距离，共同望向被晚霞染红的海面。海风吹过，周围安静下来，气氛却比刚才更加沉重。	あ……うん。	draft	AI 批量翻译初稿，需人工校对角色口吻与专名。		457983299868943157b385c30254ed8a46c5c9606a8c9dab6ce8aa8afa178771	707ba1c82dcdb9307ae9b809b15746a0585a5bda61f67b7ba74149f40b97fa8f
ch3_079	chapter3	第三章 · 过去与现在	S01		682	基生	dialogue	虚……虚构的爱理……到底是什么意思……	ch3_078 | 旁白 | 晚霞铺满海面，基生与爱理并排坐在岸边。听见爱理将十年前陪伴自己的少女称为“虚构的爱理”，基生满脸冷汗，震惊地转头看她，无法理解这句话。	ch3_080 | 旁白 | 爱理望着基生错愕的脸，闭上眼睛，露出略显为难的微笑。	架空の……愛理……って、どういう意味だ……	draft	AI 批量翻译初稿，需人工校对角色口吻与专名。		7833fc407f15483976fa6fb3e8e46fa448d5f197ba69c31499450a17b5edcd46	707ba1c82dcdb9307ae9b809b15746a0585a5bda61f67b7ba74149f40b97fa8f
ch3_082	chapter3	第三章 · 过去与现在	S01		685	基生	dialogue	……诶？	ch3_081 | 爱理 | 虚构的……这样说，其实是有些夸大了。	ch3_083 | 旁白 | 爱理目光略微低垂，将手轻轻攥在下巴前，开始解释自己高中毕业后突然消失的原因。	……え？	draft	AI 批量翻译初稿，需人工校对角色口吻与专名。		045c3a3d3d2c04737ea062eb90f9e0e4620c05b5a195c756c6e46025ac5a6011	707ba1c82dcdb9307ae9b809b15746a0585a5bda61f67b7ba74149f40b97fa8f
ch3_089	chapter3	第三章 · 过去与现在	S01		692	基生	dialogue	愁眉苦脸……究竟是怎么一回事？	ch3_088 | 旁白 | 基生望着她，神情越发茫然。在他的记忆中，学生时代的爱理总是笑得十分灿烂，从来没有显露过痛苦。	ch3_090 | 旁白 | 基生脑海里浮现出高中时爱理甜美的笑容，想着——	浮かない顔って……どういうことだ？	draft	AI 批量翻译初稿，需人工校对角色口吻与专名。		310d3cb62d4448275dfc440a084af9298bc487f36d1e8bfe79fd4c1a8c376e05	707ba1c82dcdb9307ae9b809b15746a0585a5bda61f67b7ba74149f40b97fa8f
ch3_129	chapter3	第三章 · 过去与现在	S01		733	基生	dialogue	爱理……	ch3_128 | 旁白 | 基生看着她，嘴唇微微张开。他想叫住爱理，也想说出自己的感受，却只能断断续续地发出声音。	ch3_130 | 基生 | 我……	愛理……	draft	AI 批量翻译初稿，需人工校对角色口吻与专名。		4d438f50d4c54ffa879c6a7254974c9a6851cf7f2822b297fcd54a2ccb8ae617	707ba1c82dcdb9307ae9b809b15746a0585a5bda61f67b7ba74149f40b97fa8f
ch3_130	chapter3	第三章 · 过去与现在	S01		734	基生	dialogue	我……	ch3_129 | 基生 | 爱理……	ch3_131 | 旁白 | 爱理忽然想起另一件事，神情变得轻松起来。	僕は……	draft	AI 批量翻译初稿，需人工校对角色口吻与专名。		72323c72ef6fd6b1c4f5ff3d76e72c641f8be56d1ca37de7b7ec1086524cb7af	707ba1c82dcdb9307ae9b809b15746a0585a5bda61f67b7ba74149f40b97fa8f
ch3_135	chapter3	第三章 · 过去与现在	S01		739	基生	dialogue	！	ch3_134 | 旁白 | 基生猛然睁大眼睛，脸颊再次冒出冷汗。	ch3_136 | 旁白 | 爱理有些羞涩地笑着，感慨道。	！	draft	AI 批量翻译初稿，需人工校对角色口吻与专名。		615c46cf64a53d4431c0c9608ca993eec66b7c48f419e5d6160a8ca933216c8d	707ba1c82dcdb9307ae9b809b15746a0585a5bda61f67b7ba74149f40b97fa8f
ch3_148	chapter3	第三章 · 过去与现在	S01		752	基生	dialogue	啊……	ch3_147 | 爱理 | 能好好地和你说说话，真是太好了。	ch3_149 | 爱理 | 那么……	あ……	draft	AI 批量翻译初稿，需人工校对角色口吻与专名。		90ef874200e81f874baea5447d400a14a45d4a7332d25228791089fdc71e4d1a	707ba1c82dcdb9307ae9b809b15746a0585a5bda61f67b7ba74149f40b97fa8f
ch3_159	chapter3	第三章 · 过去与现在	S02		762	基生	dialogue	你好，我是成田。	ch3_157 | 旁白 | “再见了，基生君”	ch3_160 | 主管 | 成田君！对不起啊，在你休息的时候还打扰你。	もしもし、成田です。	draft	AI 批量翻译初稿，需人工校对角色口吻与专名。		f701da88c43f07aa89e19bb0bcab6f044b56efd0c210ae4c179935a0a73f36aa	707ba1c82dcdb9307ae9b809b15746a0585a5bda61f67b7ba74149f40b97fa8f
ch3_161	chapter3	第三章 · 过去与现在	S02		764	基生	dialogue	不……没关系的。	ch3_160 | 主管 | 成田君！对不起啊，在你休息的时候还打扰你。	ch3_162 | 主管 | 其实今天要上班的那个孩子忽然身体不舒服，所以没办法来了。	いえ……大丈夫です。	draft	AI 批量翻译初稿，需人工校对角色口吻与专名。		de635d3a43c155dfd4c2d858184a53adbcc2d6006fcc88fea5cea40fa524c9cd	707ba1c82dcdb9307ae9b809b15746a0585a5bda61f67b7ba74149f40b97fa8f
ch3_164	chapter3	第三章 · 过去与现在	S02		767	基生	dialogue	啊……可以啊。我去。	ch3_163 | 主管 | 所以想问一下，成田君你能不能来救个急……	ch3_165 | 主管 | 真的吗！？太谢谢你了！让你连续着工作两天，真是不好意思。	あ……いいですよ。行きます。	draft	AI 批量翻译初稿，需人工校对角色口吻与专名。		f1fc3790657231d44d6b01839e07c1fd4a57fa07ec2154dde197c5c43c129a9d	707ba1c82dcdb9307ae9b809b15746a0585a5bda61f67b7ba74149f40b97fa8f
ch3_166	chapter3	第三章 · 过去与现在	S02		769	基生	dialogue	没什么……	ch3_165 | 主管 | 真的吗！？太谢谢你了！让你连续着工作两天，真是不好意思。	ch3_167 | 基生 | 那个……我该什么时候去呢？	何でもないです……	draft	AI 批量翻译初稿，需人工校对角色口吻与专名。		bbd11f77ce1dd42a27fcff495af3a67afdffe2ec7c6f097ab24d69f96cf2e4a7	707ba1c82dcdb9307ae9b809b15746a0585a5bda61f67b7ba74149f40b97fa8f
ch3_167	chapter3	第三章 · 过去与现在	S02		770	基生	dialogue	那个……我该什么时候去呢？	ch3_166 | 基生 | 没什么……	ch3_168 | 主管 | 那你就来上 B 班吧——	あの……いつ伺えばいいですか？	draft	AI 批量翻译初稿，需人工校对角色口吻与专名。		6355591f6597c50605b2b3f8ff2dbb3ed6d93c7e01efb2041d726105b784846f	707ba1c82dcdb9307ae9b809b15746a0585a5bda61f67b7ba74149f40b97fa8f
ch3_174	chapter3	第三章 · 过去与现在	S02		776	基生	dialogue	……算了，不充了……差不多也该把它丢掉了……	ch3_173 | 旁白 | 他低头看着手里的旧手机，随后把手机放到一旁，开始脱下衣服准备休息。	ch3_175 | ？ | 基生——！	……もういい、充電しなくて……そろそろ捨てないとな……	draft	AI 批量翻译初稿，需人工校对角色口吻与专名。		174d2b46140a3fd7b493ca0c515c1c1ed9c3f81ce6516f33b2f593331ddaa768	707ba1c82dcdb9307ae9b809b15746a0585a5bda61f67b7ba74149f40b97fa8f
ch3_177	chapter3	第三章 · 过去与现在	S02		779	基生	dialogue	!!	ch3_176 | 旁白 | 基生猛地抬头，可床边并没有人。房间里只有床铺、窗帘和昏暗的室内环境。他的眼神中流露出惊讶与疑惑。	ch3_178 | 基生 | ……所以说……那个只是幻想而已……	！！	draft	AI 批量翻译初稿，需人工校对角色口吻与专名。		21652b9204718a2236396e9582db17f54503f0a3822111b39988c62f95e6b907	707ba1c82dcdb9307ae9b809b15746a0585a5bda61f67b7ba74149f40b97fa8f
ch3_178	chapter3	第三章 · 过去与现在	S02		780	基生	dialogue	……所以说……那个只是幻想而已……	ch3_177 | 基生 | !!	ch3_179 | 旁白 | 他转身走向房门，准备离开房间。	……だから……あれはただの幻だったんだ……	draft	AI 批量翻译初稿，需人工校对角色口吻与专名。		3ae4a8d27e4af232ffbf8765c701b4d843b8c597e006c62a7d90bb1000430f72	707ba1c82dcdb9307ae9b809b15746a0585a5bda61f67b7ba74149f40b97fa8f
ch3_180	chapter3	第三章 · 过去与现在	S02		782	基生	dialogue	那种事情还是快点忘了吧……	ch3_179 | 旁白 | 他转身走向房门，准备离开房间。	ch3_s03 | 旁白 | 深夜的邀约 —— “没有手机的成田先生”	そんなこと、早く忘れたほうがいい……	draft	AI 批量翻译初稿，需人工校对角色口吻与专名。		7f59716eb5cd5dc84eef394ad5828ef3a64051efe57127353b76fe6c6965a491	707ba1c82dcdb9307ae9b809b15746a0585a5bda61f67b7ba74149f40b97fa8f
ch3_185	chapter3	第三章 · 过去与现在	S03		786	基生	dialogue	啊……我……就算了吧……	ch3_184 | 日日谷 | 成田先——生，明天晚上打工结束之后，大家要一起去喝酒，你要一起来吗？	ch3_186 | 日日谷 | 诶——！一起来嘛！也顺便欢迎成田先生回归工作嘛！	あ……僕は……やめておきます……	draft	AI 批量翻译初稿，需人工校对角色口吻与专名。		07fe6512ea58eef63119184e5ca4bbec206f8c6846408cf3d963beebd666ac2e	707ba1c82dcdb9307ae9b809b15746a0585a5bda61f67b7ba74149f40b97fa8f
ch3_187	chapter3	第三章 · 过去与现在	S03		788	基生	dialogue	……真的对不起……我喝不了酒……	ch3_186 | 日日谷 | 诶——！一起来嘛！也顺便欢迎成田先生回归工作嘛！	ch3_188 | 日日谷 | 哦对了，把你的 LINE 账号告诉我吧！一直想要加你，都没有机会。	……本当にすみません……僕、お酒は飲めなくて……	draft	AI 批量翻译初稿，需人工校对角色口吻与专名。		9500a2abfd8a903fdcdcdc0733140e2a42cb381fdc3c34a59e878cb4049f5363	707ba1c82dcdb9307ae9b809b15746a0585a5bda61f67b7ba74149f40b97fa8f
ch3_190	chapter3	第三章 · 过去与现在	S03		791	基生	dialogue	啊……那个，我的手机……	ch3_189 | 旁白 | 基生额头冒出冷汗。	ch3_191 | 日日谷 | 诶！难道你没有手机吗！？	あ……あの、僕の携帯が……	draft	AI 批量翻译初稿，需人工校对角色口吻与专名。		d23543ef86b5b85e1608aa7c1440471d813708956aca1946cd42da15184a8fc5	707ba1c82dcdb9307ae9b809b15746a0585a5bda61f67b7ba74149f40b97fa8f
ch3_192	chapter3	第三章 · 过去与现在	S03		793	基生	dialogue	也不是没有……	ch3_191 | 日日谷 | 诶！难道你没有手机吗！？	ch3_193 | 旁白 | 基生沉默片刻，想了想，然后改口道——	ないわけじゃないですけど……	draft	AI 批量翻译初稿，需人工校对角色口吻与专名。		0e9e47faca954afd77743b0a6f764a24a9f6b57d63bb53d2ceb163d3cb5c3dda	707ba1c82dcdb9307ae9b809b15746a0585a5bda61f67b7ba74149f40b97fa8f
ch3_198	chapter3	第三章 · 过去与现在	S03		798	基生	dialogue	才不是——了。为什么会这么想……？	ch3_197 | 日日谷 | 你是在体会归隐的那种感觉吗！？你是归隐派吗！？	ch3_199 | 日日谷 | 那你决定要买什么样的了吗？	違いますよ。どうしてそう思うんですか……？	draft	AI 批量翻译初稿，需人工校对角色口吻与专名。		08d9dd11dd3431d04d1c513b1cf744da4a782c4d8cf8926845ba5bd57979ff42	707ba1c82dcdb9307ae9b809b15746a0585a5bda61f67b7ba74149f40b97fa8f
ch3_200	chapter3	第三章 · 过去与现在	S03		800	基生	dialogue	没、还没决定……不如说我对手机根本一窍不通……有什么样的型号我也不知道……	ch3_199 | 日日谷 | 那你决定要买什么样的了吗？	ch3_201 | 旁白 | 日日谷小姐听完后，脸上露出兴奋的笑容。	まだ、決めてません……というか、携帯のことは全然分からなくて……どんな機種があるのかも知らないんです……	draft	AI 批量翻译初稿，需人工校对角色口吻与专名。		a2df32d4f5de744b48796a6610edd646b6cf74cc2fc2773eab3656f6f997ee80	707ba1c82dcdb9307ae9b809b15746a0585a5bda61f67b7ba74149f40b97fa8f
ch3_204	chapter3	第三章 · 过去与现在	S03		804	基生	dialogue	啊……那真是感谢。	ch3_203 | 日日谷 | 既然成田君对手机一窍不通……那我就陪你一起去买手机吧！	ch3_205 | 旁白 | 日日谷似乎很惊讶。	あ……それは、ありがとうございます。	draft	AI 批量翻译初稿，需人工校对角色口吻与专名。		9951cdf2c77f9e700fa87f2538862e1a201885839a4c383462b4c08ea7b5a35f	707ba1c82dcdb9307ae9b809b15746a0585a5bda61f67b7ba74149f40b97fa8f
ch3_208	chapter3	第三章 · 过去与现在	S03		808	基生	dialogue	对不起，我刚才是不是说了什么奇怪的话……	ch3_207 | 旁白 | 基生以为自己说了什么奇怪的话，小声地道歉。	ch3_209 | 日日谷 | 啊，你真的同意了？	すみません、僕、さっき何か変なことを言いましたか……	draft	AI 批量翻译初稿，需人工校对角色口吻与专名。		3c83022a40a687f058c4edab98deeb26d297363ae5a13bc40986247d809931de	707ba1c82dcdb9307ae9b809b15746a0585a5bda61f67b7ba74149f40b97fa8f
ch3_218	chapter3	第三章 · 过去与现在	S04		818	基生	dialogue	哇啊！	ch3_217 | 旁白 | 基生突然惊醒，身体猛地坐起。	ch3_219 | 旁白 | 他慌张地摸着自己的衣服和身体。	うわっ！	draft	AI 批量翻译初稿，需人工校对角色口吻与专名。		730afc30d00bbb040f3ba14f914e4abdf38c8ec4644875ae5be1f96ae0cacac6	707ba1c82dcdb9307ae9b809b15746a0585a5bda61f67b7ba74149f40b97fa8f
ch3_220	chapter3	第三章 · 过去与现在	S04		820	基生	dialogue	虫子吗……!?	ch3_219 | 旁白 | 他慌张地摸着自己的衣服和身体。	ch3_221 | 基生 | 刚才是怎么回事……！	虫か……！？	draft	AI 批量翻译初稿，需人工校对角色口吻与专名。		6b4f9e0fa5c3d10aae7cfc17a91ce46e4ce7aab99cae6fc48049128d62017a64	707ba1c82dcdb9307ae9b809b15746a0585a5bda61f67b7ba74149f40b97fa8f
ch3_221	chapter3	第三章 · 过去与现在	S04		821	基生	dialogue	刚才是怎么回事……！	ch3_220 | 基生 | 虫子吗……!?	ch3_222 | 旁白 | 基生看了看，却什么都没有发现，神情烦躁又不适。	今のは何だったんだ……！	draft	AI 批量翻译初稿，需人工校对角色口吻与专名。		3b133878f43dd8232f9c3909b4a98a2bf221606f799416e8f0deefb6cc9b7200	707ba1c82dcdb9307ae9b809b15746a0585a5bda61f67b7ba74149f40b97fa8f
ch3_223	chapter3	第三章 · 过去与现在	S04		823	基生	dialogue	哈……	ch3_222 | 旁白 | 基生看了看，却什么都没有发现，神情烦躁又不适。	ch3_224 | 基生 | 什么东西啊……	はあ……	draft	AI 批量翻译初稿，需人工校对角色口吻与专名。		7f3df0936ee075d17ad94e012c444bcb05a3dfbf1c54e142bc0d540e8a2e959e	707ba1c82dcdb9307ae9b809b15746a0585a5bda61f67b7ba74149f40b97fa8f
ch3_224	chapter3	第三章 · 过去与现在	S04		824	基生	dialogue	什么东西啊……	ch3_223 | 基生 | 哈……	ch3_225 | 基生 | 真是不舒服……	何なんだよ……	draft	AI 批量翻译初稿，需人工校对角色口吻与专名。		b2697556b9aa2b39c98c1a65dc2f76cda71af68eeaa14a45af2beb206fc0db0d	707ba1c82dcdb9307ae9b809b15746a0585a5bda61f67b7ba74149f40b97fa8f
ch3_225	chapter3	第三章 · 过去与现在	S04		825	基生	dialogue	真是不舒服……	ch3_224 | 基生 | 什么东西啊……	ch3_226 | 旁白 | 房间再次安静下来，基生重新躺下，疲惫地坠入梦乡。	気持ち悪い……	draft	AI 批量翻译初稿，需人工校对角色口吻与专名。		139b438fdb4131494e72b1b8b45ced338b3b39f5284c202a3e7df3ca74f371fb	707ba1c82dcdb9307ae9b809b15746a0585a5bda61f67b7ba74149f40b97fa8f
ch3_231	chapter3	第三章 · 过去与现在	S05		831	基生	dialogue	啊……因为我在家里闲着没什么事情……	ch3_230 | 日日谷 | 我还想着先来等你，没想到你已经到了呢。	ch3_232 | 旁白 | 日日谷小姐无奈地说道。	あ……家にいても暇で、何もすることがなかったので……	draft	AI 批量翻译初稿，需人工校对角色口吻与专名。		2228df7a5ba60428b8f9a622fa77162532aff527ababe0a30b78789ff0678c88	707ba1c82dcdb9307ae9b809b15746a0585a5bda61f67b7ba74149f40b97fa8f
ch3_model_after	chapter3	第三章 · 过去与现在	S05		837	基生	dialogue	这一台……以后也请多指教。	ch3_236 | 旁白 | 基生惊讶地看着这些款式，有些眼花缭乱。	ch3_239 | 日日谷 | 恭喜你！拿到第一台智能手机！	この一台……これから、よろしく。	draft	AI 批量翻译初稿，需人工校对角色口吻与专名。		20ece8cd21310fc7aef71a1cd44cd75ddf5c73b4d76b2397c74ade0f548463c8	707ba1c82dcdb9307ae9b809b15746a0585a5bda61f67b7ba74149f40b97fa8f
ch3_240	chapter3	第三章 · 过去与现在	S05		839	基生	dialogue	好大……好不习惯……	ch3_239 | 日日谷 | 恭喜你！拿到第一台智能手机！	ch3_241 | 日日谷 | 你很快就会习惯的！而且一旦习惯了，可就再也离不开了哦——	大きい……慣れないな……	draft	AI 批量翻译初稿，需人工校对角色口吻与专名。		9e4c7e85840499ddc885c17c05ff4bcbcfaafa433c7c134e27d0f6b21ce56b72	707ba1c82dcdb9307ae9b809b15746a0585a5bda61f67b7ba74149f40b97fa8f
ch3_242	chapter3	第三章 · 过去与现在	S05		841	基生	dialogue	日日谷小姐，谢谢你各方面都这么照顾我。帮了我的大忙了。	ch3_241 | 日日谷 | 你很快就会习惯的！而且一旦习惯了，可就再也离不开了哦——	ch3_243 | 旁白 | 日日谷小姐抿着嘴，惊讶地听着，然后连忙回应。	日日谷さん、いろいろとありがとうございます。本当に助かりました。	draft	AI 批量翻译初稿，需人工校对角色口吻与专名。		3eceee73accaa368479c72a3943164caeed1a2ec6264608fed1610d89d112c4f	707ba1c82dcdb9307ae9b809b15746a0585a5bda61f67b7ba74149f40b97fa8f
ch3_245	chapter3	第三章 · 过去与现在	S05		844	基生	dialogue	嗯？	ch3_244 | 日日谷 | 哪，哪里哪里！没有的事！我心里其实也盼着今天的到来呢……	ch3_246 | 旁白 | 日日谷小姐听后有些慌张，支吾着。	ん？	draft	AI 批量翻译初稿，需人工校对角色口吻与专名。		c06b3d8a17467deb88df6b3a9cc0f5f4a50bcb8e69552f50b45e6526099edd13	707ba1c82dcdb9307ae9b809b15746a0585a5bda61f67b7ba74149f40b97fa8f
ch3_250	chapter3	第三章 · 过去与现在	S05		849	基生	dialogue	这样吗？	ch3_249 | 旁白 | 日日谷小姐在一旁指导基生操作。	ch3_251 | 日日谷 | 没错没错！	そうなんですか？	draft	AI 批量翻译初稿，需人工校对角色口吻与专名。		4db51b987291ba1ae560545846f9eee9b6f37ca158f70375420215015e6ad077	707ba1c82dcdb9307ae9b809b15746a0585a5bda61f67b7ba74149f40b97fa8f
ch3_252	chapter3	第三章 · 过去与现在	S05		851	基生	dialogue	哦——……好厉害……	ch3_251 | 日日谷 | 没错没错！	ch3_253 | 基生 | 这样就加上了吗？	おお……すごい……	draft	AI 批量翻译初稿，需人工校对角色口吻与专名。		6b892153982663d23be699d1537b664c83de52ad6a6be083eca73e02ab163412	707ba1c82dcdb9307ae9b809b15746a0585a5bda61f67b7ba74149f40b97fa8f
ch3_253	chapter3	第三章 · 过去与现在	S05		852	基生	dialogue	这样就加上了吗？	ch3_252 | 基生 | 哦——……好厉害……	ch3_254 | 日日谷 | 是的。	これで追加できたんですか？	draft	AI 批量翻译初稿，需人工校对角色口吻与专名。		978222f28abc0b5c7d501313112e9ebe4a90453304055985d48263df4711380e	707ba1c82dcdb9307ae9b809b15746a0585a5bda61f67b7ba74149f40b97fa8f
ch3_269	chapter3	第三章 · 过去与现在	S05		863	基生	dialogue	啊，抱歉……没什么……	ch3_268 | 旁白 | 基生回过神来。	ch3_270 | 日日谷 | ……没事，就好……	あ、すみません……何でもないです……	draft	AI 批量翻译初稿，需人工校对角色口吻与专名。		58c980890db9bf88945e223f2c42340b6e43b47bb072d220d05f8ca73d66384b	707ba1c82dcdb9307ae9b809b15746a0585a5bda61f67b7ba74149f40b97fa8f
ch3_271	chapter3	第三章 · 过去与现在	S05		865	基生	dialogue	对了……真的不用保留号码吗？	ch3_270 | 日日谷 | ……没事，就好……	ch3_272 | 旁白 | 日日谷小姐想了想。	そうだ……本当に番号を残さなくていいんですか？	draft	AI 批量翻译初稿，需人工校对角色口吻与专名。		60ac51061b89181a2ab5151763f2b485648d4bf47f7104a1eba375e4d7920c9c	707ba1c82dcdb9307ae9b809b15746a0585a5bda61f67b7ba74149f40b97fa8f
ch3_276	chapter3	第三章 · 过去与现在	S05		870	基生	dialogue	……不用了。已经用了 10 多年了……我本来就准备扔掉的。	ch3_275 | 日日谷 | 如果想把联系人呀照片之类的数据都继承到新手机上，现在也是可以轻松做到的哦？时代每天都在进步呢！！	ch3_277 | 基生 | 而且，我没有任何想要继承的……想要保留下来的东西。	……いいんです。もう十年以上使いましたし……もともと捨てるつもりでした。	draft	AI 批量翻译初稿，需人工校对角色口吻与专名。		188089fe578d08680b8af130cca79fd75d8c1bc2756cdd3e05b6bba5b3f4f9b4	707ba1c82dcdb9307ae9b809b15746a0585a5bda61f67b7ba74149f40b97fa8f
ch3_277	chapter3	第三章 · 过去与现在	S05		871	基生	dialogue	而且，我没有任何想要继承的……想要保留下来的东西。	ch3_276 | 基生 | ……不用了。已经用了 10 多年了……我本来就准备扔掉的。	ch3_278 | 日日谷 | 诶……但是都用了 10 年，应该会留下很多照片吧……	それに、引き継ぎたいものも……残しておきたいものも、何もありません。	draft	AI 批量翻译初稿，需人工校对角色口吻与专名。		bf4b1aad5454d5ece8a60bde945794670d4612f70dfac1daf80e6ac06465c884	707ba1c82dcdb9307ae9b809b15746a0585a5bda61f67b7ba74149f40b97fa8f
ch3_279	chapter3	第三章 · 过去与现在	S05		873	基生	dialogue	是……不过已经无所谓了。任它消失吧。统统消失。	ch3_278 | 日日谷 | 诶……但是都用了 10 年，应该会留下很多照片吧……	ch3_280 | 日日谷 | 也、也不用这么说吧……这些不都是珍贵的回忆吗……	はい……でも、もうどうでもいいんです。消えてしまえばいい。全部、消えてしまえば。	draft	AI 批量翻译初稿，需人工校对角色口吻与专名。		4716bb835020ad26aefe412d8809e434cc5053fd2634cf1dfecbe625295df461	707ba1c82dcdb9307ae9b809b15746a0585a5bda61f67b7ba74149f40b97fa8f
ch3_281	chapter3	第三章 · 过去与现在	S05		875	基生	dialogue	空有回忆又怎么样……抓着过去不放也无济于事。没有任何好处。	ch3_280 | 日日谷 | 也、也不用这么说吧……这些不都是珍贵的回忆吗……	ch3_282 | 日日谷 | 但是……	思い出だけ残って、何になる……過去にしがみついても仕方ない。何の役にも立たない。	draft	AI 批量翻译初稿，需人工校对角色口吻与专名。		1dde1e5331d98bcb4787fc07936fcb6b9a023f61e65c453b521391e5d6fbbbc0	707ba1c82dcdb9307ae9b809b15746a0585a5bda61f67b7ba74149f40b97fa8f
ch3_283	chapter3	第三章 · 过去与现在	S05		877	基生	dialogue	我说不用了！	ch3_282 | 日日谷 | 但是……	ch3_284 | 旁白 | 基生回过神来，突然意识到自己说了很多气话。	いらないって言ってるだろ！	draft	AI 批量翻译初稿，需人工校对角色口吻与专名。		f0ca817fe5a6c2800aff774a7c97a4fe52fe6e9b42bdd5fdc722c7f491c90f73	707ba1c82dcdb9307ae9b809b15746a0585a5bda61f67b7ba74149f40b97fa8f
ch3_285	chapter3	第三章 · 过去与现在	S05		879	基生	dialogue	啊……！对、对不起……	ch3_284 | 旁白 | 基生回过神来，突然意识到自己说了很多气话。	ch3_286 | 日日谷 | ……没事……我也是，不好意思……	あ……！ ご、ごめんなさい……	draft	AI 批量翻译初稿，需人工校对角色口吻与专名。		166a0f44b485a3601f2d74d57f7c72d1c8261a171a0fc5f89ec458e9332ae047	707ba1c82dcdb9307ae9b809b15746a0585a5bda61f67b7ba74149f40b97fa8f
ch3_306	chapter3	第三章 · 过去与现在	S05		899	基生	dialogue	日日谷小姐……	ch3_305 | 日日谷 | 就是这些珍贵的过去造就了现在的成田先生，所以……请不要说可以让它们消失也无所谓。	ch3_307 | 旁白 | 日日谷小姐回过神来，顿时慌张起来。	日日谷さん……	draft	AI 批量翻译初稿，需人工校对角色口吻与专名。		73677845d020feb2a7cbf0475f4d702e0e4618e596de9006ff499c2d7d5e07df	707ba1c82dcdb9307ae9b809b15746a0585a5bda61f67b7ba74149f40b97fa8f
ch3_309	chapter3	第三章 · 过去与现在	S05		902	基生	dialogue	不，没关系。日日谷小姐说得没错。谢谢你。	ch3_308 | 日日谷 | 啊！对、对不起！突然就说了这么多！我这人，在说些什么呢……！请全部忘掉吧！对不起，是我多嘴了……	ch3_310 | 日日谷 | 哪里……？	いえ、大丈夫です。日日谷さんの言うとおりです。ありがとうございます。	draft	AI 批量翻译初稿，需人工校对角色口吻与专名。		97218c07530301de679e448a963ae1b94bcc419504feb4de6b806164b1564e1e	707ba1c82dcdb9307ae9b809b15746a0585a5bda61f67b7ba74149f40b97fa8f
ch3_315	chapter3	第三章 · 过去与现在	S05		908	基生	dialogue	我今天，还是不去了。	ch3_314 | 日日谷 | 哇，已经到集合时间了！你们先进去吧！我、我们走吧，成田先生！	ch3_316 | 旁白 | 日日谷小姐惊讶地问。	今日は、やっぱり行くのをやめます。	draft	AI 批量翻译初稿，需人工校对角色口吻与专名。		5538cb88abbe2bb6d46cf80e40e3fb5dda8915f795409cbb5111daaa1e701915	707ba1c82dcdb9307ae9b809b15746a0585a5bda61f67b7ba74149f40b97fa8f
ch3_318	chapter3	第三章 · 过去与现在	S05		911	基生	dialogue	……手机里的数据，我想先迁到新手机来。趁着它们还没消失……毕竟是很珍贵的东西嘛。	ch3_317 | 日日谷 | 诶？	ch3_319 | 日日谷 | 成田先生……	……携帯のデータを、先に新しいほうへ移したいんです。消えてしまう前に……大切なものですから。	draft	AI 批量翻译初稿，需人工校对角色口吻与专名。		a2f01a5d4f2168e7a5f21aa1c824b5a4ce0226ee5c299a4f99178ebfb98a21c0	707ba1c82dcdb9307ae9b809b15746a0585a5bda61f67b7ba74149f40b97fa8f
ch3_320	chapter3	第三章 · 过去与现在	S05		913	基生	dialogue	今天真的谢谢你了。不好意思，连点像样的谢礼都拿不出来。要不下次我请你——	ch3_319 | 日日谷 | 成田先生……	ch3_321 | 日日谷 | 哎，没有啦！	今日は本当にありがとうございました。ろくなお礼もできなくて、すみません。今度、僕が何か——	draft	AI 批量翻译初稿，需人工校对角色口吻与专名。		50f9a0005bf23300dab314b15a804d11c7646857543e55481ab3726144196502	707ba1c82dcdb9307ae9b809b15746a0585a5bda61f67b7ba74149f40b97fa8f
ch3_324	chapter3	第三章 · 过去与现在	S05		917	基生	dialogue	诶……电话？为，为什么……？	ch3_323 | 日日谷 | 今天晚上 12 点，我可以打电话给成田先生吗！？	ch3_325 | 日日谷 | 就是，那个，作为职场前辈，我觉得自己必须要好好确认成田先生能不能正常使用手机，就是这样……！	え……電話？ ど、どうして……？	draft	AI 批量翻译初稿，需人工校对角色口吻与专名。		f6079b2bdb8294e4b561493a455703b20f9be7e7666aec70f3ded7ad40bf3e93	707ba1c82dcdb9307ae9b809b15746a0585a5bda61f67b7ba74149f40b97fa8f
ch3_326	chapter3	第三章 · 过去与现在	S05		919	基生	dialogue	哈哈……那好吧。	ch3_325 | 日日谷 | 就是，那个，作为职场前辈，我觉得自己必须要好好确认成田先生能不能正常使用手机，就是这样……！	ch3_327 | 日日谷 | 一定要接哦！千万不许睡着啊！	はは……分かりました。	draft	AI 批量翻译初稿，需人工校对角色口吻与专名。		0f891ad1ce7ec3004d2bd4c5825fc4103095063ad90b8100351d18e136e08ea7	707ba1c82dcdb9307ae9b809b15746a0585a5bda61f67b7ba74149f40b97fa8f
ch3_328	chapter3	第三章 · 过去与现在	S05		921	基生	dialogue	嗯，我会醒着的。	ch3_327 | 日日谷 | 一定要接哦！千万不许睡着啊！	ch3_329 | 基生 | ……那我走了，替我向大家问个好。	はい、起きてます。	draft	AI 批量翻译初稿，需人工校对角色口吻与专名。		c4b614522558404242234d59da1a051549f6bcf6eb1c41b79f85e604ef6577b4	707ba1c82dcdb9307ae9b809b15746a0585a5bda61f67b7ba74149f40b97fa8f
ch3_329	chapter3	第三章 · 过去与现在	S05		922	基生	dialogue	……那我走了，替我向大家问个好。	ch3_328 | 基生 | 嗯，我会醒着的。	ch3_s06 | 旁白 | 黑屏 —— 消失的数据与屏幕里的“爱理”	……じゃあ、失礼します。皆さんによろしく伝えてください。	draft	AI 批量翻译初稿，需人工校对角色口吻与专名。		3a20f475a2bf6a209c0e95acb4d796865597a1e1b73838c159031148e8a74bf6	707ba1c82dcdb9307ae9b809b15746a0585a5bda61f67b7ba74149f40b97fa8f
ch3_342	chapter3	第三章 · 过去与现在	S06		929	基生	dialogue	已经这个点了……	ch3_336 | 记忆里日日谷的声音 | ”请不要说可以任它们消失也无所谓。“	ch3_343 | 基生 | 在日日谷小姐打电话过来之前，先把数据转到这边来吧。	もうこんな時間か……	draft	AI 批量翻译初稿，需人工校对角色口吻与专名。		4bf181576b2bcf4576acb94190abdeadf844796a77c2d92ba2b06bbb727bf64d	707ba1c82dcdb9307ae9b809b15746a0585a5bda61f67b7ba74149f40b97fa8f
ch3_343	chapter3	第三章 · 过去与现在	S06		930	基生	dialogue	在日日谷小姐打电话过来之前，先把数据转到这边来吧。	ch3_342 | 基生 | 已经这个点了……	ch3_344 | 基生 | 电也充上好了。	日日谷さんから電話が来る前に、データをこっちへ移しておこう。	draft	AI 批量翻译初稿，需人工校对角色口吻与专名。		795dab77525188ee6e44c5d18a44941b6db30c928d57ad45a31afc7c5c4425c0	707ba1c82dcdb9307ae9b809b15746a0585a5bda61f67b7ba74149f40b97fa8f
ch3_344	chapter3	第三章 · 过去与现在	S06		931	基生	dialogue	电也充上好了。	ch3_343 | 基生 | 在日日谷小姐打电话过来之前，先把数据转到这边来吧。	ch3_345 | 旁白 | 他拿起旧手机，等待日日谷小姐的来电，同时又忍不住怀疑——	充電もしておかないと。	draft	AI 批量翻译初稿，需人工校对角色口吻与专名。		c296d1e378890efeba9185ca9e088d24f489193265386cc9667c52efd8024f36	707ba1c82dcdb9307ae9b809b15746a0585a5bda61f67b7ba74149f40b97fa8f
ch3_347	chapter3	第三章 · 过去与现在	S06		933	基生	dialogue	说不定只是开了个小玩笑呢……	ch3_345 | 旁白 | 他拿起旧手机，等待日日谷小姐的来电，同时又忍不住怀疑——	ch3_348 | 基生 | 说到底，为什么会想跟我打电话啊……	ちょっとからかっただけかもしれない……	draft	AI 批量翻译初稿，需人工校对角色口吻与专名。		00c99c47810dea7dcc7d5054d3a3045e3ba574acf2e08ee5544064ac6b2bb4fe	707ba1c82dcdb9307ae9b809b15746a0585a5bda61f67b7ba74149f40b97fa8f
ch3_348	chapter3	第三章 · 过去与现在	S06		934	基生	dialogue	说到底，为什么会想跟我打电话啊……	ch3_347 | 基生 | 说不定只是开了个小玩笑呢……	ch3_349 | 旁白 | 旧手机始终没有反应。基生连续按下按键，伴随着“按下……按下……”的拟声，屏幕却无法打开。	そもそも、どうして僕と電話したいんだ……	draft	AI 批量翻译初稿，需人工校对角色口吻与专名。		879a6f9cc0edb7444bbf85b700cfd5865a6d46ce01ab720be34a331866dad06c	707ba1c82dcdb9307ae9b809b15746a0585a5bda61f67b7ba74149f40b97fa8f
ch3_350	chapter3	第三章 · 过去与现在	S06		936	基生	dialogue	……嗯？	ch3_349 | 旁白 | 旧手机始终没有反应。基生连续按下按键，伴随着“按下……按下……”的拟声，屏幕却无法打开。	ch3_351 | 基生 | 诶？	……ん？	draft	AI 批量翻译初稿，需人工校对角色口吻与专名。		c51d969d6a9a3dedc8e2608dd615769b41b68ca3084fa0b0215ee54c2425e918	707ba1c82dcdb9307ae9b809b15746a0585a5bda61f67b7ba74149f40b97fa8f
ch3_351	chapter3	第三章 · 过去与现在	S06		937	基生	dialogue	诶？	ch3_350 | 基生 | ……嗯？	ch3_352 | 基生 | 打不开……？为什么？	え？	draft	AI 批量翻译初稿，需人工校对角色口吻与专名。		28c3640f2de9180760614a45c9bbc98cc3bb731c99742d933cdc8271c088a910	707ba1c82dcdb9307ae9b809b15746a0585a5bda61f67b7ba74149f40b97fa8f
ch3_352	chapter3	第三章 · 过去与现在	S06		938	基生	dialogue	打不开……？为什么？	ch3_351 | 基生 | 诶？	ch3_353 | 旁白 | 电量明明已经充好，昨天也还能正常使用。旧手机的屏幕漆黑一片，基生额头冒出冷汗。	開かない……？ どうして？	draft	AI 批量翻译初稿，需人工校对角色口吻与专名。		d2fc0406aecab24af7c58f7e71cf364c7f88104613c2ace8af13befaa394eea5	707ba1c82dcdb9307ae9b809b15746a0585a5bda61f67b7ba74149f40b97fa8f
ch3_354	chapter3	第三章 · 过去与现在	S06		940	基生	dialogue	怎么突然就……	ch3_353 | 旁白 | 电量明明已经充好，昨天也还能正常使用。旧手机的屏幕漆黑一片，基生额头冒出冷汗。	ch3_355 | 基生 | 不会是，坏了吧……！	どうして急に……	draft	AI 批量翻译初稿，需人工校对角色口吻与专名。		4665a7e01c5ff3f56ccce5a170a57648be3bfdece9fe062568aa9d64b5b8e48a	707ba1c82dcdb9307ae9b809b15746a0585a5bda61f67b7ba74149f40b97fa8f
ch3_355	chapter3	第三章 · 过去与现在	S06		941	基生	dialogue	不会是，坏了吧……！	ch3_354 | 基生 | 怎么突然就……	ch3_356 | 基生 | 不是……骗人的吧……？	まさか、壊れたのか……！	draft	AI 批量翻译初稿，需人工校对角色口吻与专名。		24c279aa105d431f970ad31c27c7ee43a4aa9a0e287cedeb5bef38a8ee23fe2f	707ba1c82dcdb9307ae9b809b15746a0585a5bda61f67b7ba74149f40b97fa8f
ch3_356	chapter3	第三章 · 过去与现在	S06		942	基生	dialogue	不是……骗人的吧……？	ch3_355 | 基生 | 不会是，坏了吧……！	ch3_357 | 基生 | 消失……了吗……？	嘘……だろ……？	draft	AI 批量翻译初稿，需人工校对角色口吻与专名。		f2ef6e7f0fb664adcdc8ab4d41ab47cf5eb24ea11e744b541526dd7022470ebd	707ba1c82dcdb9307ae9b809b15746a0585a5bda61f67b7ba74149f40b97fa8f
ch3_357	chapter3	第三章 · 过去与现在	S06		943	基生	dialogue	消失……了吗……？	ch3_356 | 基生 | 不是……骗人的吧……？	ch3_358 | 基生 | 全部……	消えた……のか……？	draft	AI 批量翻译初稿，需人工校对角色口吻与专名。		d410edc90fb35fe4d347d0c1b6faa6a8cb77dc750a43f54a4fcb78675423fe86	707ba1c82dcdb9307ae9b809b15746a0585a5bda61f67b7ba74149f40b97fa8f
ch3_358	chapter3	第三章 · 过去与现在	S06		944	基生	dialogue	全部……	ch3_357 | 基生 | 消失……了吗……？	ch3_360 | 基生 | 怎么能有……这种事情……	全部……	draft	AI 批量翻译初稿，需人工校对角色口吻与专名。		050ac35b3db10121c3603001ae195c28e69cc99e7b6981c77849049c113df791	707ba1c82dcdb9307ae9b809b15746a0585a5bda61f67b7ba74149f40b97fa8f
ch3_360	chapter3	第三章 · 过去与现在	S06		945	基生	dialogue	怎么能有……这种事情……	ch3_358 | 基生 | 全部……	ch3_361 | 旁白 | 基生低声喊出那个名字。	そんな……そんなことって……	draft	AI 批量翻译初稿，需人工校对角色口吻与专名。		f18cb8dfefa50bf446a028d364f64bf2cf7b1d048ee769368c452f2122bcdb69	707ba1c82dcdb9307ae9b809b15746a0585a5bda61f67b7ba74149f40b97fa8f
ch3_362	chapter3	第三章 · 过去与现在	S06		947	基生	dialogue	爱理……	ch3_361 | 旁白 | 基生低声喊出那个名字。	ch3_363 | ？ | ……生	愛理……	draft	AI 批量翻译初稿，需人工校对角色口吻与专名。		177c72bf2d1fae450041629c2740d6ce0e3f103ba8b5ecb00f407ce4754f23dd	707ba1c82dcdb9307ae9b809b15746a0585a5bda61f67b7ba74149f40b97fa8f
ch3_365	chapter3	第三章 · 过去与现在	S06		950	基生	dialogue	爱理！！	ch3_364 | ？ | 基生……	ch3_366 | 基生 | 爱……	愛理！！	draft	AI 批量翻译初稿，需人工校对角色口吻与专名。		dd01bfbdcc9dad18dac50f388c4a85b192e44ed42246233b2f85d502fcb7f0e2	707ba1c82dcdb9307ae9b809b15746a0585a5bda61f67b7ba74149f40b97fa8f
ch3_366	chapter3	第三章 · 过去与现在	S06		951	基生	dialogue	爱……	ch3_365 | 基生 | 爱理！！	ch3_370 | 基生 | 爱理……她在哭泣……	あい……	draft	AI 批量翻译初稿，需人工校对角色口吻与专名。		6caadb3748c2355ba778b190c6bb0cbb0a0d5669c4f714fe37794f205c797bf2	707ba1c82dcdb9307ae9b809b15746a0585a5bda61f67b7ba74149f40b97fa8f
ch3_370	chapter3	第三章 · 过去与现在	S06		952	基生	dialogue	爱理……她在哭泣……	ch3_366 | 基生 | 爱……	ch3_371 | 基生 | 她在呼唤我……	愛理が……泣いてる……	draft	AI 批量翻译初稿，需人工校对角色口吻与专名。		62bdcedd1b30b2a92b3ec599c53efbb2fea6c1948563d15311f4759895e9e90c	707ba1c82dcdb9307ae9b809b15746a0585a5bda61f67b7ba74149f40b97fa8f
ch3_371	chapter3	第三章 · 过去与现在	S06		953	基生	dialogue	她在呼唤我……	ch3_370 | 基生 | 爱理……她在哭泣……	ch3_372 | 基生 | 我……	僕を呼んでる……	draft	AI 批量翻译初稿，需人工校对角色口吻与专名。		7ae632a4e5c02670faacc9b01a2fa02ce64382321f05960f1f2c67e14084fb48	707ba1c82dcdb9307ae9b809b15746a0585a5bda61f67b7ba74149f40b97fa8f
ch3_372	chapter3	第三章 · 过去与现在	S06		954	基生	dialogue	我……	ch3_371 | 基生 | 她在呼唤我……	ch3_373 | 基生 | 我得去见她……	僕は……	draft	AI 批量翻译初稿，需人工校对角色口吻与专名。		0fa8de24ea002484205f58fb660a8c9eea878e8d2af33a69fab1ab082d83de76	707ba1c82dcdb9307ae9b809b15746a0585a5bda61f67b7ba74149f40b97fa8f
ch3_373	chapter3	第三章 · 过去与现在	S06		955	基生	dialogue	我得去见她……	ch3_372 | 基生 | 我……	ch3_374 | 旁白 | 就在这时，新手机响起 LIME 消息提示。	会いに行かないと……	draft	AI 批量翻译初稿，需人工校对角色口吻与专名。		7d59fa8858bc3a3258df3e651e96007efd8d573a456e1a2f38be59e90e2f9b1e	707ba1c82dcdb9307ae9b809b15746a0585a5bda61f67b7ba74149f40b97fa8f
ch3_376	chapter3	第三章 · 过去与现在	S06		958	基生	dialogue	日日谷小姐……	ch3_375 | 日日谷 陽 | 成田先生，还醒着吗？我现在可以打电话给你吗？	ch3_382 | 旁白 | 基生伸出手，捡起掉在地上的智能机。	日日谷さん……	draft	AI 批量翻译初稿，需人工校对角色口吻与专名。		2443ac672c31d50a5b34eda0ba514f0ea47e412e6a943dff080675f11a9de5c9	707ba1c82dcdb9307ae9b809b15746a0585a5bda61f67b7ba74149f40b97fa8f
ch3_395	chapter3	第三章 · 过去与现在	S07A		963	基生	dialogue	哈啊……哈啊……哈啊……哈啊……	ch3_s07a | 旁白 | 夜海 —— “我是被人制造出来的‘ILY 病毒’”	ch3_396 | 旁白 | 基生拿着没有反应的翻盖手机，在夜晚向着那个熟悉的海边跑去。	はあ……はあ……はあ……はあ……	draft	AI 批量翻译初稿，需人工校对角色口吻与专名。		b4cbf81fbda9764357364df092053a3e0083d60a348eaae73fd0f0b4013b1f1d	707ba1c82dcdb9307ae9b809b15746a0585a5bda61f67b7ba74149f40b97fa8f
ch3_397	chapter3	第三章 · 过去与现在	S07A		965	基生	dialogue	哈啊……哈啊……	ch3_396 | 旁白 | 基生拿着没有反应的翻盖手机，在夜晚向着那个熟悉的海边跑去。	ch3_398 | 旁白 | 终于，他来到了这里。就像一个月前独自一人看到“爱理”的来信而来那样，此刻他也一人独自看向海边。	はあ……はあ……	draft	AI 批量翻译初稿，需人工校对角色口吻与专名。		2cff5322acbb66c74c9d827cbcaa40e16dd805b769a9fc67b4d19c324e905efd	707ba1c82dcdb9307ae9b809b15746a0585a5bda61f67b7ba74149f40b97fa8f
ch3_404	chapter3	第三章 · 过去与现在	S07A		971	基生	dialogue	爱理……	ch3_402 | 旁白 | 海边。	ch3_405 | 旁白 | 爱理不在这里。她也不可能会在这里。	愛理……	draft	AI 批量翻译初稿，需人工校对角色口吻与专名。		aca1bdb4550feee709651e94e1826e13026ba9f25edf2ae75d2e1f64b52ab70e	707ba1c82dcdb9307ae9b809b15746a0585a5bda61f67b7ba74149f40b97fa8f
ch3_407	chapter3	第三章 · 过去与现在	S07A		974	基生	dialogue	爱理，听我说……	ch3_406 | 旁白 | 即使我很清楚这样的事实，但在我的头脑之中，却不断地浮现着爱理寂寞的背影。	ch3_408 | 基生 | 我无论怎样说服自己，都没有办法把你和我一起生活的日子，仅仅当成是我脑中的妄想。	愛理、聞いてくれ……	draft	AI 批量翻译初稿，需人工校对角色口吻与专名。		209a90755a703692ffe653d732ae6fca1f864e17a3a28d5f38ae1bc0a0783b8a	707ba1c82dcdb9307ae9b809b15746a0585a5bda61f67b7ba74149f40b97fa8f
ch3_408	chapter3	第三章 · 过去与现在	S07A		975	基生	dialogue	我无论怎样说服自己，都没有办法把你和我一起生活的日子，仅仅当成是我脑中的妄想。	ch3_407 | 基生 | 爱理，听我说……	ch3_409 | 基生 | 我在这里与你相遇、一起在家和你看电影、假日和你一起去水族馆、还有一起去江之岛约会……	どれだけ自分に言い聞かせても、君と一緒に暮らした日々を、ただの僕の妄想だったなんて思えない。	draft	AI 批量翻译初稿，需人工校对角色口吻与专名。		9d9bafafdfd36997bb3601e92b11c33c9dbb8d1f78c4a3562390b5cd3e93a827	707ba1c82dcdb9307ae9b809b15746a0585a5bda61f67b7ba74149f40b97fa8f
ch3_409	chapter3	第三章 · 过去与现在	S07A		976	基生	dialogue	我在这里与你相遇、一起在家和你看电影、假日和你一起去水族馆、还有一起去江之岛约会……	ch3_408 | 基生 | 我无论怎样说服自己，都没有办法把你和我一起生活的日子，仅仅当成是我脑中的妄想。	ch3_410 | 基生 | 我怎么样也不相信，这些全都是我的妄想……	ここで君と出会って、家で一緒に映画を見て、休みの日には水族館へ行って、江ノ島でデートもした……	draft	AI 批量翻译初稿，需人工校对角色口吻与专名。		35ad333fd09ba7d1c5d3afa7e18e15aa17010a4f00600e05a0e4594b4cce4813	707ba1c82dcdb9307ae9b809b15746a0585a5bda61f67b7ba74149f40b97fa8f
ch3_410	chapter3	第三章 · 过去与现在	S07A		977	基生	dialogue	我怎么样也不相信，这些全都是我的妄想……	ch3_409 | 基生 | 我在这里与你相遇、一起在家和你看电影、假日和你一起去水族馆、还有一起去江之岛约会……	ch3_411 | 基生 | 因为在我的心里，你的样子是那么的真实。	それが全部僕の妄想だったなんて、どうしても信じられない……	draft	AI 批量翻译初稿，需人工校对角色口吻与专名。		fcebd5e0fd82ff16c959f51120ed9034debdc229e4d594e8f0d81b4d166564af	707ba1c82dcdb9307ae9b809b15746a0585a5bda61f67b7ba74149f40b97fa8f
ch3_411	chapter3	第三章 · 过去与现在	S07A		978	基生	dialogue	因为在我的心里，你的样子是那么的真实。	ch3_410 | 基生 | 我怎么样也不相信，这些全都是我的妄想……	ch3_412 | 基生 | 爱理，你为什么会以十年前的样子，出现在我的面前……	僕の心の中では、君の姿があまりにも確かだったから。	draft	AI 批量翻译初稿，需人工校对角色口吻与专名。		3b9a23d424cbb25856a254379269ad489be64bcaf51b39551b8905bb6a3d7380	707ba1c82dcdb9307ae9b809b15746a0585a5bda61f67b7ba74149f40b97fa8f
ch3_412	chapter3	第三章 · 过去与现在	S07A		979	基生	dialogue	爱理，你为什么会以十年前的样子，出现在我的面前……	ch3_411 | 基生 | 因为在我的心里，你的样子是那么的真实。	ch3_413 | 基生 | 这到底是为什么……又是怎么做到的……虽然还有很多这类令我疑虑的问题……	愛理、どうして君は十年前の姿で、僕の前に現れたんだ……	draft	AI 批量翻译初稿，需人工校对角色口吻与专名。		e5567cacc285cbedec4829a014a9e0672f280c31a53ed9d1e193775a6b641712	707ba1c82dcdb9307ae9b809b15746a0585a5bda61f67b7ba74149f40b97fa8f
ch3_413	chapter3	第三章 · 过去与现在	S07A		980	基生	dialogue	这到底是为什么……又是怎么做到的……虽然还有很多这类令我疑虑的问题……	ch3_412 | 基生 | 爱理，你为什么会以十年前的样子，出现在我的面前……	ch3_414 | 基生 | ……但即便如此……	いったいなぜなのか……どうやってそんなことができたのか……まだ分からないことは、たくさんあるけど……	draft	AI 批量翻译初稿，需人工校对角色口吻与专名。		7466a8537dfd05c49415a6a688c0ca44a47a207e46d3d6cbaf3bf6f8c96018d0	707ba1c82dcdb9307ae9b809b15746a0585a5bda61f67b7ba74149f40b97fa8f
ch3_414	chapter3	第三章 · 过去与现在	S07A		981	基生	dialogue	……但即便如此……	ch3_413 | 基生 | 这到底是为什么……又是怎么做到的……虽然还有很多这类令我疑虑的问题……	ch3_415 | 基生 | 我还想再见你一面啊。	……それでも……	draft	AI 批量翻译初稿，需人工校对角色口吻与专名。		c3d6e0b8a3712f73e5bb88a0134a84a98d96832c3f8da206bf6f72a7ced7aaf4	707ba1c82dcdb9307ae9b809b15746a0585a5bda61f67b7ba74149f40b97fa8f
ch3_415	chapter3	第三章 · 过去与现在	S07A		982	基生	dialogue	我还想再见你一面啊。	ch3_414 | 基生 | ……但即便如此……	ch3_416 | 基生 | 那一天，把我从那间阴暗的房间中带出来的……	もう一度、君に会いたいんだ。	draft	AI 批量翻译初稿，需人工校对角色口吻与专名。		adf5706b8cdfc52eff57a4f0ae758ae5af28880f9d2286d2696214939d3a59ab	707ba1c82dcdb9307ae9b809b15746a0585a5bda61f67b7ba74149f40b97fa8f
ch3_416	chapter3	第三章 · 过去与现在	S07A		983	基生	dialogue	那一天，把我从那间阴暗的房间中带出来的……	ch3_415 | 基生 | 我还想再见你一面啊。	ch3_417 | 基生 | 爱理，你。	あの日、あの暗い部屋から僕を連れ出してくれた……	draft	AI 批量翻译初稿，需人工校对角色口吻与专名。		031a3e3fb76ebb41e3f83f24852df0fba2c9d787b1399e677b4e838179873da4	707ba1c82dcdb9307ae9b809b15746a0585a5bda61f67b7ba74149f40b97fa8f
ch3_417	chapter3	第三章 · 过去与现在	S07A		984	基生	dialogue	爱理，你。	ch3_416 | 基生 | 那一天，把我从那间阴暗的房间中带出来的……	ch3_418 | 基生 | ……	愛理、君に。	draft	AI 批量翻译初稿，需人工校对角色口吻与专名。		fb52dabbac74abc9f6c00b04ee83e783ed57f776e5710762790d3916315ddbff	707ba1c82dcdb9307ae9b809b15746a0585a5bda61f67b7ba74149f40b97fa8f
ch3_418	chapter3	第三章 · 过去与现在	S07A		985	基生	dialogue	……	ch3_417 | 基生 | 爱理，你。	ch3_419 | 基生 | ……	……	draft	AI 批量翻译初稿，需人工校对角色口吻与专名。		f5e08788329d59784a53c971a42244d964cbcf06796034e095eed4c90ca57d49	707ba1c82dcdb9307ae9b809b15746a0585a5bda61f67b7ba74149f40b97fa8f
ch3_419	chapter3	第三章 · 过去与现在	S07A		986	基生	dialogue	……	ch3_418 | 基生 | ……	ch3_420 | 基生 | ……	……	draft	AI 批量翻译初稿，需人工校对角色口吻与专名。		f5e08788329d59784a53c971a42244d964cbcf06796034e095eed4c90ca57d49	707ba1c82dcdb9307ae9b809b15746a0585a5bda61f67b7ba74149f40b97fa8f
ch3_420	chapter3	第三章 · 过去与现在	S07A		987	基生	dialogue	……	ch3_419 | 基生 | ……	ch3_421 | 旁白 | 回应他呐喊的，只有一遍又一遍海浪的轰鸣。	……	draft	AI 批量翻译初稿，需人工校对角色口吻与专名。		f5e08788329d59784a53c971a42244d964cbcf06796034e095eed4c90ca57d49	707ba1c82dcdb9307ae9b809b15746a0585a5bda61f67b7ba74149f40b97fa8f
ch3_423	chapter3	第三章 · 过去与现在	S07A		990	基生	dialogue	是啊……怎么可能……	ch3_422 | 旁白 | 基生低下头，自嘲着。	ch3_424 | 旁白 | 接着，他便转身，准备离开。	そうだ……そんなはず、ない……	draft	AI 批量翻译初稿，需人工校对角色口吻与专名。		2b0a587ccbdec81ca0ec580e11cffc42abfb73ec57804c51190633b7c7a84661	707ba1c82dcdb9307ae9b809b15746a0585a5bda61f67b7ba74149f40b97fa8f
ch3_426	chapter3	第三章 · 过去与现在	S07A		993	基生	dialogue	爱……！！	ch3_425 | “爱理” | 基生。	ch3_427 | “爱理” | 求求你，	あい……！！	draft	AI 批量翻译初稿，需人工校对角色口吻与专名。		897a61ec63aa8c450018edcb3e96a2fccfc217a4c3a327fb4e912380cec3635f	707ba1c82dcdb9307ae9b809b15746a0585a5bda61f67b7ba74149f40b97fa8f
ch3_444	chapter3	第三章 · 过去与现在	S07A		1006	基生	dialogue	爱理……	ch3_443 | “爱理” | 呜……	ch3_445 | “爱理” | 呜呜啊啊！！	愛理……	draft	AI 批量翻译初稿，需人工校对角色口吻与专名。		aca1bdb4550feee709651e94e1826e13026ba9f25edf2ae75d2e1f64b52ab70e	707ba1c82dcdb9307ae9b809b15746a0585a5bda61f67b7ba74149f40b97fa8f
ch3_446	chapter3	第三章 · 过去与现在	S07A		1008	基生	dialogue	！？	ch3_445 | “爱理” | 呜呜啊啊！！	ch3_447 | 旁白 | 抱住他的手突然抓紧。基生低头看时，发现那双手上，伸出了许多蠕虫般的电线……	！？	draft	AI 批量翻译初稿，需人工校对角色口吻与专名。		64b1cc417e4729f50e3732868bb6ea4943ceff05ed1c0d25050e0838bf21c5b8	707ba1c82dcdb9307ae9b809b15746a0585a5bda61f67b7ba74149f40b97fa8f
ch3_448	chapter3	第三章 · 过去与现在	S07A		1010	基生	dialogue	—什！！	ch3_447 | 旁白 | 抱住他的手突然抓紧。基生低头看时，发现那双手上，伸出了许多蠕虫般的电线……	ch3_449 | “爱理” | 对不起……对不起，基生……	——なっ！！	draft	AI 批量翻译初稿，需人工校对角色口吻与专名。		5beb859097c7c37cd369830123ef9135270622f6db280c8d1df10da4d5eef204	707ba1c82dcdb9307ae9b809b15746a0585a5bda61f67b7ba74149f40b97fa8f
ch3_468	chapter3	第三章 · 过去与现在	S07B		1029	基生	dialogue	嗯——？嗯——。	ch3_467 | 基生的儿子 | 另外你要是不快点起床的话，妈妈又要骂你了哦？	ch3_469 | 基生的儿子 | 你刚才说“嗯”了吧！	んー？ んー。	draft	AI 批量翻译初稿，需人工校对角色口吻与专名。		92952f87adcc8eff2930ff5f9fd00096118915a4d552c053acb4c08b98bf2ff5	707ba1c82dcdb9307ae9b809b15746a0585a5bda61f67b7ba74149f40b97fa8f
her_0032	heroine	女主视角 · 青	01-01		1073	基生	dialogue	爱理 想吃哪个？	her_0030 | 旁白 | 货架前的两人隔着不到一臂的距离。基生随手从冷藏柜里拿出一盒布丁，又放回去，目光在五颜六色的包装之间来回游移。	her_0033 | ILY | 唔——嗯…看起来都很好吃	愛理、どれが食べたい？	draft	AI 批量翻译初稿，需人工校对角色口吻与专名。		f5ea6d02b70c2eb1faf26d7e74b1c27b57114a353805fcc6dce1269304bc5d99	707ba1c82dcdb9307ae9b809b15746a0585a5bda61f67b7ba74149f40b97fa8f
her_0034	heroine	女主视角 · 青	01-01		1075	基生	dialogue	你还是那么选择障碍啊。	her_0033 | ILY | 唔——嗯…看起来都很好吃	her_0035 | 基生 | 这个怎么样？感觉你会喜欢。	相変わらず優柔不断だな。	draft	AI 批量翻译初稿，需人工校对角色口吻与专名。		8f2d9a6035b0f18e0553e25231cd81999184ab9fc7d39ee1dd04245c14faf7b9	707ba1c82dcdb9307ae9b809b15746a0585a5bda61f67b7ba74149f40b97fa8f
her_0035	heroine	女主视角 · 青	01-01		1076	基生	dialogue	这个怎么样？感觉你会喜欢。	her_0034 | 基生 | 你还是那么选择障碍啊。	her_0036 | ILY | 这个啊 好纠结啊	これはどう？ 愛理が好きそうだ。	draft	AI 批量翻译初稿，需人工校对角色口吻与专名。		c992b884a337034e5a5ee13532ec44b57371ec373b4dedada53894127b73751f	707ba1c82dcdb9307ae9b809b15746a0585a5bda61f67b7ba74149f40b97fa8f
her_0037	heroine	女主视角 · 青	01-02		1079	基生	dialogue	爱理 想吃哪个？	her_scene_01_02 | heroine-card | 便利店	her_0038 | 旁白 | 他等了大约两秒，像是在等一个谁也听不见的回答。然后他点了点头，仿佛真的听见了什么。	愛理、どれが食べたい？	draft	AI 批量翻译初稿，需人工校对角色口吻与专名。		7b9cbe7f0b063ab3cb9c9abdb509f5e6869904d8af950af33efd4702bc0e37f4	707ba1c82dcdb9307ae9b809b15746a0585a5bda61f67b7ba74149f40b97fa8f
her_0039	heroine	女主视角 · 青	01-02		1081	基生	dialogue	你还是那么选择障碍啊。	her_0038 | 旁白 | 他等了大约两秒，像是在等一个谁也听不见的回答。然后他点了点头，仿佛真的听见了什么。	her_0040 | 基生 | 这个怎么样？感觉你会喜欢。	相変わらず優柔不断だな。	draft	AI 批量翻译初稿，需人工校对角色口吻与专名。		3c2c15795648edf78e60a50d80105adf2d76ca7725d41a3285872bb7b8a2095f	707ba1c82dcdb9307ae9b809b15746a0585a5bda61f67b7ba74149f40b97fa8f
her_0040	heroine	女主视角 · 青	01-02		1082	基生	dialogue	这个怎么样？感觉你会喜欢。	her_0039 | 基生 | 你还是那么选择障碍啊。	her_0041 | 蝶 | 呜哇	これはどう？ 愛理が好きそうだ。	draft	AI 批量翻译初稿，需人工校对角色口吻与专名。		271b1259272d4e3254682511e6e1e6e01d96d6900c62cdb745c9ae06440c3edc	707ba1c82dcdb9307ae9b809b15746a0585a5bda61f67b7ba74149f40b97fa8f
her_0047	heroine	女主视角 · 青	01-03		1090	基生	dialogue	但是，爱理，你是喜欢出门的吧...?	her_0046 | 旁白 | 窗外的光一点点变薄。ILY站在窗边，背影被夕阳压得很薄，像一张快要被风吹走的纸。	her_0048 | ILY | 虽...虽然是那样!可是...就像之前，在便利店里那样...基生，和我在一起的话，会被很多人看着，很讨厌的吧...？	でも、愛理は出かけるのが好きだっただろ……？	draft	AI 批量翻译初稿，需人工校对角色口吻与专名。		5a064c273698550f7cbe2eb65c982e1a62cd3c46ef5ff5f973630bc142cdfc05	707ba1c82dcdb9307ae9b809b15746a0585a5bda61f67b7ba74149f40b97fa8f
her_0051	heroine	女主视角 · 青	01-03		1094	基生	dialogue	衣服...去买衣服吧！！	her_0050 | ILY | 因为我...只带了学校的制服，果然还是不想让基生感到...为难...	her_scene_01_04 | heroine-card | 黄昏的玄关	服……服を買いに行こう！！	draft	AI 批量翻译初稿，需人工校对角色口吻与专名。		6f77b366e08fac8174614cfe86809d5dfc3c4130707d4460ebe1a4f1fb0db8f0	707ba1c82dcdb9307ae9b809b15746a0585a5bda61f67b7ba74149f40b97fa8f
her_0053	heroine	女主视角 · 青	01-04		1097	基生	dialogue	一个人去，真的没问题？	her_0052 | 旁白 | 走廊的白炽灯接触不良，一闪一闪。ILY站在门槛上，像踩在两种颜色的分界线上。	her_0054 | ILY | 嗯！没事的！	一人で行って、本当に大丈夫か？	draft	AI 批量翻译初稿，需人工校对角色口吻与专名。		40c4313c25413e467fcf0342b18d4b58b1f4268fd58955ebcc3f752f6c32fa84	707ba1c82dcdb9307ae9b809b15746a0585a5bda61f67b7ba74149f40b97fa8f
her_0055	heroine	女主视角 · 青	01-04		1099	基生	dialogue	好吧...那么要是有什么事情，马上给我打电话。	her_0054 | ILY | 嗯！没事的！	her_0056 | ILY | 嗯，那么我出门了。	分かった……じゃあ何かあったら、すぐ電話して。	draft	AI 批量翻译初稿，需人工校对角色口吻与专名。		9bd69c964a2cc11dffd6b0cd013ff43dfa32650c79692624f2c0b4fab6c88761	707ba1c82dcdb9307ae9b809b15746a0585a5bda61f67b7ba74149f40b97fa8f
her_0057	heroine	女主视角 · 青	01-04		1101	基生	dialogue	嗯，一路走好。	her_0056 | ILY | 嗯，那么我出门了。	her_scene_01_05 | heroine-card | 门	うん、行ってらっしゃい。	draft	AI 批量翻译初稿，需人工校对角色口吻与专名。		fb1a4d45d99d0839f6ecda0c51ae26bed5f958f6495ec19636d5e273c5a9c2a5	707ba1c82dcdb9307ae9b809b15746a0585a5bda61f67b7ba74149f40b97fa8f
her_0115	heroine	女主视角 · 青	03-01		1159	基生	dialogue	爱理，欢迎回来。	her_0114 | 旁白 | 基生站在玄关的灯光下。他的下巴泛着青色，头发梳得整整齐齐，身上甚至换了件熨过的衬衫。	her_0116 | ILY | 嗯，我回来了。	愛理、おかえり。	draft	AI 批量翻译初稿，需人工校对角色口吻与专名。		8ce7bba8602394d70f2d3e15e0ea6ab2a552891876d3ada007e12d030d95bd09	707ba1c82dcdb9307ae9b809b15746a0585a5bda61f67b7ba74149f40b97fa8f
her_0118	heroine	女主视角 · 青	03-02		1163	基生	dialogue	我也，对爱理，最，最喜...	her_0117 | 旁白 | 鱼群在两人背后无声地转了个弯，像一片突然翻面的镜子。基生的喉结上下动了一下。	her_0119 | 旁白 | 一个人的肩膀撞上了基生的背。	僕も、愛理のことが、だ、大好……	draft	AI 批量翻译初稿，需人工校对角色口吻与专名。		589b71e77985b492e5a2d4be7c5199aa265885eb5c07cc5fe8a76c3520115813	707ba1c82dcdb9307ae9b809b15746a0585a5bda61f67b7ba74149f40b97fa8f
her_0122	heroine	女主视角 · 青	03-03		1168	基生	dialogue	...对不起，我失陪了！	her_scene_03_03 | heroine-card | 水族馆·通道	her_0123 | 十屋后辈 | 诶——	……ごめん、失礼する！	draft	AI 批量翻译初稿，需人工校对角色口吻与专名。		003062dfda5f27b3a4c1d4d4863fe329fc630b7c76b00cb58caed8510bae86bd	707ba1c82dcdb9307ae9b809b15746a0585a5bda61f67b7ba74149f40b97fa8f
her_0125	heroine	女主视角 · 青	03-03		1171	基生	dialogue	才不给你发啦...	her_0124 | 十屋后辈 | 那么，请之后把小aili的照片发过来让我看一下哦——！	her_0126 | 十屋君 | 真是想要和成田前辈的小aili见一下呢！是吧，小泪！	送るわけないだろ……	draft	AI 批量翻译初稿，需人工校对角色口吻与专名。		0ef13590e94f03c5f0d23432edb9da8753a64a960e667c0daa59b6c3ee3fb3b6	707ba1c82dcdb9307ae9b809b15746a0585a5bda61f67b7ba74149f40b97fa8f
her_0152	heroine	女主视角 · 青	04-01		1200	基生	dialogue	什么啊...这算...	her_0151 | ILY | 基生的‘想’就是丢下我独自一个人待着吗？就连一句我想听的话都说不出来。这就是基生的‘想’吗？	her_0153 | 基生 | 说出来，说出来...就非得全都说出来吗？什么都不说的话，爱理就真的不明白吗！？	何だよ……それ……	draft	AI 批量翻译初稿，需人工校对角色口吻与专名。		e2ea7879a820ad31d124b4f404c3a3feb68be69ac254d5ca40fd20e592343396	707ba1c82dcdb9307ae9b809b15746a0585a5bda61f67b7ba74149f40b97fa8f
her_0153	heroine	女主视角 · 青	04-01		1201	基生	dialogue	说出来，说出来...就非得全都说出来吗？什么都不说的话，爱理就真的不明白吗！？	her_0152 | 基生 | 什么啊...这算...	her_0154 | 基生 | 为什么爱理你这么拘泥于说出来呢！？我的‘想’就是丢下你独自一个人待着...这算什么啊？	言葉にして、言葉にしてって……全部言わなきゃいけないのか？ 何も言わなかったら、愛理には本当に何も分からないのか！？	draft	AI 批量翻译初稿，需人工校对角色口吻与专名。		0fa4a2bd6ece39dbc5bf97132572f42c572e3256706a8b733d3753a97fb6700b	707ba1c82dcdb9307ae9b809b15746a0585a5bda61f67b7ba74149f40b97fa8f
her_0154	heroine	女主视角 · 青	04-01		1202	基生	dialogue	为什么爱理你这么拘泥于说出来呢！？我的‘想’就是丢下你独自一个人待着...这算什么啊？	her_0153 | 基生 | 说出来，说出来...就非得全都说出来吗？什么都不说的话，爱理就真的不明白吗！？	her_0155 | 基生 | 一直一直...一直独自一人的不是我吗...？	どうして愛理は、そんなに言葉にすることにこだわるんだ！？ 僕の気持ちが、君を置いて一人にすることだって……何だよ、それ。	draft	AI 批量翻译初稿，需人工校对角色口吻与专名。		94c799497010038c95b9bc059535fc65b83857ddccd63bb7839c3cd35c7146f2	707ba1c82dcdb9307ae9b809b15746a0585a5bda61f67b7ba74149f40b97fa8f
her_0155	heroine	女主视角 · 青	04-01		1203	基生	dialogue	一直一直...一直独自一人的不是我吗...？	her_0154 | 基生 | 为什么爱理你这么拘泥于说出来呢！？我的‘想’就是丢下你独自一个人待着...这算什么啊？	her_0156 | 基生 | 忽然从我面前消失，又忽然出现，还说着‘最喜欢你了’，‘最喜欢你了’，我才搞不懂爱理所说的‘最喜欢了’到底算什么啊...	ずっと、ずっと……ずっと一人だったのは、僕のほうじゃないか……？	draft	AI 批量翻译初稿，需人工校对角色口吻与专名。		9ec4743debac89daf17771a0a159b6c15418a4e46acecf87119eb71233a15efa	707ba1c82dcdb9307ae9b809b15746a0585a5bda61f67b7ba74149f40b97fa8f
her_0156	heroine	女主视角 · 青	04-01		1204	基生	dialogue	忽然从我面前消失，又忽然出现，还说着‘最喜欢你了’，‘最喜欢你了’，我才搞不懂爱理所说的‘最喜欢了’到底算什么啊...	her_0155 | 基生 | 一直一直...一直独自一人的不是我吗...？	her_0157 | 基生 | 爱理说的‘最喜欢你了’算什么啊！？	突然僕の前から消えて、また突然現れて、『大好き』『大好き』って……僕には、愛理の言う『大好き』が何なのか分からないんだ……	draft	AI 批量翻译初稿，需人工校对角色口吻与专名。		f230e2dc98bbf0bae04befeeaad7f97e7f6491ccbdc0f79cffc569d9ff523924	707ba1c82dcdb9307ae9b809b15746a0585a5bda61f67b7ba74149f40b97fa8f
her_0157	heroine	女主视角 · 青	04-01		1205	基生	dialogue	爱理说的‘最喜欢你了’算什么啊！？	her_0156 | 基生 | 忽然从我面前消失，又忽然出现，还说着‘最喜欢你了’，‘最喜欢你了’，我才搞不懂爱理所说的‘最喜欢了’到底算什么啊...	her_0158 | ILY | 什...说是什么...	愛理の『大好き』って、何なんだよ！？	draft	AI 批量翻译初稿，需人工校对角色口吻与专名。		ea079ab60c5af343850e5ca8bc389e947a2ee45a2ec4cbd84b49c517fb7f5918	707ba1c82dcdb9307ae9b809b15746a0585a5bda61f67b7ba74149f40b97fa8f
her_0162	heroine	女主视角 · 青	04-02		1211	基生	dialogue	...爱理？	her_0161 | 旁白 | 什么？为什么？最喜欢你就是最喜欢你吧？为什么要问这种事？什么？最喜欢你了，最喜欢你了，最喜欢，你想听我说最喜欢你的吧？听到我说最喜欢你了不是很开心吗？为什么？什么？最喜欢你了	her_0163 | 旁白 | “最喜欢你了”是什么	……愛理？	draft	AI 批量翻译初稿，需人工校对角色口吻与专名。		7395e97f4cca05af361e89c48e228ccd662bc2aef7531c425b509a882626460a	707ba1c82dcdb9307ae9b809b15746a0585a5bda61f67b7ba74149f40b97fa8f
her_0164	heroine	女主视角 · 青	04-02		1213	基生	dialogue	爱理？	her_0163 | 旁白 | “最喜欢你了”是什么	her_0165 | 基生 | 没事吧...？	愛理？	draft	AI 批量翻译初稿，需人工校对角色口吻与专名。		e2069e1d631aae9d1aabde6c8929a71e173aa6e73763f96d82634977b1e61660	707ba1c82dcdb9307ae9b809b15746a0585a5bda61f67b7ba74149f40b97fa8f
her_0165	heroine	女主视角 · 青	04-02		1214	基生	dialogue	没事吧...？	her_0164 | 基生 | 爱理？	her_scene_04_03 | heroine-card | 梦	大丈夫か……？	draft	AI 批量翻译初稿，需人工校对角色口吻与专名。		4d9fdc172d9e0de063a3f9f0a62ed69d98dae9235ce63d47140c8d79c74c5c9b	707ba1c82dcdb9307ae9b809b15746a0585a5bda61f67b7ba74149f40b97fa8f
her_0172	heroine	女主视角 · 青	04-03		1221	基生	dialogue	最...	her_0171 | 旁白 | 快一点，快一点	her_0173 | 旁白 | 向我说出那句话...	だい……	draft	AI 批量翻译初稿，需人工校对角色口吻与专名。		f7d1d524ff8133964092fc7030205e2f68e3c9798c53bcc2c31f2d36d0dca706	707ba1c82dcdb9307ae9b809b15746a0585a5bda61f67b7ba74149f40b97fa8f
her_0178	heroine	女主视角 · 青	04-04		1227	基生	dialogue	啊，爱理	her_0177 | 旁白 | 这就意味着...	her_0179 | 基生 | 太好了……你醒了啊……	あ、愛理。	draft	AI 批量翻译初稿，需人工校对角色口吻与专名。		ecf262b4347c53caeee83e1e9b6912b6b13108bbb4ed89638db31db9944ab132	707ba1c82dcdb9307ae9b809b15746a0585a5bda61f67b7ba74149f40b97fa8f
her_0179	heroine	女主视角 · 青	04-04		1228	基生	dialogue	太好了……你醒了啊……	her_0178 | 基生 | 啊，爱理	her_0180 | 基生 | 没事儿吧？身体没问题了吗？	よかった……目が覚めたんだな……	draft	AI 批量翻译初稿，需人工校对角色口吻与专名。		adb50332e31c25870fda78449f0fb491620e9f1ab3771b156a18078829255791	707ba1c82dcdb9307ae9b809b15746a0585a5bda61f67b7ba74149f40b97fa8f
her_0180	heroine	女主视角 · 青	04-04		1229	基生	dialogue	没事儿吧？身体没问题了吗？	her_0179 | 基生 | 太好了……你醒了啊……	her_0181 | ILY | 嗯……嗯嗯！可能是有点……贫血的样子。	大丈夫か？ もう身体は平気なのか？	draft	AI 批量翻译初稿，需人工校对角色口吻与专名。		aed5879a878cb58c26860244916b9cd11800b7df4df1740808a2df0609aa47ba	707ba1c82dcdb9307ae9b809b15746a0585a5bda61f67b7ba74149f40b97fa8f
her_0182	heroine	女主视角 · 青	04-04		1231	基生	dialogue	贫血吗……	her_0181 | ILY | 嗯……嗯嗯！可能是有点……贫血的样子。	her_0183 | 基生 | 你别勉强，还是躺着比较好吧……	貧血か……	draft	AI 批量翻译初稿，需人工校对角色口吻与专名。		af7669b3b68a0356ac5e4594a66d387d93ac6bdf9b4685cce3b28aeb1dd0e737	707ba1c82dcdb9307ae9b809b15746a0585a5bda61f67b7ba74149f40b97fa8f
her_0183	heroine	女主视角 · 青	04-04		1232	基生	dialogue	你别勉强，还是躺着比较好吧……	her_0182 | 基生 | 贫血吗……	her_scene_04_05 | heroine-card | 床边	無理しないで、まだ横になってたほうがいいんじゃないか……	draft	AI 批量翻译初稿，需人工校对角色口吻与专名。		869c5d6fa8ea8f004ebd4457c2b04ef120b1bcc8c42722e3328b6a87a8e6a8a7	707ba1c82dcdb9307ae9b809b15746a0585a5bda61f67b7ba74149f40b97fa8f
her_0191	heroine	女主视角 · 青	04-05		1238	基生	dialogue	爱理，	her_0187 | ILY | 我……	her_scene_04_06 | heroine-card | 拥抱	愛理、	draft	AI 批量翻译初稿，需人工校对角色口吻与专名。		7f1a0c21caa1ec300ffb5a5c765c63894edb9d5d06f032a78cfa7f76f1e03c06	707ba1c82dcdb9307ae9b809b15746a0585a5bda61f67b7ba74149f40b97fa8f
her_0193	heroine	女主视角 · 青	04-06		1241	基生	dialogue	对不起……	her_0192 | 旁白 | 这个拥抱来得十分突然。爱理睁大双眼，身体僵在原地，显然没有预料到基生会这样回应。基生低下头，将脸埋在她的肩旁，双臂紧紧环住她。	her_0194 | 基生 | 那时候，我不该让爱理一个人待着……	ごめん……	draft	AI 批量翻译初稿，需人工校对角色口吻与专名。		ff1dc1713fab95007834915beeae0ac18fa73bc5ff8108915246353bd1328ca9	707ba1c82dcdb9307ae9b809b15746a0585a5bda61f67b7ba74149f40b97fa8f
her_0194	heroine	女主视角 · 青	04-06		1242	基生	dialogue	那时候，我不该让爱理一个人待着……	her_0193 | 基生 | 对不起……	her_0195 | 基生 | 明明知道你心里十分不安，我却……	あの時、愛理を一人にするべきじゃなかった……	draft	AI 批量翻译初稿，需人工校对角色口吻与专名。		85709508f38758a4d7b375126d2c9e897b569fd3d3fd479327c6b5505212f062	707ba1c82dcdb9307ae9b809b15746a0585a5bda61f67b7ba74149f40b97fa8f
her_0195	heroine	女主视角 · 青	04-06		1243	基生	dialogue	明明知道你心里十分不安，我却……	her_0194 | 基生 | 那时候，我不该让爱理一个人待着……	her_0196 | 基生 | 一个劲儿地只顾说自己的事情。	君がすごく不安だったって分かってたのに、僕は……	draft	AI 批量翻译初稿，需人工校对角色口吻与专名。		620601e70f8927acfc9aa9ed7ced07c0c41b492516937a23231b72bbd89436d6	707ba1c82dcdb9307ae9b809b15746a0585a5bda61f67b7ba74149f40b97fa8f
her_0196	heroine	女主视角 · 青	04-06		1244	基生	dialogue	一个劲儿地只顾说自己的事情。	her_0195 | 基生 | 明明知道你心里十分不安，我却……	her_0197 | 基生 | 真的非常对不起……	自分のことばかり、一方的に話してた。	draft	AI 批量翻译初稿，需人工校对角色口吻与专名。		b0a7cdb8e3fbba9d2ad01de8d2c517475f2284aa7619701de6e4643442715195	707ba1c82dcdb9307ae9b809b15746a0585a5bda61f67b7ba74149f40b97fa8f
her_0197	heroine	女主视角 · 青	04-06		1245	基生	dialogue	真的非常对不起……	her_0196 | 基生 | 一个劲儿地只顾说自己的事情。	her_0198 | ILY | ……基生。	本当にごめん……	draft	AI 批量翻译初稿，需人工校对角色口吻与专名。		8bfa9ccb6509dc7d89638a0bf91efd914a334db0024e6b2e49e3de9f723b7c7b	707ba1c82dcdb9307ae9b809b15746a0585a5bda61f67b7ba74149f40b97fa8f
her_0200	heroine	女主视角 · 青	04-06		1248	基生	dialogue	诶，那个……对不起！我……！	her_0199 | ILY | 放开我。	her_0201 | 基生 | 难道是那时候，身上有哪里受伤了吗……！？	え、あの……ごめん！ 僕……！	draft	AI 批量翻译初稿，需人工校对角色口吻与专名。		76f70cbd63f8097acdddbf0b536da3c1100b4f1251518a3026458269db934582	707ba1c82dcdb9307ae9b809b15746a0585a5bda61f67b7ba74149f40b97fa8f
her_0201	heroine	女主视角 · 青	04-06		1249	基生	dialogue	难道是那时候，身上有哪里受伤了吗……！？	her_0200 | 基生 | 诶，那个……对不起！我……！	her_0202 | ILY | ……不，不是那样。	まさか、あの時どこか怪我したのか……！？	draft	AI 批量翻译初稿，需人工校对角色口吻与专名。		4caaf0bba341d6fe48eddab8c9acb3b6bb80a320b6311d4db3e027fde7349e47	707ba1c82dcdb9307ae9b809b15746a0585a5bda61f67b7ba74149f40b97fa8f
her_0204	heroine	女主视角 · 青	04-06		1252	基生	dialogue	发、发烧了……！？	her_0203 | 旁白 | 她脸颊通红，神情慌乱。基生看到她的异常反应，凑近了些。	her_0205 | ILY | 不、不是哦！我没事的！	ね、熱があるのか……！？	draft	AI 批量翻译初稿，需人工校对角色口吻与专名。		4ae85ec498880d0e4ebc1635d0f03def62ce3249cd8fa58422fcce34e848bf54	707ba1c82dcdb9307ae9b809b15746a0585a5bda61f67b7ba74149f40b97fa8f
her_0211	heroine	女主视角 · 青	04-07		1257	基生	dialogue	爱理，我啊……	her_scene_04_07 | heroine-card | 未遂的告白	her_0212 | 基生 | 再也不会让你一个人待着了。	愛理、僕は……	draft	AI 批量翻译初稿，需人工校对角色口吻与专名。		a0115024ee218c608885262b744072418c3badb3e435a18a0e70e42ea5514cff	707ba1c82dcdb9307ae9b809b15746a0585a5bda61f67b7ba74149f40b97fa8f
her_0212	heroine	女主视角 · 青	04-07		1258	基生	dialogue	再也不会让你一个人待着了。	her_0211 | 基生 | 爱理，我啊……	her_0213 | 基生 | 我发誓，因为在我眼里，爱理你真的非常重要。	もう二度と、君を一人にしない。	draft	AI 批量翻译初稿，需人工校对角色口吻与专名。		787bb754fb8e58ed3e3e4c2937eb253b3b4c8420279d6b4b5d1551de5a95d279	707ba1c82dcdb9307ae9b809b15746a0585a5bda61f67b7ba74149f40b97fa8f
her_0213	heroine	女主视角 · 青	04-07		1259	基生	dialogue	我发誓，因为在我眼里，爱理你真的非常重要。	her_0212 | 基生 | 再也不会让你一个人待着了。	her_0215 | 基生 | 所以……爱理你要是对我没有言语上的表示而感到不安的话，那么，我现在就传达给你。	誓うよ。僕にとって、愛理は本当に大切だから。	draft	AI 批量翻译初稿，需人工校对角色口吻与专名。		67d9fe9515f9ab4ade84c2c4d4274326249a04db965674209d6d8574b2dfcb68	707ba1c82dcdb9307ae9b809b15746a0585a5bda61f67b7ba74149f40b97fa8f
her_0215	heroine	女主视角 · 青	04-07		1260	基生	dialogue	所以……爱理你要是对我没有言语上的表示而感到不安的话，那么，我现在就传达给你。	her_0213 | 基生 | 我发誓，因为在我眼里，爱理你真的非常重要。	her_0217 | 旁白 | 基生红着脸，准备完成告白。	だから……僕が言葉にしないことで愛理が不安になるなら、今、ちゃんと伝えるよ。	draft	AI 批量翻译初稿，需人工校对角色口吻与专名。		3f40fd6acd15c661862e0d9d7ddad173e7e653e29fc4888198e90db22093a58b	707ba1c82dcdb9307ae9b809b15746a0585a5bda61f67b7ba74149f40b97fa8f
her_0218	heroine	女主视角 · 青	04-07		1262	基生	dialogue	我也……对爱理你……	her_0217 | 旁白 | 基生红着脸，准备完成告白。	her_0220 | 基生 | 最喜……	僕も……愛理のことが……	draft	AI 批量翻译初稿，需人工校对角色口吻与专名。		1aa546aa488639f2d834bcd82f1b9ae99fe3eff15c53ceb7781b089ef1d176f7	707ba1c82dcdb9307ae9b809b15746a0585a5bda61f67b7ba74149f40b97fa8f
her_0220	heroine	女主视角 · 青	04-07		1263	基生	dialogue	最喜……	her_0218 | 基生 | 我也……对爱理你……	her_0221 | ILY | 不行！！	大好……	draft	AI 批量翻译初稿，需人工校对角色口吻与专名。		3a243fdf8d4533802d5f02495861c5608a56d33c106abbc224027c901a359437	707ba1c82dcdb9307ae9b809b15746a0585a5bda61f67b7ba74149f40b97fa8f
her_0225	heroine	女主视角 · 青	04-08		1268	基生	dialogue	诶？爱……爱理？	her_0224 | ILY | 所以，我稍微，去外面！呼吸一下空气！！	her_0226 | ILY | 唔~~~看那边！！	え？ あ……愛理？	draft	AI 批量翻译初稿，需人工校对角色口吻与专名。		2ad4d77ab7ca6d73a2568d9653621c31d0cfa7f259ec22c4e494e843d3cf91bc	707ba1c82dcdb9307ae9b809b15746a0585a5bda61f67b7ba74149f40b97fa8f
her_0241	heroine	女主视角 · 青	05-01		1279	基生	dialogue	江之岛……很久没来了啊。	her_0240 | 旁白 | 两人背着随身物品，沿着通往岛上的道路前进。	her_0242 | 基生 | 今天是个晴天，真不错呢。	江ノ島……久しぶりだな。	draft	AI 批量翻译初稿，需人工校对角色口吻与专名。		418d05577932903c1bd27764b4586a69547cc9c3f5d958dab4b675058bf5fed4	707ba1c82dcdb9307ae9b809b15746a0585a5bda61f67b7ba74149f40b97fa8f
her_0242	heroine	女主视角 · 青	05-01		1280	基生	dialogue	今天是个晴天，真不错呢。	her_0241 | 基生 | 江之岛……很久没来了啊。	her_0243 | ILY | 嗯……是呢。	今日は晴れてよかったな。	draft	AI 批量翻译初稿，需人工校对角色口吻与专名。		b8e06afbdaa89ce11db3c536473d218adae97ff7e19fc8605450057cbafb1c46	707ba1c82dcdb9307ae9b809b15746a0585a5bda61f67b7ba74149f40b97fa8f
her_0244	heroine	女主视角 · 青	05-01		1282	基生	dialogue	走吧，爱理。	her_0243 | ILY | 嗯……是呢。	her_0245 | ILY | 嗯！	行こう、愛理。	draft	AI 批量翻译初稿，需人工校对角色口吻与专名。		46f563d27bb9b5242a05b6c79001e472e810d6d02e9a1052293cdd150415a1b7	707ba1c82dcdb9307ae9b809b15746a0585a5bda61f67b7ba74149f40b97fa8f
her_0248	heroine	女主视角 · 青	05-02		1287	基生	dialogue	啊啊……好怀念啊。	her_0247 | ILY | 基生、这里……	her_0249 | 基生 | 之前是高中的时候……6月份来的吧。	ああ……懐かしいな。	draft	AI 批量翻译初稿，需人工校对角色口吻与专名。		060cc5f0c3627a4a504a5af89bf6f872f97f7d2a3476af8468ad790a1f8d840b	707ba1c82dcdb9307ae9b809b15746a0585a5bda61f67b7ba74149f40b97fa8f
her_0249	heroine	女主视角 · 青	05-02		1288	基生	dialogue	之前是高中的时候……6月份来的吧。	her_0248 | 基生 | 啊啊……好怀念啊。	her_0250 | 基生 | 紫阳花还大片大片的开着。	前に来たのは高校生の時……六月だったよな。	draft	AI 批量翻译初稿，需人工校对角色口吻与专名。		61d8e0e7f3fbbcadb962f5fb02313a233c465be948b270110eab238189f7ed5c	707ba1c82dcdb9307ae9b809b15746a0585a5bda61f67b7ba74149f40b97fa8f
her_0250	heroine	女主视角 · 青	05-02		1289	基生	dialogue	紫阳花还大片大片的开着。	her_0249 | 基生 | 之前是高中的时候……6月份来的吧。	her_0251 | 旁白 | 现在已经进入八月，花期即将结束，只剩下一部分花朵仍然开放。	紫陽花が一面に咲いてた。	draft	AI 批量翻译初稿，需人工校对角色口吻与专名。		1dc8a4a2e881e992a0f50e00b8d27a429769d16c1ddc4a480a19aedebef387bd	707ba1c82dcdb9307ae9b809b15746a0585a5bda61f67b7ba74149f40b97fa8f
her_0252	heroine	女主视角 · 青	05-02		1291	基生	dialogue	现在已经是八月份了呢—	her_0251 | 旁白 | 现在已经进入八月，花期即将结束，只剩下一部分花朵仍然开放。	her_0253 | 基生 | 啊、还有一些呢。	今はもう八月だからな——	draft	AI 批量翻译初稿，需人工校对角色口吻与专名。		76a2cd967772bed6d6a2a275556843c83a27fac05adb11a610d290d529775090	707ba1c82dcdb9307ae9b809b15746a0585a5bda61f67b7ba74149f40b97fa8f
her_0253	heroine	女主视角 · 青	05-02		1292	基生	dialogue	啊、还有一些呢。	her_0252 | 基生 | 现在已经是八月份了呢—	her_0254 | 旁白 | ILY脑中闪过基生手机相册里的照片，是他高中时代拍下的。照片里的爱理站在同一个地方，面带笑容。	あ、まだ少し咲いてる。	draft	AI 批量翻译初稿，需人工校对角色口吻与专名。		a3054c7fc33aebc573f9713e4fbcd5c3b03511b41713c5e5352daf1d760082d6	707ba1c82dcdb9307ae9b809b15746a0585a5bda61f67b7ba74149f40b97fa8f
her_0257	heroine	女主视角 · 青	05-02		1295	基生	dialogue	……明年、再一起来吧。	her_0256 | ILY | 这样啊……	her_0258 | 基生 | 明年6月份的时候。	……来年、また一緒に来よう。	draft	AI 批量翻译初稿，需人工校对角色口吻与专名。		64339f8646b457d7b2c65516366896b6fb56d4f301a8c4f9a70a95ab40527a42	707ba1c82dcdb9307ae9b809b15746a0585a5bda61f67b7ba74149f40b97fa8f
her_0258	heroine	女主视角 · 青	05-02		1296	基生	dialogue	明年6月份的时候。	her_0257 | 基生 | ……明年、再一起来吧。	her_0259 | ILY | 嗯……	来年の六月に。	draft	AI 批量翻译初稿，需人工校对角色口吻与专名。		fccb7b7c28300abbac1060bc98c74cf871812cbc68d038872577438142537ace	707ba1c82dcdb9307ae9b809b15746a0585a5bda61f67b7ba74149f40b97fa8f
her_0274	heroine	女主视角 · 青	05-03		1307	基生	dialogue	怎么了，忽然这么说……	her_0272 | ILY | 这么想的……	her_0275 | 基生 | 嗯、	どうしたんだ、急にそんなこと言って……	draft	AI 批量翻译初稿，需人工校对角色口吻与专名。		00c4b17f0502e5722b5b3dc9ecedf9d88df2636aa5343cbd39fb3934dd5a05ce	707ba1c82dcdb9307ae9b809b15746a0585a5bda61f67b7ba74149f40b97fa8f
her_0275	heroine	女主视角 · 青	05-03		1308	基生	dialogue	嗯、	her_0274 | 基生 | 怎么了，忽然这么说……	her_0276 | 基生 | 我也想和爱理一直在一起。	うん、	draft	AI 批量翻译初稿，需人工校对角色口吻与专名。		e2a845cf9f41293695f9d7343a0e48c3a0203558c33e8e7881d9d02657d848d7	707ba1c82dcdb9307ae9b809b15746a0585a5bda61f67b7ba74149f40b97fa8f
her_0276	heroine	女主视角 · 青	05-03		1309	基生	dialogue	我也想和爱理一直在一起。	her_0275 | 基生 | 嗯、	her_scene_05_04 | heroine-card | 江之岛·最后一站	僕も、ずっと愛理と一緒にいたい。	draft	AI 批量翻译初稿，需人工校对角色口吻与专名。		ef127facbbdb8bf3122792ef9ebc0fa758edb4e1903023a70f9a509154548118	707ba1c82dcdb9307ae9b809b15746a0585a5bda61f67b7ba74149f40b97fa8f
her_0279	heroine	女主视角 · 青	05-04		1311	基生	dialogue	这里是最后一站了……差不多该回去了吧？	her_scene_05_04 | heroine-card | 江之岛·最后一站	her_0280 | ILY | 啊……	ここで最後だ……そろそろ帰ろうか？	draft	AI 批量翻译初稿，需人工校对角色口吻与专名。		ff87eb41254298ce7b6e664f6c16581825060b9b307156f66ca702cd08c23977	707ba1c82dcdb9307ae9b809b15746a0585a5bda61f67b7ba74149f40b97fa8f
her_0282	heroine	女主视角 · 青	05-04		1314	基生	dialogue	……对了！	her_0281 | ILY | ……嗯、	her_0283 | 基生 | ……这里、可以看到很漂亮的夕阳呢。	……そうだ！	draft	AI 批量翻译初稿，需人工校对角色口吻与专名。		c7583e36e9daf176db47fc900b1cdffffc942df1fc9362f3adcb2ff5921842ac	707ba1c82dcdb9307ae9b809b15746a0585a5bda61f67b7ba74149f40b97fa8f
her_0283	heroine	女主视角 · 青	05-04		1315	基生	dialogue	……这里、可以看到很漂亮的夕阳呢。	her_0282 | 基生 | ……对了！	her_0284 | 基生 | 我昨天、调查过了。怎么说、也是约会……	……ここ、すごくきれいな夕日が見えるんだ。	draft	AI 批量翻译初稿，需人工校对角色口吻与专名。		e1fc48feeef702816fda92bf1723cba2d520810bf037674b4f3532a3ca532eaa	707ba1c82dcdb9307ae9b809b15746a0585a5bda61f67b7ba74149f40b97fa8f
her_0284	heroine	女主视角 · 青	05-04		1316	基生	dialogue	我昨天、调查过了。怎么说、也是约会……	her_0283 | 基生 | ……这里、可以看到很漂亮的夕阳呢。	her_0285 | 基生 | 所以……	昨日、調べたんだ。いちおう、デートだから……	draft	AI 批量翻译初稿，需人工校对角色口吻与专名。		a6404228add086747fa84084b775cafaafd99407e7f8c301494f4949abd3869f	707ba1c82dcdb9307ae9b809b15746a0585a5bda61f67b7ba74149f40b97fa8f
her_0285	heroine	女主视角 · 青	05-04		1317	基生	dialogue	所以……	her_0284 | 基生 | 我昨天、调查过了。怎么说、也是约会……	her_0286 | 基生 | 还有一些时间……要一起看夕阳吗？	だから……	draft	AI 批量翻译初稿，需人工校对角色口吻与专名。		a057ad0a7d1a20eb29fd27176645d40a4a8b73d6950f0d2a261e0b4d6e548709	707ba1c82dcdb9307ae9b809b15746a0585a5bda61f67b7ba74149f40b97fa8f
her_0286	heroine	女主视角 · 青	05-04		1318	基生	dialogue	还有一些时间……要一起看夕阳吗？	her_0285 | 基生 | 所以……	her_0287 | ILY | ！	まだ少し時間があるし……一緒に夕日を見ないか？	draft	AI 批量翻译初稿，需人工校对角色口吻与专名。		3deadecb0c47b07765a066e105c8f4756f2bfc1df1845fcc0d47b7682eecf774	707ba1c82dcdb9307ae9b809b15746a0585a5bda61f67b7ba74149f40b97fa8f
her_0289	heroine	女主视角 · 青	05-04		1321	基生	dialogue	……嗯、那么我们在这里等一会儿吧。	her_0288 | ILY | 嗯！我想看！	her_0290 | ILY | 嗯！	……うん、じゃあここで少し待とう。	draft	AI 批量翻译初稿，需人工校对角色口吻与专名。		2d130a6b84aa96734d87f983d370f107aa5ad7ea2243cf6ecb6ade89ee6b4cfd	707ba1c82dcdb9307ae9b809b15746a0585a5bda61f67b7ba74149f40b97fa8f
her_0291	heroine	女主视角 · 青	05-04		1323	基生	dialogue	那么、我	her_0290 | ILY | 嗯！	her_0292 | 基生 | 去买点喝的吧。爱理你想喝什么呢？	じゃあ、僕は——	draft	AI 批量翻译初稿，需人工校对角色口吻与专名。		61e0709f3378793b5efe8bcf297b1647260de50d928abeb3b5be29ad160d3bc4	707ba1c82dcdb9307ae9b809b15746a0585a5bda61f67b7ba74149f40b97fa8f
her_0292	heroine	女主视角 · 青	05-04		1324	基生	dialogue	去买点喝的吧。爱理你想喝什么呢？	her_0291 | 基生 | 那么、我	her_0293 | ILY | 啊，我就不用了！	飲み物を買ってくるよ。愛理は何が飲みたい？	draft	AI 批量翻译初稿，需人工校对角色口吻与专名。		7dd21ae16101b9b1e17756022c6da24b601d13978bd60e4c74e9852b8078dbda	707ba1c82dcdb9307ae9b809b15746a0585a5bda61f67b7ba74149f40b97fa8f
her_0294	heroine	女主视角 · 青	05-04		1326	基生	dialogue	知道了。那么稍等我一下。	her_0293 | ILY | 啊，我就不用了！	her_0295 | ILY | 我也想一起去！	分かった。じゃあ少し待ってて。	draft	AI 批量翻译初稿，需人工校对角色口吻与专名。		83e55fa94c271fa083cd77915b771c3a19d46b41342cf3d526e48ed61b534ae1	707ba1c82dcdb9307ae9b809b15746a0585a5bda61f67b7ba74149f40b97fa8f
her_0296	heroine	女主视角 · 青	05-04		1328	基生	dialogue	不用了不用了。因为还要爬楼梯，很累的。	her_0295 | ILY | 我也想一起去！	her_0297 | ILY | 是、是吗？那……嗯、我等你回来哦。	いいよ、いいよ。このあと階段も上るし、疲れるだろ。	draft	AI 批量翻译初稿，需人工校对角色口吻与专名。		588ae7b6bd34abb550820cb9d415c12ab65a7e4bc33053db125eb388ea6cacf5	707ba1c82dcdb9307ae9b809b15746a0585a5bda61f67b7ba74149f40b97fa8f
her_0298	heroine	女主视角 · 青	05-04		1330	基生	dialogue	嗯。	her_0297 | ILY | 是、是吗？那……嗯、我等你回来哦。	her_0299 | 基生 | ……不会掉进海里去的吧？	うん。	draft	AI 批量翻译初稿，需人工校对角色口吻与专名。		bad05871955cb415dcd38b9af41b6cde408f0502aec4cd9571153bba903aca20	707ba1c82dcdb9307ae9b809b15746a0585a5bda61f67b7ba74149f40b97fa8f
her_0299	heroine	女主视角 · 青	05-04		1331	基生	dialogue	……不会掉进海里去的吧？	her_0298 | 基生 | 嗯。	her_0300 | ILY | 才不会啦！！	……海に落ちたりしないよな？	draft	AI 批量翻译初稿，需人工校对角色口吻与专名。		7be416c4609c84a6d859248fee430c53f103c0d88bea1989494abd75bbffcb5f	707ba1c82dcdb9307ae9b809b15746a0585a5bda61f67b7ba74149f40b97fa8f
her_0327	heroine	女主视角 · 青	05-06		1344	基生	dialogue	爱理...？	her_0326 | ILY | 呢...	her_0328 | 旁白 | 夕阳下，一位留着长发、拥有成年女性身形的人。她与爱理极为相似，却又不是ILY在基生记忆里看到的模样。	愛理……？	draft	AI 批量翻译初稿，需人工校对角色口吻与专名。		414371e645949117b4009dc5c2deaadb6585b84ca66f28703328ca3faa9731a4	707ba1c82dcdb9307ae9b809b15746a0585a5bda61f67b7ba74149f40b97fa8f
her_0361	heroine	女主视角 · 青	05-08		1365	基生	dialogue	我...和...？	her_0360 | ILY | 基生！基生！	her_0362 | ILY | 请看看我这边啊！听听我的声音啊！求你了！	僕……と……？	draft	AI 批量翻译初稿，需人工校对角色口吻与专名。		3047aa5c35c7ae357a1cea60e37a1ee6385473c6c1499c29e70414d3e82b5678	707ba1c82dcdb9307ae9b809b15746a0585a5bda61f67b7ba74149f40b97fa8f
her_0384	heroine	女主视角 · 青	06-01		1382	基生	dialogue	你好，我是成田。	her_scene_06_01 | heroine-card | 深夜，基生的房间	her_0385 | 主管 | 成田君！对不起啊，在你休息的时候还打扰你。	もしもし、成田です。	draft	AI 批量翻译初稿，需人工校对角色口吻与专名。		a56b2115d87b02b9312e3484a3296b3fae9a2979b4484748a7af696f1fc5d454	707ba1c82dcdb9307ae9b809b15746a0585a5bda61f67b7ba74149f40b97fa8f
her_0386	heroine	女主视角 · 青	06-01		1384	基生	dialogue	不...没关系的。	her_0385 | 主管 | 成田君！对不起啊，在你休息的时候还打扰你。	her_0387 | 主管 | 其实今天要上班的那个孩子忽然身体不舒服，所以没办法来了。	いえ……大丈夫です。	draft	AI 批量翻译初稿，需人工校对角色口吻与专名。		3c09096d1612f9c5447a22137f5031955c3b54ad8abf52283eabcf57e59289db	707ba1c82dcdb9307ae9b809b15746a0585a5bda61f67b7ba74149f40b97fa8f
her_0389	heroine	女主视角 · 青	06-01		1387	基生	dialogue	啊……可以啊。我去。	her_0388 | 主管 | 所以想问一下，成田君你能不能来救个急……	her_0390 | 主管 | 真的吗！？太谢谢你了！让你连续着工作两天，真是不好意思。	あ……いいですよ。行きます。	draft	AI 批量翻译初稿，需人工校对角色口吻与专名。		90fbbb9b4716af6bd06c9a82b59771e539f2babb2c6cdb9f81fe9625c1d14848	707ba1c82dcdb9307ae9b809b15746a0585a5bda61f67b7ba74149f40b97fa8f
her_0391	heroine	女主视角 · 青	06-01		1389	基生	dialogue	没什么……	her_0390 | 主管 | 真的吗！？太谢谢你了！让你连续着工作两天，真是不好意思。	her_0392 | 基生 | 那个……我该什么时候去呢？	何でもないです……	draft	AI 批量翻译初稿，需人工校对角色口吻与专名。		1d60c8cb40064fe2a1f535821dab05f3ff26f0f11750df6b2a9c93c0e7f7d564	707ba1c82dcdb9307ae9b809b15746a0585a5bda61f67b7ba74149f40b97fa8f
her_0392	heroine	女主视角 · 青	06-01		1390	基生	dialogue	那个……我该什么时候去呢？	her_0391 | 基生 | 没什么……	her_0393 | 主管 | 那你就来上B班吧——	あの……いつ伺えばいいですか？	draft	AI 批量翻译初稿，需人工校对角色口吻与专名。		48bb63eafcf08d164d1723081979f47ff01912c615f46991557d708b929e557c	707ba1c82dcdb9307ae9b809b15746a0585a5bda61f67b7ba74149f40b97fa8f
her_0396	heroine	女主视角 · 青	06-01		1393	基生	dialogue	……算了，不充了……差不多也该把它丢掉了……	her_0394 | 旁白 | 电量即将耗尽。手机即将关机，请您立刻充电或者更换充电完成的手机电池。	her_0397 | ？ | 基生——！	……もういい、充電しなくて……そろそろ捨てないとな……	draft	AI 批量翻译初稿，需人工校对角色口吻与专名。		791cbbba48b8299ea8634654ffcb5389de2d38e076ea05bc4f87ea0391a9f801	707ba1c82dcdb9307ae9b809b15746a0585a5bda61f67b7ba74149f40b97fa8f
her_0399	heroine	女主视角 · 青	06-01		1396	基生	dialogue	!!	her_0398 | 旁白 | 房间里只有床铺、窗帘和昏暗的室内环境，他的眼神中流露出惊讶与疑惑。	her_0400 | 基生 | ...所以说……那个只是幻想而已……	！！	draft	AI 批量翻译初稿，需人工校对角色口吻与专名。		d6fa5693406e7651270fc468aabf9cc63225636eac204b5a9d106dd843d52e54	707ba1c82dcdb9307ae9b809b15746a0585a5bda61f67b7ba74149f40b97fa8f
her_0400	heroine	女主视角 · 青	06-01		1397	基生	dialogue	...所以说……那个只是幻想而已……	her_0399 | 基生 | !!	her_0401 | 基生 | 那种事情还是快点忘了吧……	……だから……あれはただの幻だったんだ……	draft	AI 批量翻译初稿，需人工校对角色口吻与专名。		19ab5a9e937a352391e76b590abb00b2d34603111a03947d6f1b0aca992a2b16	707ba1c82dcdb9307ae9b809b15746a0585a5bda61f67b7ba74149f40b97fa8f
her_0401	heroine	女主视角 · 青	06-01		1398	基生	dialogue	那种事情还是快点忘了吧……	her_0400 | 基生 | ...所以说……那个只是幻想而已……	her_0402 | ILY | 基生...	そんなこと、早く忘れたほうがいい……	draft	AI 批量翻译初稿，需人工校对角色口吻与专名。		3623d8af00cc794b5c7dde7476fec76a82be9402686187c5a6d215e80165c126	707ba1c82dcdb9307ae9b809b15746a0585a5bda61f67b7ba74149f40b97fa8f
her_0424	heroine	女主视角 · 青	06-03		1421	基生	dialogue	哇啊！	her_0423 | 旁白 | 基生正躺在床上睡觉，突然感觉有什么虫子爬过他的肩膀。	her_0425 | ILY | 啊...	うわっ！	draft	AI 批量翻译初稿，需人工校对角色口吻与专名。		0eebe50920016745e3d85fdc4e21a6f64c6f5897ae68713e8a2a0da481fb8111	707ba1c82dcdb9307ae9b809b15746a0585a5bda61f67b7ba74149f40b97fa8f
her_0427	heroine	女主视角 · 青	06-03		1424	基生	dialogue	刚才是怎么回事……！	her_0426 | ILY | 对不起...	her_0428 | 基生 | 虫子吗……!?	今のは何だったんだ……！	draft	AI 批量翻译初稿，需人工校对角色口吻与专名。		cc9975f51b7d7bb231d97295a38710cdf446bc1d5824fa3c4ae2efbd0a53ea05	707ba1c82dcdb9307ae9b809b15746a0585a5bda61f67b7ba74149f40b97fa8f
her_0428	heroine	女主视角 · 青	06-03		1425	基生	dialogue	虫子吗……!?	her_0427 | 基生 | 刚才是怎么回事……！	her_0429 | ILY | 基生...那个...	虫か……！？	draft	AI 批量翻译初稿，需人工校对角色口吻与专名。		ef71813c9d556db1f121298263f1789da2d1f84330e91cf3f91f3f8f78672f52	707ba1c82dcdb9307ae9b809b15746a0585a5bda61f67b7ba74149f40b97fa8f
her_0430	heroine	女主视角 · 青	06-03		1427	基生	dialogue	哈……	her_0429 | ILY | 基生...那个...	her_0431 | 基生 | 什么东西啊……	はあ……	draft	AI 批量翻译初稿，需人工校对角色口吻与专名。		1abba6a0177853708873717e087a9bb85d5f64c13e36ae71b5cca0f09e688cda	707ba1c82dcdb9307ae9b809b15746a0585a5bda61f67b7ba74149f40b97fa8f
her_0431	heroine	女主视角 · 青	06-03		1428	基生	dialogue	什么东西啊……	her_0430 | 基生 | 哈……	her_0432 | 基生 | 真是不舒服……	何なんだよ……	draft	AI 批量翻译初稿，需人工校对角色口吻与专名。		aeef47cec3437a3c2dee25b16e2514c6a54c822f05d4d2f44ce42a6f1ed9bd77	707ba1c82dcdb9307ae9b809b15746a0585a5bda61f67b7ba74149f40b97fa8f
her_0432	heroine	女主视角 · 青	06-03		1429	基生	dialogue	真是不舒服……	her_0431 | 基生 | 什么东西啊……	her_0433 | ILY | ...！	気持ち悪い……	draft	AI 批量翻译初稿，需人工校对角色口吻与专名。		8196059e073ced7ac25d381221e63854c64d3e8afd62d934af4b08c1b01a0046	707ba1c82dcdb9307ae9b809b15746a0585a5bda61f67b7ba74149f40b97fa8f
fin_026	final	最终章 · One Last Kiss	S01		1473	基生	dialogue	……！	fin_025 | ILY | 我怎么可能，去吃下抱着这种心情的人啊……！	"fin_027 | ILY | 我啊，从那之后，在和基生一起的生活中，完全理解了基生你对""爱理""的那份思念。"	……！	draft	AI 批量翻译初稿，需人工校对角色口吻与专名。		33cc94cdb6338e42ba98fa023cd0ba0f9934c6597a1bdf1c344b7064d1f89035	707ba1c82dcdb9307ae9b809b15746a0585a5bda61f67b7ba74149f40b97fa8f
fin_037	final	最终章 · One Last Kiss	S01		1484	基生	dialogue	ILY……	fin_036 | ILY | 我明明知道这件事，但我还……	fin_038 | 基生 | 我啊……	ILY……	draft	AI 批量翻译初稿，需人工校对角色口吻与专名。		28394ec40bf5a8422f73d370300862606d5039caafbdc1c7c94ff950e6b45723	707ba1c82dcdb9307ae9b809b15746a0585a5bda61f67b7ba74149f40b97fa8f
fin_038	final	最终章 · One Last Kiss	S01		1485	基生	dialogue	我啊……	fin_037 | 基生 | ILY……	fin_039 | 基生 | 我的确是一直、一直在想着爱理的事情。	僕は……	draft	AI 批量翻译初稿，需人工校对角色口吻与专名。		42be23ae1e2597d3d23b8791c6ed1101307bd9ecaa040c06ef2d15767c6a003a	707ba1c82dcdb9307ae9b809b15746a0585a5bda61f67b7ba74149f40b97fa8f
fin_039	final	最终章 · One Last Kiss	S01		1486	基生	dialogue	我的确是一直、一直在想着爱理的事情。	fin_038 | 基生 | 我啊……	fin_040 | 基生 | 这十年间，我无时无刻都只牵挂着爱理……我自以为是这样。	確かに僕は、ずっと、ずっと愛理のことを思っていた。	draft	AI 批量翻译初稿，需人工校对角色口吻与专名。		44b15b97acf0b11e5d6f552c1c5de593af8176cbf905294482dd64a842a8cbf9	707ba1c82dcdb9307ae9b809b15746a0585a5bda61f67b7ba74149f40b97fa8f
fin_040	final	最终章 · One Last Kiss	S01		1487	基生	dialogue	这十年间，我无时无刻都只牵挂着爱理……我自以为是这样。	fin_039 | 基生 | 我的确是一直、一直在想着爱理的事情。	fin_041 | 基生 | 但是，我所牵挂的，不过是那个存在于我手机中、存在于我记忆里、对我极尽顺遂之能事的爱理而已。	この十年間、いつだって愛理のことだけを思い続けていた……自分では、そう思っていた。	draft	AI 批量翻译初稿，需人工校对角色口吻与专名。		6db466a3e7f63488a575f714a7432f7403a5ce57ddd5ebc9cfe30fdfc64d13d5	707ba1c82dcdb9307ae9b809b15746a0585a5bda61f67b7ba74149f40b97fa8f
fin_041	final	最终章 · One Last Kiss	S01		1488	基生	dialogue	但是，我所牵挂的，不过是那个存在于我手机中、存在于我记忆里、对我极尽顺遂之能事的爱理而已。	fin_040 | 基生 | 这十年间，我无时无刻都只牵挂着爱理……我自以为是这样。	fin_042 | 基生 | 而我对那个时候的爱理，所感受到的悲伤，和寂寞，一无所知。	でも僕が思っていたのは、携帯の中にいて、僕の記憶の中にいて、何もかも僕の望みどおりにしてくれる愛理だけだった。	draft	AI 批量翻译初稿，需人工校对角色口吻与专名。		ab92f10112c111dc3c6a47fae58b5e168146d44fec8341f16592fe61073c70d8	707ba1c82dcdb9307ae9b809b15746a0585a5bda61f67b7ba74149f40b97fa8f
fin_042	final	最终章 · One Last Kiss	S01		1489	基生	dialogue	而我对那个时候的爱理，所感受到的悲伤，和寂寞，一无所知。	fin_041 | 基生 | 但是，我所牵挂的，不过是那个存在于我手机中、存在于我记忆里、对我极尽顺遂之能事的爱理而已。	fin_043 | 基生 | 要是我真的对爱理那么想念的话，爱理也就不会从我的面前消失不见了……	あの頃の愛理が感じていた悲しみも、寂しさも、僕は何一つ知らなかった。	draft	AI 批量翻译初稿，需人工校对角色口吻与专名。		c9993026ebfdf493097658634452707b1af6245c1bb6e9b00b0b8c849c202dd8	707ba1c82dcdb9307ae9b809b15746a0585a5bda61f67b7ba74149f40b97fa8f
fin_043	final	最终章 · One Last Kiss	S01		1490	基生	dialogue	要是我真的对爱理那么想念的话，爱理也就不会从我的面前消失不见了……	fin_042 | 基生 | 而我对那个时候的爱理，所感受到的悲伤，和寂寞，一无所知。	fin_044 | 基生 | 没错，所以……	もし僕が本当に愛理のことを思えていたなら、愛理は僕の前から消えたりしなかった……	draft	AI 批量翻译初稿，需人工校对角色口吻与专名。		6ffc33110198b390a966046db4d8f0b3fdccb96df50a4564464ff38ecf8e20eb	707ba1c82dcdb9307ae9b809b15746a0585a5bda61f67b7ba74149f40b97fa8f
fin_044	final	最终章 · One Last Kiss	S01		1491	基生	dialogue	没错，所以……	fin_043 | 基生 | 要是我真的对爱理那么想念的话，爱理也就不会从我的面前消失不见了……	fin_045 | 基生 | ILY……	そうだ。だから……	draft	AI 批量翻译初稿，需人工校对角色口吻与专名。		fba316018e9d9a8cdc0f142bae03f04e1fc8faf3b00875d6cf1c9ae8187bab11	707ba1c82dcdb9307ae9b809b15746a0585a5bda61f67b7ba74149f40b97fa8f
fin_045	final	最终章 · One Last Kiss	S01		1492	基生	dialogue	ILY……	fin_044 | 基生 | 没错，所以……	fin_046 | 基生 | 如果 ILY 你，在我度过的时光中，从我倾注于爱理的感情里，感受到了温暖，那么……	ILY……	draft	AI 批量翻译初稿，需人工校对角色口吻与专名。		28394ec40bf5a8422f73d370300862606d5039caafbdc1c7c94ff950e6b45723	707ba1c82dcdb9307ae9b809b15746a0585a5bda61f67b7ba74149f40b97fa8f
fin_046	final	最终章 · One Last Kiss	S01		1493	基生	dialogue	如果 ILY 你，在我度过的时光中，从我倾注于爱理的感情里，感受到了温暖，那么……	fin_045 | 基生 | ILY……	"fin_047 | 基生 | 我的那份感情，一定是倾注在了，找到了我、陪伴着我的""ILY""身上。"	もしILYが、僕の過ごしてきた時間の中に、愛理へ注いだ感情の中に、温もりを感じてくれたのなら……	draft	AI 批量翻译初稿，需人工校对角色口吻与专名。		bfb18361d368668b46b854b9d54109c32b388a44e66adc40df7ebd5aafc32d6b	707ba1c82dcdb9307ae9b809b15746a0585a5bda61f67b7ba74149f40b97fa8f
fin_047	final	最终章 · One Last Kiss	S01		1494	基生	dialogue	"我的那份感情，一定是倾注在了，找到了我、陪伴着我的""ILY""身上。"	fin_046 | 基生 | 如果 ILY 你，在我度过的时光中，从我倾注于爱理的感情里，感受到了温暖，那么……	fin_050 | ILY | 是……是这样吗……？	僕のその気持ちはきっと、僕を見つけて、そばにいてくれた『ILY』に注がれていたんだ。	draft	AI 批量翻译初稿，需人工校对角色口吻与专名。		9a61e442e57351a5f0d9e7213fa3052579e4ed9d86da7e0013baac514b2e3ac0	707ba1c82dcdb9307ae9b809b15746a0585a5bda61f67b7ba74149f40b97fa8f
fin_051	final	最终章 · One Last Kiss	S01		1496	基生	dialogue	嗯……是的哦。	fin_050 | ILY | 是……是这样吗……？	fin_052 | ILY | 呜呜、	うん……そうだよ。	draft	AI 批量翻译初稿，需人工校对角色口吻与专名。		6ea918317f965993e41d271841ba51fa15723cc25676ee46285151e5d94220ff	707ba1c82dcdb9307ae9b809b15746a0585a5bda61f67b7ba74149f40b97fa8f
fin_062	final	最终章 · One Last Kiss	S02		1507	基生	dialogue	ILY！？	fin_061 | ILY | 不是……！	fin_063 | ILY | 不是这样！！	ILY！？	draft	AI 批量翻译初稿，需人工校对角色口吻与专名。		f449282ab896a8e2ec33156de68678d7109889279a3e01ee0eb48309a6df42ed	707ba1c82dcdb9307ae9b809b15746a0585a5bda61f67b7ba74149f40b97fa8f
fin_086	final	最终章 · One Last Kiss	S02		1531	基生	dialogue	ILY……你的身体……！！	fin_085 | 爱理 | 不要！！	fin_087 | ILY | 不是这样，基生，	ILY……君の身体が……！！	draft	AI 批量翻译初稿，需人工校对角色口吻与专名。		250f469624f2dea9d92696611fb748b41773cdcb5c93255c0f66027407f9bce6	707ba1c82dcdb9307ae9b809b15746a0585a5bda61f67b7ba74149f40b97fa8f
fin_098	final	最终章 · One Last Kiss	S04		1543	基生	dialogue	消失……怎么会这样……！	fin_097 | ILY | ……我，已经快要，消失了。	fin_099 | ILY | 嗯……这种事，我能感觉到。	消えるって……そんな……！	draft	AI 批量翻译初稿，需人工校对角色口吻与专名。		550247a5d412fe642c8c9edd2161373916af7915f1b1b648d75260128dec6b40	707ba1c82dcdb9307ae9b809b15746a0585a5bda61f67b7ba74149f40b97fa8f
fin_103	final	最终章 · One Last Kiss	S04		1548	基生	dialogue	怎……怎么会这样啊……！	fin_102 | ILY | 这样的话，‘ILY’的内部一定会发生故障……甚至还可能会使整个‘ILY’都发生崩坏。	fin_104 | 基生 | ILY，你看起来这么痛苦……而且还变成这种样子……！	そ……そんなの……！	draft	AI 批量翻译初稿，需人工校对角色口吻与专名。		d513365f48f240c86fbd62017e4dce4fbafc95b6f41350a333e863f4914a85c2	707ba1c82dcdb9307ae9b809b15746a0585a5bda61f67b7ba74149f40b97fa8f
fin_104	final	最终章 · One Last Kiss	S04		1549	基生	dialogue	ILY，你看起来这么痛苦……而且还变成这种样子……！	fin_103 | 基生 | 怎……怎么会这样啊……！	fin_105 | 基生 | 要是 ILY 你把我吃掉的话……这样是不是就可以从这种痛苦中，脱离出来了！？	ILY、こんなに苦しそうで……しかも、こんな姿になって……！	draft	AI 批量翻译初稿，需人工校对角色口吻与专名。		ef915cb0ec68b7cd8c41d198636374a8dba9c0a058792b9dea842c842c10ea4b	707ba1c82dcdb9307ae9b809b15746a0585a5bda61f67b7ba74149f40b97fa8f
fin_105	final	最终章 · One Last Kiss	S04		1550	基生	dialogue	要是 ILY 你把我吃掉的话……这样是不是就可以从这种痛苦中，脱离出来了！？	fin_104 | 基生 | ILY，你看起来这么痛苦……而且还变成这种样子……！	fin_106 | 基生 | 要是为了 ILY 的话，我怎样都好……！但我不能忍受 ILY 从这个世界上消失……	もしILYが僕を食べれば……それで、この苦しみから解放されるのか！？	draft	AI 批量翻译初稿，需人工校对角色口吻与专名。		06fd55d554a0e4f4ed6b7a2cdff5a76a2886eae770236fe1612aefc121e18c29	707ba1c82dcdb9307ae9b809b15746a0585a5bda61f67b7ba74149f40b97fa8f
fin_106	final	最终章 · One Last Kiss	S04		1551	基生	dialogue	要是为了 ILY 的话，我怎样都好……！但我不能忍受 ILY 从这个世界上消失……	fin_105 | 基生 | 要是 ILY 你把我吃掉的话……这样是不是就可以从这种痛苦中，脱离出来了！？	fin_107 | ILY | 不要这样，基生。	ILYのためなら、僕はどうなってもいい……！ でも、ILYがこの世界から消えるなんて、耐えられない……	draft	AI 批量翻译初稿，需人工校对角色口吻与专名。		c3ea1654e4604ff03a51b575c11c20757e8c023468e676ab37a13dd928efe74a	707ba1c82dcdb9307ae9b809b15746a0585a5bda61f67b7ba74149f40b97fa8f
fin_120	final	最终章 · One Last Kiss	S04		1565	基生	dialogue	ILY……	"fin_119 | ILY | 我直到最后，都想当基生所思念的那个""ILY""。"	fin_121 | ILY | 那个，基生，	ILY……	draft	AI 批量翻译初稿，需人工校对角色口吻与专名。		999a532690f32d3591b02804180139ad332c1adb8c3f4dc7ffbeebbf88c04850	707ba1c82dcdb9307ae9b809b15746a0585a5bda61f67b7ba74149f40b97fa8f
fin_125	final	最终章 · One Last Kiss	S04		1570	基生	dialogue	呜呜、呜呜、	fin_124 | ILY | 直到最后……我消失掉为止，可以静静地，在我身旁听我讲一些话吗？	fin_126 | 基生 | 嗯、	うっ、ううっ……	draft	AI 批量翻译初稿，需人工校对角色口吻与专名。		de37ddf80849fa7adafa8ed2cda83434ea242e17efd5acdd0aca898cbedcf1a6	707ba1c82dcdb9307ae9b809b15746a0585a5bda61f67b7ba74149f40b97fa8f
fin_126	final	最终章 · One Last Kiss	S04		1571	基生	dialogue	嗯、	fin_125 | 基生 | 呜呜、呜呜、	fin_127 | 基生 | 说吧，ILY。	うん、	draft	AI 批量翻译初稿，需人工校对角色口吻与专名。		c2f1511c105f9e7a8102a1ea24036a0e5f9df5b6642215f3dd6090e1667b7af2	707ba1c82dcdb9307ae9b809b15746a0585a5bda61f67b7ba74149f40b97fa8f
fin_127	final	最终章 · One Last Kiss	S04		1572	基生	dialogue	说吧，ILY。	fin_126 | 基生 | 嗯、	fin_128 | ILY | 那个呢，	言って、ILY。	draft	AI 批量翻译初稿，需人工校对角色口吻与专名。		b408facdcd4ff84356a576bd4697f24eb74f0cbdce0ccb3d22353b3a18c35d86	707ba1c82dcdb9307ae9b809b15746a0585a5bda61f67b7ba74149f40b97fa8f
fin_135	final	最终章 · One Last Kiss	S04		1580	基生	dialogue	ILY……ILY……！	fin_134 | ILY | “基生，我会永远永远，喜欢着你哦！”	fin_136 | 基生 | “呜呜……呜……”	ILY……ILY……！	draft	AI 批量翻译初稿，需人工校对角色口吻与专名。		12ece841cb8ee3db019bcefb15f462b811a4b2a0fd838f500d1d51b607ac40b4	707ba1c82dcdb9307ae9b809b15746a0585a5bda61f67b7ba74149f40b97fa8f
fin_136	final	最终章 · One Last Kiss	S04		1581	基生	dialogue	“呜呜……呜……”	fin_135 | 基生 | ILY……ILY……！	fin_137 | 基生 | 我也是……我也永远都……！	『うっ……うう……』	draft	AI 批量翻译初稿，需人工校对角色口吻与专名。		8df5d4330d8230c1fc5400557f419b941c0e054403e6ea2d4bc69adc7ac9fc70	707ba1c82dcdb9307ae9b809b15746a0585a5bda61f67b7ba74149f40b97fa8f
fin_137	final	最终章 · One Last Kiss	S04		1582	基生	dialogue	我也是……我也永远都……！	fin_136 | 基生 | “呜呜……呜……”	fin_138 | 旁白 | 一根手指，轻轻按在了他的嘴上。ILY 微微一笑，化作蓝色的光影，消失在深夜的大海里。	僕も……僕も、ずっと……！	draft	AI 批量翻译初稿，需人工校对角色口吻与专名。		ce21fbfec2eea625aa1894f6d490290f19803de7c7a8139a4b9cd6bddfed103f	707ba1c82dcdb9307ae9b809b15746a0585a5bda61f67b7ba74149f40b97fa8f
fin_139	final	最终章 · One Last Kiss	S04		1584	基生	dialogue	永远都……喜欢着你啊。	fin_138 | 旁白 | 一根手指，轻轻按在了他的嘴上。ILY 微微一笑，化作蓝色的光影，消失在深夜的大海里。	fin_140 | 基生 | ILY……	ずっと……君のことが好きだ。	draft	AI 批量翻译初稿，需人工校对角色口吻与专名。		81a35d5e3f765449e55005fb58b5127d03f2cc8f31d8e88aa42fbe4b65a3f04c	707ba1c82dcdb9307ae9b809b15746a0585a5bda61f67b7ba74149f40b97fa8f
fin_140	final	最终章 · One Last Kiss	S04		1585	基生	dialogue	ILY……	fin_139 | 基生 | 永远都……喜欢着你啊。	fin_s06 | 旁白 | 后日谈 —— 十年之后 · 收信	ILY……	draft	AI 批量翻译初稿，需人工校对角色口吻与专名。		999a532690f32d3591b02804180139ad332c1adb8c3f4dc7ffbeebbf88c04850	707ba1c82dcdb9307ae9b809b15746a0585a5bda61f67b7ba74149f40b97fa8f
fin_158	final	最终章 · One Last Kiss	S07		1593	基生	dialogue	嗯——？嗯——。	fin_157 | 基生的儿子 | “另外你要是不快点起床的话，妈妈又要骂你了哦？”	fin_159 | 基生的儿子 | “你刚才说‘嗯’了吧！”	んー？ んー。	draft	AI 批量翻译初稿，需人工校对角色口吻与专名。		22b7e3ca9c76e1606337cda6717f4f435639d1eb9edba8ea670f885ee4aae95a	707ba1c82dcdb9307ae9b809b15746a0585a5bda61f67b7ba74149f40b97fa8f
